{
"type": "FeatureCollection",
"name": "ccapv_id_unique_4326",
"crs": { "type": "name", "properties": { "name": "urn:ogc:def:crs:OGC:1.3:CRS84" } },
"features": [
{ "type": "Feature", "properties": { "id": 1, "left": 960493.4, "top": 6364600.1, "right": 962993.4, "bottom": 6362100.1, "grid_row": 0, "grid_col": 0, "id_2": null, "name_fr": null, "name_nl": null, "population": null, "centroid_lat": null, "centroid_lon": null }, "geometry": { "type": "Polygon", "coordinates": [ [ [ 6.267750586388155, 44.331911417035499 ], [ 6.299075441191782, 44.330975939815858 ], [ 6.297766458281484, 44.308492015132849 ], [ 6.266454003810139, 44.309427111316126 ], [ 6.267750586388155, 44.331911417035499 ] ] ] } },
{ "type": "Feature", "properties": { "id": 2, "left": 960493.4, "top": 6362100.1, "right": 962993.4, "bottom": 6359600.1, "grid_row": 1, "grid_col": 0, "id_2": null, "name_fr": null, "name_nl": null, "population": null, "centroid_lat": null, "centroid_lon": null }, "geometry": { "type": "Polygon", "coordinates": [ [ [ 6.266454003810139, 44.309427111316126 ], [ 6.297766458281484, 44.308492015132849 ], [ 6.296458513093168, 44.286008318838689 ], [ 6.265158449157391, 44.286943034149445 ], [ 6.266454003810139, 44.309427111316126 ] ] ] } },
{ "type": "Feature", "properties": { "id": 3, "left": 960493.4, "top": 6359600.1, "right": 962993.4, "bottom": 6357100.1, "grid_row": 2, "grid_col": 0, "id_2": null, "name_fr": null, "name_nl": null, "population": null, "centroid_lat": null, "centroid_lon": null }, "geometry": { "type": "Polygon", "coordinates": [ [ [ 6.265158449157391, 44.286943034149445 ], [ 6.296458513093168, 44.286008318838689 ], [ 6.295151604394032, 44.263524854270358 ], [ 6.26386392120869, 44.264459188872308 ], [ 6.265158449157391, 44.286943034149445 ] ] ] } },
{ "type": "Feature", "properties": { "id": 17, "left": 960493.4, "top": 6324600.1, "right": 962993.4, "bottom": 6322100.1, "grid_row": 16, "grid_col": 0, "id_2": 17, "name_fr": "Senez02", "name_nl": "Senez02", "population": 0.0, "centroid_lat": 43.960487825000001, "centroid_lon": 6.262048584 }, "geometry": { "type": "Polygon", "coordinates": [ [ [ 6.247127935788924, 43.972191817918691 ], [ 6.278255554427518, 43.971262417695392 ], [ 6.276963028217743, 43.948782546882619 ], [ 6.245847654544002, 43.949711568674857 ], [ 6.247127935788924, 43.972191817918691 ] ] ] } },
{ "type": "Feature", "properties": { "id": 5, "left": 960493.4, "top": 6354600.1, "right": 962993.4, "bottom": 6352100.1, "grid_row": 4, "grid_col": 0, "id_2": null, "name_fr": null, "name_nl": null, "population": null, "centroid_lat": null, "centroid_lon": null }, "geometry": { "type": "Polygon", "coordinates": [ [ [ 6.262570418744748, 44.241975578820146 ], [ 6.293845730953218, 44.241041624763447 ], [ 6.29254089154182, 44.21855863365208 ], [ 6.261277940548204, 44.219492207326994 ], [ 6.262570418744748, 44.241975578820146 ] ] ] } },
{ "type": "Feature", "properties": { "id": 18, "left": 960493.4, "top": 6322100.1, "right": 962993.4, "bottom": 6319600.1, "grid_row": 17, "grid_col": 0, "id_2": 18, "name_fr": "Senez03", "name_nl": "Senez03", "population": 3.0, "centroid_lat": 43.938007905, "centroid_lon": 6.260762687 }, "geometry": { "type": "Polygon", "coordinates": [ [ [ 6.245847654544002, 43.949711568674857 ], [ 6.276963028217743, 43.948782546882619 ], [ 6.275671520237016, 43.926302957681216 ], [ 6.2445683819146, 43.927231601204063 ], [ 6.245847654544002, 43.949711568674857 ] ] ] } },
{ "type": "Feature", "properties": { "id": 7, "left": 960493.4, "top": 6349600.1, "right": 962993.4, "bottom": 6347100.1, "grid_row": 6, "grid_col": 0, "id_2": null, "name_fr": null, "name_nl": null, "population": null, "centroid_lat": null, "centroid_lon": null }, "geometry": { "type": "Polygon", "coordinates": [ [ [ 6.259986485403622, 44.197009077725468 ], [ 6.291237084932871, 44.19607588426905 ], [ 6.289934309901346, 44.173593379945686 ], [ 6.25869605209749, 44.174526193346765 ], [ 6.259986485403622, 44.197009077725468 ] ] ] } },
{ "type": "Feature", "properties": { "id": 8, "left": 960493.4, "top": 6347100.1, "right": 962993.4, "bottom": 6344600.1, "grid_row": 7, "grid_col": 0, "id_2": null, "name_fr": null, "name_nl": null, "population": null, "centroid_lat": null, "centroid_lon": null }, "geometry": { "type": "Polygon", "coordinates": [ [ [ 6.25869605209749, 44.174526193346765 ], [ 6.289934309901346, 44.173593379945686 ], [ 6.288632565224156, 44.151111124011948 ], [ 6.257406639418213, 44.15204355752072 ], [ 6.25869605209749, 44.174526193346765 ] ] ] } },
{ "type": "Feature", "properties": { "id": 9, "left": 960493.4, "top": 6344600.1, "right": 962993.4, "bottom": 6342100.1, "grid_row": 8, "grid_col": 0, "id_2": null, "name_fr": null, "name_nl": null, "population": null, "centroid_lat": null, "centroid_lon": null }, "geometry": { "type": "Polygon", "coordinates": [ [ [ 6.257406639418213, 44.15204355752072 ], [ 6.288632565224156, 44.151111124011948 ], [ 6.28733184968014, 44.128629119796337 ], [ 6.256118246156107, 44.129561173575709 ], [ 6.257406639418213, 44.15204355752072 ] ] ] } },
{ "type": "Feature", "properties": { "id": 19, "left": 960493.4, "top": 6319600.1, "right": 962993.4, "bottom": 6317100.1, "grid_row": 18, "grid_col": 0, "id_2": 19, "name_fr": "Senez04", "name_nl": "Senez04", "population": 0.0, "centroid_lat": 43.915528269, "centroid_lon": 6.259477803 }, "geometry": { "type": "Polygon", "coordinates": [ [ [ 6.2445683819146, 43.927231601204063 ], [ 6.275671520237016, 43.926302957681216 ], [ 6.274381029283286, 43.903823653405539 ], [ 6.243290116709964, 43.904751918820565 ], [ 6.2445683819146, 43.927231601204063 ] ] ] } },
{ "type": "Feature", "properties": { "id": 11, "left": 960493.4, "top": 6339600.1, "right": 962993.4, "bottom": 6337100.1, "grid_row": 10, "grid_col": 0, "id_2": null, "name_fr": null, "name_nl": null, "population": null, "centroid_lat": null, "centroid_lon": null }, "geometry": { "type": "Polygon", "coordinates": [ [ [ 6.254830871103398, 44.10707904483872 ], [ 6.286032162050071, 44.106147370626005 ], [ 6.284733501116638, 44.083665879826647 ], [ 6.253544513054222, 44.084597174635363 ], [ 6.254830871103398, 44.10707904483872 ] ] ] } },
{ "type": "Feature", "properties": { "id": 46, "left": 962993.4, "top": 6319600.1, "right": 965493.4, "bottom": 6317100.1, "grid_row": 18, "grid_col": 1, "id_2": 19, "name_fr": "Senez04", "name_nl": "Senez04", "population": 0.0, "centroid_lat": 43.915528269, "centroid_lon": 6.259477803 }, "geometry": { "type": "Polygon", "coordinates": [ [ [ 6.275671520237016, 43.926302957681216 ], [ 6.306773641532749, 43.925365460216483 ], [ 6.305470926030084, 43.902886537647063 ], [ 6.274381029283286, 43.903823653405539 ], [ 6.275671520237016, 43.926302957681216 ] ] ] } },
{ "type": "Feature", "properties": { "id": 13, "left": 960493.4, "top": 6334600.1, "right": 962993.4, "bottom": 6332100.1, "grid_row": 12, "grid_col": 0, "id_2": null, "name_fr": null, "name_nl": null, "population": null, "centroid_lat": null, "centroid_lon": null }, "geometry": { "type": "Polygon", "coordinates": [ [ [ 6.252259170804612, 44.062115566289741 ], [ 6.283435865664456, 44.061184650722559 ], [ 6.282139254480057, 44.038703686636616 ], [ 6.250974843152503, 44.039634223124622 ], [ 6.252259170804612, 44.062115566289741 ] ] ] } },
{ "type": "Feature", "properties": { "id": 14, "left": 960493.4, "top": 6332100.1, "right": 962993.4, "bottom": 6329600.1, "grid_row": 13, "grid_col": 0, "id_2": 14, "name_fr": "Chaudon-Norante01", "name_nl": "Chaudon-Norante01", "population": 0.0, "centroid_lat": 44.02792925, "centroid_lon": 6.265912364 }, "geometry": { "type": "Polygon", "coordinates": [ [ [ 6.250974843152503, 44.039634223124622 ], [ 6.282139254480057, 44.038703686636616 ], [ 6.280843666351883, 44.016222990890306 ], [ 6.249691528897724, 44.017153148461375 ], [ 6.250974843152503, 44.039634223124622 ] ] ] } },
{ "type": "Feature", "properties": { "id": 15, "left": 960493.4, "top": 6329600.1, "right": 962993.4, "bottom": 6327100.1, "grid_row": 14, "grid_col": 0, "id_2": 14, "name_fr": "Chaudon-Norante01", "name_nl": "Chaudon-Norante01", "population": 0.0, "centroid_lat": 44.02792925, "centroid_lon": 6.265912364 }, "geometry": { "type": "Polygon", "coordinates": [ [ [ 6.249691528897724, 44.017153148461375 ], [ 6.280843666351883, 44.016222990890306 ], [ 6.279549100070283, 43.993742566803682 ], [ 6.248409226841996, 43.994672345619882 ], [ 6.249691528897724, 44.017153148461375 ] ] ] } },
{ "type": "Feature", "properties": { "id": 16, "left": 960493.4, "top": 6327100.1, "right": 962993.4, "bottom": 6324600.1, "grid_row": 15, "grid_col": 0, "id_2": 16, "name_fr": "Senez01", "name_nl": "Senez01", "population": 0.0, "centroid_lat": 43.982968024000002, "centroid_lon": 6.263335495 }, "geometry": { "type": "Polygon", "coordinates": [ [ [ 6.248409226841996, 43.994672345619882 ], [ 6.279549100070283, 43.993742566803682 ], [ 6.278255554427518, 43.971262417695392 ], [ 6.247127935788924, 43.972191817918691 ], [ 6.248409226841996, 43.994672345619882 ] ] ] } },
{ "type": "Feature", "properties": { "id": 17, "left": 960493.4, "top": 6324600.1, "right": 962993.4, "bottom": 6322100.1, "grid_row": 16, "grid_col": 0, "id_2": 16, "name_fr": "Senez01", "name_nl": "Senez01", "population": 0.0, "centroid_lat": 43.982968024000002, "centroid_lon": 6.263335495 }, "geometry": { "type": "Polygon", "coordinates": [ [ [ 6.247127935788924, 43.972191817918691 ], [ 6.278255554427518, 43.971262417695392 ], [ 6.276963028217743, 43.948782546882619 ], [ 6.245847654544002, 43.949711568674857 ], [ 6.247127935788924, 43.972191817918691 ] ] ] } },
{ "type": "Feature", "properties": { "id": 18, "left": 960493.4, "top": 6322100.1, "right": 962993.4, "bottom": 6319600.1, "grid_row": 17, "grid_col": 0, "id_2": 17, "name_fr": "Senez02", "name_nl": "Senez02", "population": 0.0, "centroid_lat": 43.960487825000001, "centroid_lon": 6.262048584 }, "geometry": { "type": "Polygon", "coordinates": [ [ [ 6.245847654544002, 43.949711568674857 ], [ 6.276963028217743, 43.948782546882619 ], [ 6.275671520237016, 43.926302957681216 ], [ 6.2445683819146, 43.927231601204063 ], [ 6.245847654544002, 43.949711568674857 ] ] ] } },
{ "type": "Feature", "properties": { "id": 19, "left": 960493.4, "top": 6319600.1, "right": 962993.4, "bottom": 6317100.1, "grid_row": 18, "grid_col": 0, "id_2": 18, "name_fr": "Senez03", "name_nl": "Senez03", "population": 3.0, "centroid_lat": 43.938007905, "centroid_lon": 6.260762687 }, "geometry": { "type": "Polygon", "coordinates": [ [ [ 6.2445683819146, 43.927231601204063 ], [ 6.275671520237016, 43.926302957681216 ], [ 6.274381029283286, 43.903823653405539 ], [ 6.243290116709964, 43.904751918820565 ], [ 6.2445683819146, 43.927231601204063 ] ] ] } },
{ "type": "Feature", "properties": { "id": 20, "left": 960493.4, "top": 6317100.1, "right": 962993.4, "bottom": 6314600.1, "grid_row": 19, "grid_col": 0, "id_2": 19, "name_fr": "Senez04", "name_nl": "Senez04", "population": 0.0, "centroid_lat": 43.915528269, "centroid_lon": 6.259477803 }, "geometry": { "type": "Polygon", "coordinates": [ [ [ 6.243290116709964, 43.904751918820565 ], [ 6.274381029283286, 43.903823653405539 ], [ 6.273091554156394, 43.881344637368571 ], [ 6.242012857741217, 43.882272524837177 ], [ 6.243290116709964, 43.904751918820565 ] ] ] } },
{ "type": "Feature", "properties": { "id": 24, "left": 960493.4, "top": 6307100.1, "right": 962993.4, "bottom": 6304600.1, "grid_row": 23, "grid_col": 0, "id_2": 25, "name_fr": "La Palud-sur-Verdon02", "name_nl": "La Palud-sur-Verdon02", "population": 0.0, "centroid_lat": 43.780656588, "centroid_lon": 6.2517897 }, "geometry": { "type": "Polygon", "coordinates": [ [ [ 6.238187106389505, 43.814836106394921 ], [ 6.269229211763419, 43.813909351798301 ], [ 6.267943787979953, 43.791431521817429 ], [ 6.236913860512827, 43.792357899112027 ], [ 6.238187106389505, 43.814836106394921 ] ] ] } },
{ "type": "Feature", "properties": { "id": 14, "left": 960493.4, "top": 6332100.1, "right": 962993.4, "bottom": 6329600.1, "grid_row": 13, "grid_col": 0, "id_2": 41, "name_fr": "Chaudon-Norante03", "name_nl": "Chaudon-Norante03", "population": 0.0, "centroid_lat": 44.026994467999998, "centroid_lon": 6.297070128 }, "geometry": { "type": "Polygon", "coordinates": [ [ [ 6.250974843152503, 44.039634223124622 ], [ 6.282139254480057, 44.038703686636616 ], [ 6.280843666351883, 44.016222990890306 ], [ 6.249691528897724, 44.017153148461375 ], [ 6.250974843152503, 44.039634223124622 ] ] ] } },
{ "type": "Feature", "properties": { "id": 41, "left": 962993.4, "top": 6332100.1, "right": 965493.4, "bottom": 6329600.1, "grid_row": 13, "grid_col": 1, "id_2": 41, "name_fr": "Chaudon-Norante03", "name_nl": "Chaudon-Norante03", "population": 0.0, "centroid_lat": 44.026994467999998, "centroid_lon": 6.297070128 }, "geometry": { "type": "Polygon", "coordinates": [ [ [ 6.282139254480057, 44.038703686636616 ], [ 6.313302642751705, 44.03776427819168 ], [ 6.311994781959781, 44.015283964968383 ], [ 6.280843666351883, 44.016222990890306 ], [ 6.282139254480057, 44.038703686636616 ] ] ] } },
{ "type": "Feature", "properties": { "id": 24, "left": 960493.4, "top": 6307100.1, "right": 962993.4, "bottom": 6304600.1, "grid_row": 23, "grid_col": 0, "id_2": 24, "name_fr": "La Palud-sur-Verdon01", "name_nl": "La Palud-sur-Verdon01", "population": 0.0, "centroid_lat": 43.803134455, "centroid_lon": 6.253068532 }, "geometry": { "type": "Polygon", "coordinates": [ [ [ 6.238187106389505, 43.814836106394921 ], [ 6.269229211763419, 43.813909351798301 ], [ 6.267943787979953, 43.791431521817429 ], [ 6.236913860512827, 43.792357899112027 ], [ 6.238187106389505, 43.814836106394921 ] ] ] } },
{ "type": "Feature", "properties": { "id": 25, "left": 960493.4, "top": 6304600.1, "right": 962993.4, "bottom": 6302100.1, "grid_row": 24, "grid_col": 0, "id_2": 25, "name_fr": "La Palud-sur-Verdon02", "name_nl": "La Palud-sur-Verdon02", "population": 0.0, "centroid_lat": 43.780656588, "centroid_lon": 6.2517897 }, "geometry": { "type": "Polygon", "coordinates": [ [ [ 6.236913860512827, 43.792357899112027 ], [ 6.267943787979953, 43.791431521817429 ], [ 6.26665937405075, 43.768953996618805 ], [ 6.235641614955596, 43.769879996772111 ], [ 6.236913860512827, 43.792357899112027 ] ] ] } },
{ "type": "Feature", "properties": { "id": 26, "left": 960493.4, "top": 6302100.1, "right": 962993.4, "bottom": 6299600.1, "grid_row": 25, "grid_col": 0, "id_2": 25, "name_fr": "La Palud-sur-Verdon02", "name_nl": "La Palud-sur-Verdon02", "population": 0.0, "centroid_lat": 43.780656588, "centroid_lon": 6.2517897 }, "geometry": { "type": "Polygon", "coordinates": [ [ [ 6.235641614955596, 43.769879996772111 ], [ 6.26665937405075, 43.768953996618805 ], [ 6.265375968786913, 43.746476779506821 ], [ 6.234370368540089, 43.747402402679512 ], [ 6.235641614955596, 43.769879996772111 ] ] ] } },
{ "type": "Feature", "properties": { "id": 14, "left": 960493.4, "top": 6332100.1, "right": 962993.4, "bottom": 6329600.1, "grid_row": 13, "grid_col": 0, "id_2": 42, "name_fr": "Chaudon-Norante04", "name_nl": "Chaudon-Norante04", "population": 3.0, "centroid_lat": 44.004514098999998, "centroid_lon": 6.295768916 }, "geometry": { "type": "Polygon", "coordinates": [ [ [ 6.250974843152503, 44.039634223124622 ], [ 6.282139254480057, 44.038703686636616 ], [ 6.280843666351883, 44.016222990890306 ], [ 6.249691528897724, 44.017153148461375 ], [ 6.250974843152503, 44.039634223124622 ] ] ] } },
{ "type": "Feature", "properties": { "id": 15, "left": 960493.4, "top": 6329600.1, "right": 962993.4, "bottom": 6327100.1, "grid_row": 14, "grid_col": 0, "id_2": 42, "name_fr": "Chaudon-Norante04", "name_nl": "Chaudon-Norante04", "population": 3.0, "centroid_lat": 44.004514098999998, "centroid_lon": 6.295768916 }, "geometry": { "type": "Polygon", "coordinates": [ [ [ 6.249691528897724, 44.017153148461375 ], [ 6.280843666351883, 44.016222990890306 ], [ 6.279549100070283, 43.993742566803682 ], [ 6.248409226841996, 43.994672345619882 ], [ 6.249691528897724, 44.017153148461375 ] ] ] } },
{ "type": "Feature", "properties": { "id": 41, "left": 962993.4, "top": 6332100.1, "right": 965493.4, "bottom": 6329600.1, "grid_row": 13, "grid_col": 1, "id_2": 42, "name_fr": "Chaudon-Norante04", "name_nl": "Chaudon-Norante04", "population": 3.0, "centroid_lat": 44.004514098999998, "centroid_lon": 6.295768916 }, "geometry": { "type": "Polygon", "coordinates": [ [ [ 6.282139254480057, 44.038703686636616 ], [ 6.313302642751705, 44.03776427819168 ], [ 6.311994781959781, 44.015283964968383 ], [ 6.280843666351883, 44.016222990890306 ], [ 6.282139254480057, 44.038703686636616 ] ] ] } },
{ "type": "Feature", "properties": { "id": 30, "left": 962993.4, "top": 6359600.1, "right": 965493.4, "bottom": 6357100.1, "grid_row": 2, "grid_col": 1, "id_2": null, "name_fr": null, "name_nl": null, "population": null, "centroid_lat": null, "centroid_lon": null }, "geometry": { "type": "Polygon", "coordinates": [ [ [ 6.296458513093168, 44.286008318838689 ], [ 6.327757540540092, 44.285064691802752 ], [ 6.326438252321375, 44.262581611566247 ], [ 6.295151604394032, 44.263524854270358 ], [ 6.296458513093168, 44.286008318838689 ] ] ] } },
{ "type": "Feature", "properties": { "id": 31, "left": 962993.4, "top": 6357100.1, "right": 965493.4, "bottom": 6354600.1, "grid_row": 3, "grid_col": 1, "id_2": null, "name_fr": null, "name_nl": null, "population": null, "centroid_lat": null, "centroid_lon": null }, "geometry": { "type": "Polygon", "coordinates": [ [ [ 6.295151604394032, 44.263524854270358 ], [ 6.326438252321375, 44.262581611566247 ], [ 6.325120009132599, 44.240098766226019 ], [ 6.293845730953218, 44.241041624763447 ], [ 6.295151604394032, 44.263524854270358 ] ] ] } },
{ "type": "Feature", "properties": { "id": 44, "left": 962993.4, "top": 6324600.1, "right": 965493.4, "bottom": 6322100.1, "grid_row": 16, "grid_col": 1, "id_2": 44, "name_fr": "Senez05", "name_nl": "Senez05", "population": 1.0, "centroid_lat": 43.959554183999998, "centroid_lon": 6.293169571 }, "geometry": { "type": "Polygon", "coordinates": [ [ [ 6.278255554427518, 43.971262417695392 ], [ 6.309382153633436, 43.970324156328751 ], [ 6.308077383662752, 43.947844667548551 ], [ 6.276963028217743, 43.948782546882619 ], [ 6.278255554427518, 43.971262417695392 ] ] ] } },
{ "type": "Feature", "properties": { "id": 45, "left": 962993.4, "top": 6322100.1, "right": 965493.4, "bottom": 6319600.1, "grid_row": 17, "grid_col": 1, "id_2": 44, "name_fr": "Senez05", "name_nl": "Senez05", "population": 1.0, "centroid_lat": 43.959554183999998, "centroid_lon": 6.293169571 }, "geometry": { "type": "Polygon", "coordinates": [ [ [ 6.276963028217743, 43.948782546882619 ], [ 6.308077383662752, 43.947844667548551 ], [ 6.306773641532749, 43.925365460216483 ], [ 6.275671520237016, 43.926302957681216 ], [ 6.276963028217743, 43.948782546882619 ] ] ] } },
{ "type": "Feature", "properties": { "id": 71, "left": 965493.4, "top": 6324600.1, "right": 967993.4, "bottom": 6322100.1, "grid_row": 16, "grid_col": 2, "id_2": 44, "name_fr": "Senez05", "name_nl": "Senez05", "population": 1.0, "centroid_lat": 43.959554183999998, "centroid_lon": 6.293169571 }, "geometry": { "type": "Polygon", "coordinates": [ [ [ 6.309382153633436, 43.970324156328751 ], [ 6.340507723783738, 43.969377034270948 ], [ 6.339190711267401, 43.946897931124404 ], [ 6.308077383662752, 43.947844667548551 ], [ 6.309382153633436, 43.970324156328751 ] ] ] } },
{ "type": "Feature", "properties": { "id": 45, "left": 962993.4, "top": 6322100.1, "right": 965493.4, "bottom": 6319600.1, "grid_row": 17, "grid_col": 1, "id_2": 45, "name_fr": "Senez06", "name_nl": "Senez06", "population": 5.0, "centroid_lat": 43.937074645000003, "centroid_lon": 6.291871434 }, "geometry": { "type": "Polygon", "coordinates": [ [ [ 6.276963028217743, 43.948782546882619 ], [ 6.308077383662752, 43.947844667548551 ], [ 6.306773641532749, 43.925365460216483 ], [ 6.275671520237016, 43.926302957681216 ], [ 6.276963028217743, 43.948782546882619 ] ] ] } },
{ "type": "Feature", "properties": { "id": 46, "left": 962993.4, "top": 6319600.1, "right": 965493.4, "bottom": 6317100.1, "grid_row": 18, "grid_col": 1, "id_2": 45, "name_fr": "Senez06", "name_nl": "Senez06", "population": 5.0, "centroid_lat": 43.937074645000003, "centroid_lon": 6.291871434 }, "geometry": { "type": "Polygon", "coordinates": [ [ [ 6.275671520237016, 43.926302957681216 ], [ 6.306773641532749, 43.925365460216483 ], [ 6.305470926030084, 43.902886537647063 ], [ 6.274381029283286, 43.903823653405539 ], [ 6.275671520237016, 43.926302957681216 ] ] ] } },
{ "type": "Feature", "properties": { "id": 46, "left": 962993.4, "top": 6319600.1, "right": 965493.4, "bottom": 6317100.1, "grid_row": 18, "grid_col": 1, "id_2": 46, "name_fr": "Senez07", "name_nl": "Senez07", "population": 0.0, "centroid_lat": 43.914595389, "centroid_lon": 6.29057432 }, "geometry": { "type": "Polygon", "coordinates": [ [ [ 6.275671520237016, 43.926302957681216 ], [ 6.306773641532749, 43.925365460216483 ], [ 6.305470926030084, 43.902886537647063 ], [ 6.274381029283286, 43.903823653405539 ], [ 6.275671520237016, 43.926302957681216 ] ] ] } },
{ "type": "Feature", "properties": { "id": 47, "left": 962993.4, "top": 6317100.1, "right": 965493.4, "bottom": 6314600.1, "grid_row": 19, "grid_col": 1, "id_2": 46, "name_fr": "Senez07", "name_nl": "Senez07", "population": 0.0, "centroid_lat": 43.914595389, "centroid_lon": 6.29057432 }, "geometry": { "type": "Polygon", "coordinates": [ [ [ 6.274381029283286, 43.903823653405539 ], [ 6.305470926030084, 43.902886537647063 ], [ 6.30416923594332, 43.880407903153397 ], [ 6.273091554156394, 43.881344637368571 ], [ 6.274381029283286, 43.903823653405539 ] ] ] } },
{ "type": "Feature", "properties": { "id": 39, "left": 962993.4, "top": 6337100.1, "right": 965493.4, "bottom": 6334600.1, "grid_row": 11, "grid_col": 1, "id_2": 40, "name_fr": "Chaudon-Norante02", "name_nl": "Chaudon-Norante02", "population": 0.0, "centroid_lat": 44.049475107, "centroid_lon": 6.298372366 }, "geometry": { "type": "Polygon", "coordinates": [ [ [ 6.284733501116638, 44.083665879826647 ], [ 6.315921463698121, 44.082725705844268 ], [ 6.314611536256838, 44.060244859590838 ], [ 6.283435865664456, 44.061184650722559 ], [ 6.284733501116638, 44.083665879826647 ] ] ] } },
{ "type": "Feature", "properties": { "id": 40, "left": 962993.4, "top": 6334600.1, "right": 965493.4, "bottom": 6332100.1, "grid_row": 12, "grid_col": 1, "id_2": 40, "name_fr": "Chaudon-Norante02", "name_nl": "Chaudon-Norante02", "population": 0.0, "centroid_lat": 44.049475107, "centroid_lon": 6.298372366 }, "geometry": { "type": "Polygon", "coordinates": [ [ [ 6.283435865664456, 44.061184650722559 ], [ 6.314611536256838, 44.060244859590838 ], [ 6.313302642751705, 44.03776427819168 ], [ 6.282139254480057, 44.038703686636616 ], [ 6.283435865664456, 44.061184650722559 ] ] ] } },
{ "type": "Feature", "properties": { "id": 41, "left": 962993.4, "top": 6332100.1, "right": 965493.4, "bottom": 6329600.1, "grid_row": 13, "grid_col": 1, "id_2": 40, "name_fr": "Chaudon-Norante02", "name_nl": "Chaudon-Norante02", "population": 0.0, "centroid_lat": 44.049475107, "centroid_lon": 6.298372366 }, "geometry": { "type": "Polygon", "coordinates": [ [ [ 6.282139254480057, 44.038703686636616 ], [ 6.313302642751705, 44.03776427819168 ], [ 6.311994781959781, 44.015283964968383 ], [ 6.280843666351883, 44.016222990890306 ], [ 6.282139254480057, 44.038703686636616 ] ] ] } },
{ "type": "Feature", "properties": { "id": 42, "left": 962993.4, "top": 6329600.1, "right": 965493.4, "bottom": 6327100.1, "grid_row": 14, "grid_col": 1, "id_2": 42, "name_fr": "Chaudon-Norante04", "name_nl": "Chaudon-Norante04", "population": 3.0, "centroid_lat": 44.004514098999998, "centroid_lon": 6.295768916 }, "geometry": { "type": "Polygon", "coordinates": [ [ [ 6.280843666351883, 44.016222990890306 ], [ 6.311994781959781, 44.015283964968383 ], [ 6.310687952660055, 43.992803923241155 ], [ 6.279549100070283, 43.993742566803682 ], [ 6.280843666351883, 44.016222990890306 ] ] ] } },
{ "type": "Feature", "properties": { "id": 43, "left": 962993.4, "top": 6327100.1, "right": 965493.4, "bottom": 6324600.1, "grid_row": 15, "grid_col": 1, "id_2": 43, "name_fr": "Chaudon-Norante05", "name_nl": "Chaudon-Norante05", "population": 20.0, "centroid_lat": 43.982034003000003, "centroid_lon": 6.294468731 }, "geometry": { "type": "Polygon", "coordinates": [ [ [ 6.279549100070283, 43.993742566803682 ], [ 6.310687952660055, 43.992803923241155 ], [ 6.309382153633436, 43.970324156328751 ], [ 6.278255554427518, 43.971262417695392 ], [ 6.279549100070283, 43.993742566803682 ] ] ] } },
{ "type": "Feature", "properties": { "id": 44, "left": 962993.4, "top": 6324600.1, "right": 965493.4, "bottom": 6322100.1, "grid_row": 16, "grid_col": 1, "id_2": 43, "name_fr": "Chaudon-Norante05", "name_nl": "Chaudon-Norante05", "population": 20.0, "centroid_lat": 43.982034003000003, "centroid_lon": 6.294468731 }, "geometry": { "type": "Polygon", "coordinates": [ [ [ 6.278255554427518, 43.971262417695392 ], [ 6.309382153633436, 43.970324156328751 ], [ 6.308077383662752, 43.947844667548551 ], [ 6.276963028217743, 43.948782546882619 ], [ 6.278255554427518, 43.971262417695392 ] ] ] } },
{ "type": "Feature", "properties": { "id": 45, "left": 962993.4, "top": 6322100.1, "right": 965493.4, "bottom": 6319600.1, "grid_row": 17, "grid_col": 1, "id_2": 18, "name_fr": "Senez03", "name_nl": "Senez03", "population": 3.0, "centroid_lat": 43.938007905, "centroid_lon": 6.260762687 }, "geometry": { "type": "Polygon", "coordinates": [ [ [ 6.276963028217743, 43.948782546882619 ], [ 6.308077383662752, 43.947844667548551 ], [ 6.306773641532749, 43.925365460216483 ], [ 6.275671520237016, 43.926302957681216 ], [ 6.276963028217743, 43.948782546882619 ] ] ] } },
{ "type": "Feature", "properties": { "id": 46, "left": 962993.4, "top": 6319600.1, "right": 965493.4, "bottom": 6317100.1, "grid_row": 18, "grid_col": 1, "id_2": 18, "name_fr": "Senez03", "name_nl": "Senez03", "population": 3.0, "centroid_lat": 43.938007905, "centroid_lon": 6.260762687 }, "geometry": { "type": "Polygon", "coordinates": [ [ [ 6.275671520237016, 43.926302957681216 ], [ 6.306773641532749, 43.925365460216483 ], [ 6.305470926030084, 43.902886537647063 ], [ 6.274381029283286, 43.903823653405539 ], [ 6.275671520237016, 43.926302957681216 ] ] ] } },
{ "type": "Feature", "properties": { "id": 47, "left": 962993.4, "top": 6317100.1, "right": 965493.4, "bottom": 6314600.1, "grid_row": 19, "grid_col": 1, "id_2": 19, "name_fr": "Senez04", "name_nl": "Senez04", "population": 0.0, "centroid_lat": 43.915528269, "centroid_lon": 6.259477803 }, "geometry": { "type": "Polygon", "coordinates": [ [ [ 6.274381029283286, 43.903823653405539 ], [ 6.305470926030084, 43.902886537647063 ], [ 6.30416923594332, 43.880407903153397 ], [ 6.273091554156394, 43.881344637368571 ], [ 6.274381029283286, 43.903823653405539 ] ] ] } },
{ "type": "Feature", "properties": { "id": 48, "left": 962993.4, "top": 6314600.1, "right": 965493.4, "bottom": 6312100.1, "grid_row": 20, "grid_col": 1, "id_2": 48, "name_fr": "La Palud-sur-Verdon03", "name_nl": "La Palud-sur-Verdon03", "population": 0.0, "centroid_lat": 43.869637738999998, "centroid_lon": 6.287983154 }, "geometry": { "type": "Polygon", "coordinates": [ [ [ 6.273091554156394, 43.881344637368571 ], [ 6.30416923594332, 43.880407903153397 ], [ 6.302868570062926, 43.857929560047182 ], [ 6.271803093658066, 43.858865912881853 ], [ 6.273091554156394, 43.881344637368571 ] ] ] } },
{ "type": "Feature", "properties": { "id": 49, "left": 962993.4, "top": 6312100.1, "right": 965493.4, "bottom": 6309600.1, "grid_row": 21, "grid_col": 1, "id_2": 48, "name_fr": "La Palud-sur-Verdon03", "name_nl": "La Palud-sur-Verdon03", "population": 0.0, "centroid_lat": 43.869637738999998, "centroid_lon": 6.287983154 }, "geometry": { "type": "Polygon", "coordinates": [ [ [ 6.271803093658066, 43.858865912881853 ], [ 6.302868570062926, 43.857929560047182 ], [ 6.30156892718127, 43.835451511638659 ], [ 6.27051564659191, 43.836387483255542 ], [ 6.271803093658066, 43.858865912881853 ] ] ] } },
{ "type": "Feature", "properties": { "id": 49, "left": 962993.4, "top": 6312100.1, "right": 965493.4, "bottom": 6309600.1, "grid_row": 21, "grid_col": 1, "id_2": 49, "name_fr": "La Palud-sur-Verdon04", "name_nl": "La Palud-sur-Verdon04", "population": 0.0, "centroid_lat": 43.847159353000002, "centroid_lon": 6.2866891 }, "geometry": { "type": "Polygon", "coordinates": [ [ [ 6.271803093658066, 43.858865912881853 ], [ 6.302868570062926, 43.857929560047182 ], [ 6.30156892718127, 43.835451511638659 ], [ 6.27051564659191, 43.836387483255542 ], [ 6.271803093658066, 43.858865912881853 ] ] ] } },
{ "type": "Feature", "properties": { "id": 51, "left": 962993.4, "top": 6307100.1, "right": 965493.4, "bottom": 6304600.1, "grid_row": 23, "grid_col": 1, "id_2": 24, "name_fr": "La Palud-sur-Verdon01", "name_nl": "La Palud-sur-Verdon01", "population": 0.0, "centroid_lat": 43.803134455, "centroid_lon": 6.253068532 }, "geometry": { "type": "Polygon", "coordinates": [ [ [ 6.269229211763419, 43.813909351798301 ], [ 6.300270306092618, 43.812973761236663 ], [ 6.298972705593128, 43.79049631214864 ], [ 6.267943787979953, 43.791431521817429 ], [ 6.269229211763419, 43.813909351798301 ] ] ] } },
{ "type": "Feature", "properties": { "id": 50, "left": 962993.4, "top": 6309600.1, "right": 965493.4, "bottom": 6307100.1, "grid_row": 22, "grid_col": 1, "id_2": 49, "name_fr": "La Palud-sur-Verdon04", "name_nl": "La Palud-sur-Verdon04", "population": 0.0, "centroid_lat": 43.847159353000002, "centroid_lon": 6.2866891 }, "geometry": { "type": "Polygon", "coordinates": [ [ [ 6.27051564659191, 43.836387483255542 ], [ 6.30156892718127, 43.835451511638659 ], [ 6.300270306092618, 43.812973761236663 ], [ 6.269229211763419, 43.813909351798301 ], [ 6.27051564659191, 43.836387483255542 ] ] ] } },
{ "type": "Feature", "properties": { "id": 76, "left": 965493.4, "top": 6312100.1, "right": 967993.4, "bottom": 6309600.1, "grid_row": 21, "grid_col": 2, "id_2": 49, "name_fr": "La Palud-sur-Verdon04", "name_nl": "La Palud-sur-Verdon04", "population": 0.0, "centroid_lat": 43.847159353000002, "centroid_lon": 6.2866891 }, "geometry": { "type": "Polygon", "coordinates": [ [ [ 6.302868570062926, 43.857929560047182 ], [ 6.333933023469364, 43.856984364511568 ], [ 6.332621185977941, 43.834506700914325 ], [ 6.30156892718127, 43.835451511638659 ], [ 6.302868570062926, 43.857929560047182 ] ] ] } },
{ "type": "Feature", "properties": { "id": 50, "left": 962993.4, "top": 6309600.1, "right": 965493.4, "bottom": 6307100.1, "grid_row": 22, "grid_col": 1, "id_2": 50, "name_fr": "La Palud-sur-Verdon05", "name_nl": "La Palud-sur-Verdon05", "population": 0.0, "centroid_lat": 43.824681262, "centroid_lon": 6.285396064 }, "geometry": { "type": "Polygon", "coordinates": [ [ [ 6.27051564659191, 43.836387483255542 ], [ 6.30156892718127, 43.835451511638659 ], [ 6.300270306092618, 43.812973761236663 ], [ 6.269229211763419, 43.813909351798301 ], [ 6.27051564659191, 43.836387483255542 ] ] ] } },
{ "type": "Feature", "properties": { "id": 51, "left": 962993.4, "top": 6307100.1, "right": 965493.4, "bottom": 6304600.1, "grid_row": 23, "grid_col": 1, "id_2": 50, "name_fr": "La Palud-sur-Verdon05", "name_nl": "La Palud-sur-Verdon05", "population": 0.0, "centroid_lat": 43.824681262, "centroid_lon": 6.285396064 }, "geometry": { "type": "Polygon", "coordinates": [ [ [ 6.269229211763419, 43.813909351798301 ], [ 6.300270306092618, 43.812973761236663 ], [ 6.298972705593128, 43.79049631214864 ], [ 6.267943787979953, 43.791431521817429 ], [ 6.269229211763419, 43.813909351798301 ] ] ] } },
{ "type": "Feature", "properties": { "id": 24, "left": 960493.4, "top": 6307100.1, "right": 962993.4, "bottom": 6304600.1, "grid_row": 23, "grid_col": 0, "id_2": 51, "name_fr": "La Palud-sur-Verdon06", "name_nl": "La Palud-sur-Verdon06", "population": 1.0, "centroid_lat": 43.802203472000002, "centroid_lon": 6.284104043 }, "geometry": { "type": "Polygon", "coordinates": [ [ [ 6.238187106389505, 43.814836106394921 ], [ 6.269229211763419, 43.813909351798301 ], [ 6.267943787979953, 43.791431521817429 ], [ 6.236913860512827, 43.792357899112027 ], [ 6.238187106389505, 43.814836106394921 ] ] ] } },
{ "type": "Feature", "properties": { "id": 25, "left": 960493.4, "top": 6304600.1, "right": 962993.4, "bottom": 6302100.1, "grid_row": 24, "grid_col": 0, "id_2": 51, "name_fr": "La Palud-sur-Verdon06", "name_nl": "La Palud-sur-Verdon06", "population": 1.0, "centroid_lat": 43.802203472000002, "centroid_lon": 6.284104043 }, "geometry": { "type": "Polygon", "coordinates": [ [ [ 6.236913860512827, 43.792357899112027 ], [ 6.267943787979953, 43.791431521817429 ], [ 6.26665937405075, 43.768953996618805 ], [ 6.235641614955596, 43.769879996772111 ], [ 6.236913860512827, 43.792357899112027 ] ] ] } },
{ "type": "Feature", "properties": { "id": 51, "left": 962993.4, "top": 6307100.1, "right": 965493.4, "bottom": 6304600.1, "grid_row": 23, "grid_col": 1, "id_2": 51, "name_fr": "La Palud-sur-Verdon06", "name_nl": "La Palud-sur-Verdon06", "population": 1.0, "centroid_lat": 43.802203472000002, "centroid_lon": 6.284104043 }, "geometry": { "type": "Polygon", "coordinates": [ [ [ 6.269229211763419, 43.813909351798301 ], [ 6.300270306092618, 43.812973761236663 ], [ 6.298972705593128, 43.79049631214864 ], [ 6.267943787979953, 43.791431521817429 ], [ 6.269229211763419, 43.813909351798301 ] ] ] } },
{ "type": "Feature", "properties": { "id": 52, "left": 962993.4, "top": 6304600.1, "right": 965493.4, "bottom": 6302100.1, "grid_row": 24, "grid_col": 1, "id_2": 51, "name_fr": "La Palud-sur-Verdon06", "name_nl": "La Palud-sur-Verdon06", "population": 1.0, "centroid_lat": 43.802203472000002, "centroid_lon": 6.284104043 }, "geometry": { "type": "Polygon", "coordinates": [ [ [ 6.267943787979953, 43.791431521817429 ], [ 6.298972705593128, 43.79049631214864 ], [ 6.297676124480849, 43.768019167680542 ], [ 6.26665937405075, 43.768953996618805 ], [ 6.267943787979953, 43.791431521817429 ] ] ] } },
{ "type": "Feature", "properties": { "id": 25, "left": 960493.4, "top": 6304600.1, "right": 962993.4, "bottom": 6302100.1, "grid_row": 24, "grid_col": 0, "id_2": 52, "name_fr": "La Palud-sur-Verdon07", "name_nl": "La Palud-sur-Verdon07", "population": 10.0, "centroid_lat": 43.779725984000002, "centroid_lon": 6.282813039 }, "geometry": { "type": "Polygon", "coordinates": [ [ [ 6.236913860512827, 43.792357899112027 ], [ 6.267943787979953, 43.791431521817429 ], [ 6.26665937405075, 43.768953996618805 ], [ 6.235641614955596, 43.769879996772111 ], [ 6.236913860512827, 43.792357899112027 ] ] ] } },
{ "type": "Feature", "properties": { "id": 52, "left": 962993.4, "top": 6304600.1, "right": 965493.4, "bottom": 6302100.1, "grid_row": 24, "grid_col": 1, "id_2": 52, "name_fr": "La Palud-sur-Verdon07", "name_nl": "La Palud-sur-Verdon07", "population": 10.0, "centroid_lat": 43.779725984000002, "centroid_lon": 6.282813039 }, "geometry": { "type": "Polygon", "coordinates": [ [ [ 6.267943787979953, 43.791431521817429 ], [ 6.298972705593128, 43.79049631214864 ], [ 6.297676124480849, 43.768019167680542 ], [ 6.26665937405075, 43.768953996618805 ], [ 6.267943787979953, 43.791431521817429 ] ] ] } },
{ "type": "Feature", "properties": { "id": 26, "left": 960493.4, "top": 6302100.1, "right": 962993.4, "bottom": 6299600.1, "grid_row": 25, "grid_col": 0, "id_2": 53, "name_fr": "La Palud-sur-Verdon08", "name_nl": "La Palud-sur-Verdon08", "population": 0.0, "centroid_lat": 43.757248803000003, "centroid_lon": 6.281523048 }, "geometry": { "type": "Polygon", "coordinates": [ [ [ 6.235641614955596, 43.769879996772111 ], [ 6.26665937405075, 43.768953996618805 ], [ 6.265375968786913, 43.746476779506821 ], [ 6.234370368540089, 43.747402402679512 ], [ 6.235641614955596, 43.769879996772111 ] ] ] } },
{ "type": "Feature", "properties": { "id": 27, "left": 960493.4, "top": 6299600.1, "right": 962993.4, "bottom": 6297100.1, "grid_row": 26, "grid_col": 0, "id_2": 53, "name_fr": "La Palud-sur-Verdon08", "name_nl": "La Palud-sur-Verdon08", "population": 0.0, "centroid_lat": 43.757248803000003, "centroid_lon": 6.281523048 }, "geometry": { "type": "Polygon", "coordinates": [ [ [ 6.234370368540089, 43.747402402679512 ], [ 6.265375968786913, 43.746476779506821 ], [ 6.264093571001413, 43.723999873784528 ], [ 6.233100120090436, 43.724925120137087 ], [ 6.234370368540089, 43.747402402679512 ] ] ] } },
{ "type": "Feature", "properties": { "id": 53, "left": 962993.4, "top": 6302100.1, "right": 965493.4, "bottom": 6299600.1, "grid_row": 25, "grid_col": 1, "id_2": 53, "name_fr": "La Palud-sur-Verdon08", "name_nl": "La Palud-sur-Verdon08", "population": 0.0, "centroid_lat": 43.757248803000003, "centroid_lon": 6.281523048 }, "geometry": { "type": "Polygon", "coordinates": [ [ [ 6.26665937405075, 43.768953996618805 ], [ 6.297676124480849, 43.768019167680542 ], [ 6.296380561555713, 43.745542331136967 ], [ 6.265375968786913, 43.746476779506821 ], [ 6.26665937405075, 43.768953996618805 ] ] ] } },
{ "type": "Feature", "properties": { "id": 54, "left": 962993.4, "top": 6299600.1, "right": 965493.4, "bottom": 6297100.1, "grid_row": 26, "grid_col": 1, "id_2": 53, "name_fr": "La Palud-sur-Verdon08", "name_nl": "La Palud-sur-Verdon08", "population": 0.0, "centroid_lat": 43.757248803000003, "centroid_lon": 6.281523048 }, "geometry": { "type": "Polygon", "coordinates": [ [ [ 6.265375968786913, 43.746476779506821 ], [ 6.296380561555713, 43.745542331136967 ], [ 6.295086015619535, 43.723065805821037 ], [ 6.264093571001413, 43.723999873784528 ], [ 6.265375968786913, 43.746476779506821 ] ] ] } },
{ "type": "Feature", "properties": { "id": 65, "left": 965493.4, "top": 6339600.1, "right": 967993.4, "bottom": 6337100.1, "grid_row": 10, "grid_col": 2, "id_2": 65, "name_fr": "Tartonne01", "name_nl": "Tartonne01", "population": 0.0, "centroid_lat": 44.093492376, "centroid_lon": 6.332173526 }, "geometry": { "type": "Polygon", "coordinates": [ [ [ 6.317232426300423, 44.105206813628925 ], [ 6.348431654163275, 44.104257374301881 ], [ 6.347108391118908, 44.081776653142207 ], [ 6.315921463698121, 44.082725705844268 ], [ 6.317232426300423, 44.105206813628925 ] ] ] } },
{ "type": "Feature", "properties": { "id": 66, "left": 965493.4, "top": 6337100.1, "right": 967993.4, "bottom": 6334600.1, "grid_row": 11, "grid_col": 2, "id_2": 65, "name_fr": "Tartonne01", "name_nl": "Tartonne01", "population": 0.0, "centroid_lat": 44.093492376, "centroid_lon": 6.332173526 }, "geometry": { "type": "Polygon", "coordinates": [ [ [ 6.315921463698121, 44.082725705844268 ], [ 6.347108391118908, 44.081776653142207 ], [ 6.345786172913393, 44.059296193348203 ], [ 6.314611536256838, 44.060244859590838 ], [ 6.315921463698121, 44.082725705844268 ] ] ] } },
{ "type": "Feature", "properties": { "id": 39, "left": 962993.4, "top": 6337100.1, "right": 965493.4, "bottom": 6334600.1, "grid_row": 11, "grid_col": 1, "id_2": 66, "name_fr": "Tartonne02", "name_nl": "Tartonne02", "population": 0.0, "centroid_lat": 44.071011591999998, "centroid_lon": 6.330856933 }, "geometry": { "type": "Polygon", "coordinates": [ [ [ 6.284733501116638, 44.083665879826647 ], [ 6.315921463698121, 44.082725705844268 ], [ 6.314611536256838, 44.060244859590838 ], [ 6.283435865664456, 44.061184650722559 ], [ 6.284733501116638, 44.083665879826647 ] ] ] } },
{ "type": "Feature", "properties": { "id": 66, "left": 965493.4, "top": 6337100.1, "right": 967993.4, "bottom": 6334600.1, "grid_row": 11, "grid_col": 2, "id_2": 66, "name_fr": "Tartonne02", "name_nl": "Tartonne02", "population": 0.0, "centroid_lat": 44.071011591999998, "centroid_lon": 6.330856933 }, "geometry": { "type": "Polygon", "coordinates": [ [ [ 6.315921463698121, 44.082725705844268 ], [ 6.347108391118908, 44.081776653142207 ], [ 6.345786172913393, 44.059296193348203 ], [ 6.314611536256838, 44.060244859590838 ], [ 6.315921463698121, 44.082725705844268 ] ] ] } },
{ "type": "Feature", "properties": { "id": 70, "left": 965493.4, "top": 6327100.1, "right": 967993.4, "bottom": 6324600.1, "grid_row": 15, "grid_col": 2, "id_2": 43, "name_fr": "Chaudon-Norante05", "name_nl": "Chaudon-Norante05", "population": 20.0, "centroid_lat": 43.982034003000003, "centroid_lon": 6.294468731 }, "geometry": { "type": "Polygon", "coordinates": [ [ [ 6.310687952660055, 43.992803923241155 ], [ 6.341825774977041, 43.991856415384788 ], [ 6.340507723783738, 43.969377034270948 ], [ 6.309382153633436, 43.970324156328751 ], [ 6.310687952660055, 43.992803923241155 ] ] ] } },
{ "type": "Feature", "properties": { "id": 71, "left": 965493.4, "top": 6324600.1, "right": 967993.4, "bottom": 6322100.1, "grid_row": 16, "grid_col": 2, "id_2": 43, "name_fr": "Chaudon-Norante05", "name_nl": "Chaudon-Norante05", "population": 20.0, "centroid_lat": 43.982034003000003, "centroid_lon": 6.294468731 }, "geometry": { "type": "Polygon", "coordinates": [ [ [ 6.309382153633436, 43.970324156328751 ], [ 6.340507723783738, 43.969377034270948 ], [ 6.339190711267401, 43.946897931124404 ], [ 6.308077383662752, 43.947844667548551 ], [ 6.309382153633436, 43.970324156328751 ] ] ] } },
{ "type": "Feature", "properties": { "id": 67, "left": 965493.4, "top": 6334600.1, "right": 967993.4, "bottom": 6332100.1, "grid_row": 12, "grid_col": 2, "id_2": 66, "name_fr": "Tartonne02", "name_nl": "Tartonne02", "population": 0.0, "centroid_lat": 44.071011591999998, "centroid_lon": 6.330856933 }, "geometry": { "type": "Polygon", "coordinates": [ [ [ 6.314611536256838, 44.060244859590838 ], [ 6.345786172913393, 44.059296193348203 ], [ 6.344464998310465, 44.036815998243043 ], [ 6.313302642751705, 44.03776427819168 ], [ 6.314611536256838, 44.060244859590838 ] ] ] } },
{ "type": "Feature", "properties": { "id": 73, "left": 965493.4, "top": 6319600.1, "right": 967993.4, "bottom": 6317100.1, "grid_row": 18, "grid_col": 2, "id_2": 46, "name_fr": "Senez07", "name_nl": "Senez07", "population": 0.0, "centroid_lat": 43.914595389, "centroid_lon": 6.29057432 }, "geometry": { "type": "Polygon", "coordinates": [ [ [ 6.306773641532749, 43.925365460216483 ], [ 6.337874736201464, 43.924419109261251 ], [ 6.336559797361298, 43.901940571996143 ], [ 6.305470926030084, 43.902886537647063 ], [ 6.306773641532749, 43.925365460216483 ] ] ] } },
{ "type": "Feature", "properties": { "id": 74, "left": 965493.4, "top": 6317100.1, "right": 967993.4, "bottom": 6314600.1, "grid_row": 19, "grid_col": 2, "id_2": 46, "name_fr": "Senez07", "name_nl": "Senez07", "population": 0.0, "centroid_lat": 43.914595389, "centroid_lon": 6.29057432 }, "geometry": { "type": "Polygon", "coordinates": [ [ [ 6.305470926030084, 43.902886537647063 ], [ 6.336559797361298, 43.901940571996143 ], [ 6.335245893524194, 43.879462322642304 ], [ 6.30416923594332, 43.880407903153397 ], [ 6.305470926030084, 43.902886537647063 ] ] ] } },
{ "type": "Feature", "properties": { "id": 75, "left": 965493.4, "top": 6314600.1, "right": 967993.4, "bottom": 6312100.1, "grid_row": 20, "grid_col": 2, "id_2": 48, "name_fr": "La Palud-sur-Verdon03", "name_nl": "La Palud-sur-Verdon03", "population": 0.0, "centroid_lat": 43.869637738999998, "centroid_lon": 6.287983154 }, "geometry": { "type": "Polygon", "coordinates": [ [ [ 6.30416923594332, 43.880407903153397 ], [ 6.335245893524194, 43.879462322642304 ], [ 6.333933023469364, 43.856984364511568 ], [ 6.302868570062926, 43.857929560047182 ], [ 6.30416923594332, 43.880407903153397 ] ] ] } },
{ "type": "Feature", "properties": { "id": 76, "left": 965493.4, "top": 6312100.1, "right": 967993.4, "bottom": 6309600.1, "grid_row": 21, "grid_col": 2, "id_2": 48, "name_fr": "La Palud-sur-Verdon03", "name_nl": "La Palud-sur-Verdon03", "population": 0.0, "centroid_lat": 43.869637738999998, "centroid_lon": 6.287983154 }, "geometry": { "type": "Polygon", "coordinates": [ [ [ 6.302868570062926, 43.857929560047182 ], [ 6.333933023469364, 43.856984364511568 ], [ 6.332621185977941, 43.834506700914325 ], [ 6.30156892718127, 43.835451511638659 ], [ 6.302868570062926, 43.857929560047182 ] ] ] } },
{ "type": "Feature", "properties": { "id": 39, "left": 962993.4, "top": 6337100.1, "right": 965493.4, "bottom": 6334600.1, "grid_row": 11, "grid_col": 1, "id_2": 67, "name_fr": "Clumanc01", "name_nl": "Clumanc01", "population": 0.0, "centroid_lat": 44.048531071, "centroid_lon": 6.329541379 }, "geometry": { "type": "Polygon", "coordinates": [ [ [ 6.284733501116638, 44.083665879826647 ], [ 6.315921463698121, 44.082725705844268 ], [ 6.314611536256838, 44.060244859590838 ], [ 6.283435865664456, 44.061184650722559 ], [ 6.284733501116638, 44.083665879826647 ] ] ] } },
{ "type": "Feature", "properties": { "id": 40, "left": 962993.4, "top": 6334600.1, "right": 965493.4, "bottom": 6332100.1, "grid_row": 12, "grid_col": 1, "id_2": 67, "name_fr": "Clumanc01", "name_nl": "Clumanc01", "population": 0.0, "centroid_lat": 44.048531071, "centroid_lon": 6.329541379 }, "geometry": { "type": "Polygon", "coordinates": [ [ [ 6.283435865664456, 44.061184650722559 ], [ 6.314611536256838, 44.060244859590838 ], [ 6.313302642751705, 44.03776427819168 ], [ 6.282139254480057, 44.038703686636616 ], [ 6.283435865664456, 44.061184650722559 ] ] ] } },
{ "type": "Feature", "properties": { "id": 41, "left": 962993.4, "top": 6332100.1, "right": 965493.4, "bottom": 6329600.1, "grid_row": 13, "grid_col": 1, "id_2": 67, "name_fr": "Clumanc01", "name_nl": "Clumanc01", "population": 0.0, "centroid_lat": 44.048531071, "centroid_lon": 6.329541379 }, "geometry": { "type": "Polygon", "coordinates": [ [ [ 6.282139254480057, 44.038703686636616 ], [ 6.313302642751705, 44.03776427819168 ], [ 6.311994781959781, 44.015283964968383 ], [ 6.280843666351883, 44.016222990890306 ], [ 6.282139254480057, 44.038703686636616 ] ] ] } },
{ "type": "Feature", "properties": { "id": 66, "left": 965493.4, "top": 6337100.1, "right": 967993.4, "bottom": 6334600.1, "grid_row": 11, "grid_col": 2, "id_2": 67, "name_fr": "Clumanc01", "name_nl": "Clumanc01", "population": 0.0, "centroid_lat": 44.048531071, "centroid_lon": 6.329541379 }, "geometry": { "type": "Polygon", "coordinates": [ [ [ 6.315921463698121, 44.082725705844268 ], [ 6.347108391118908, 44.081776653142207 ], [ 6.345786172913393, 44.059296193348203 ], [ 6.314611536256838, 44.060244859590838 ], [ 6.315921463698121, 44.082725705844268 ] ] ] } },
{ "type": "Feature", "properties": { "id": 67, "left": 965493.4, "top": 6334600.1, "right": 967993.4, "bottom": 6332100.1, "grid_row": 12, "grid_col": 2, "id_2": 67, "name_fr": "Clumanc01", "name_nl": "Clumanc01", "population": 0.0, "centroid_lat": 44.048531071, "centroid_lon": 6.329541379 }, "geometry": { "type": "Polygon", "coordinates": [ [ [ 6.314611536256838, 44.060244859590838 ], [ 6.345786172913393, 44.059296193348203 ], [ 6.344464998310465, 44.036815998243043 ], [ 6.313302642751705, 44.03776427819168 ], [ 6.314611536256838, 44.060244859590838 ] ] ] } },
{ "type": "Feature", "properties": { "id": 68, "left": 965493.4, "top": 6332100.1, "right": 967993.4, "bottom": 6329600.1, "grid_row": 13, "grid_col": 2, "id_2": 67, "name_fr": "Clumanc01", "name_nl": "Clumanc01", "population": 0.0, "centroid_lat": 44.048531071, "centroid_lon": 6.329541379 }, "geometry": { "type": "Polygon", "coordinates": [ [ [ 6.313302642751705, 44.03776427819168 ], [ 6.344464998310465, 44.036815998243043 ], [ 6.343144866075805, 44.01433607114847 ], [ 6.311994781959781, 44.015283964968383 ], [ 6.313302642751705, 44.03776427819168 ] ] ] } },
{ "type": "Feature", "properties": { "id": 41, "left": 962993.4, "top": 6332100.1, "right": 965493.4, "bottom": 6329600.1, "grid_row": 13, "grid_col": 1, "id_2": 68, "name_fr": "Clumanc02", "name_nl": "Clumanc02", "population": 0.0, "centroid_lat": 44.026050816000001, "centroid_lon": 6.328226864 }, "geometry": { "type": "Polygon", "coordinates": [ [ [ 6.282139254480057, 44.038703686636616 ], [ 6.313302642751705, 44.03776427819168 ], [ 6.311994781959781, 44.015283964968383 ], [ 6.280843666351883, 44.016222990890306 ], [ 6.282139254480057, 44.038703686636616 ] ] ] } },
{ "type": "Feature", "properties": { "id": 68, "left": 965493.4, "top": 6332100.1, "right": 967993.4, "bottom": 6329600.1, "grid_row": 13, "grid_col": 2, "id_2": 68, "name_fr": "Clumanc02", "name_nl": "Clumanc02", "population": 0.0, "centroid_lat": 44.026050816000001, "centroid_lon": 6.328226864 }, "geometry": { "type": "Polygon", "coordinates": [ [ [ 6.313302642751705, 44.03776427819168 ], [ 6.344464998310465, 44.036815998243043 ], [ 6.343144866075805, 44.01433607114847 ], [ 6.311994781959781, 44.015283964968383 ], [ 6.313302642751705, 44.03776427819168 ] ] ] } },
{ "type": "Feature", "properties": { "id": 69, "left": 965493.4, "top": 6329600.1, "right": 967993.4, "bottom": 6327100.1, "grid_row": 14, "grid_col": 2, "id_2": 68, "name_fr": "Clumanc02", "name_nl": "Clumanc02", "population": 0.0, "centroid_lat": 44.026050816000001, "centroid_lon": 6.328226864 }, "geometry": { "type": "Polygon", "coordinates": [ [ [ 6.311994781959781, 44.015283964968383 ], [ 6.343144866075805, 44.01433607114847 ], [ 6.341825774977041, 43.991856415384788 ], [ 6.310687952660055, 43.992803923241155 ], [ 6.311994781959781, 44.015283964968383 ] ] ] } },
{ "type": "Feature", "properties": { "id": 41, "left": 962993.4, "top": 6332100.1, "right": 965493.4, "bottom": 6329600.1, "grid_row": 13, "grid_col": 1, "id_2": 69, "name_fr": "Chaudon-Norante06", "name_nl": "Chaudon-Norante06", "population": 36.0, "centroid_lat": 44.003570830999998, "centroid_lon": 6.326913386 }, "geometry": { "type": "Polygon", "coordinates": [ [ [ 6.282139254480057, 44.038703686636616 ], [ 6.313302642751705, 44.03776427819168 ], [ 6.311994781959781, 44.015283964968383 ], [ 6.280843666351883, 44.016222990890306 ], [ 6.282139254480057, 44.038703686636616 ] ] ] } },
{ "type": "Feature", "properties": { "id": 42, "left": 962993.4, "top": 6329600.1, "right": 965493.4, "bottom": 6327100.1, "grid_row": 14, "grid_col": 1, "id_2": 69, "name_fr": "Chaudon-Norante06", "name_nl": "Chaudon-Norante06", "population": 36.0, "centroid_lat": 44.003570830999998, "centroid_lon": 6.326913386 }, "geometry": { "type": "Polygon", "coordinates": [ [ [ 6.280843666351883, 44.016222990890306 ], [ 6.311994781959781, 44.015283964968383 ], [ 6.310687952660055, 43.992803923241155 ], [ 6.279549100070283, 43.993742566803682 ], [ 6.280843666351883, 44.016222990890306 ] ] ] } },
{ "type": "Feature", "properties": { "id": 43, "left": 962993.4, "top": 6327100.1, "right": 965493.4, "bottom": 6324600.1, "grid_row": 15, "grid_col": 1, "id_2": 69, "name_fr": "Chaudon-Norante06", "name_nl": "Chaudon-Norante06", "population": 36.0, "centroid_lat": 44.003570830999998, "centroid_lon": 6.326913386 }, "geometry": { "type": "Polygon", "coordinates": [ [ [ 6.279549100070283, 43.993742566803682 ], [ 6.310687952660055, 43.992803923241155 ], [ 6.309382153633436, 43.970324156328751 ], [ 6.278255554427518, 43.971262417695392 ], [ 6.279549100070283, 43.993742566803682 ] ] ] } },
{ "type": "Feature", "properties": { "id": 68, "left": 965493.4, "top": 6332100.1, "right": 967993.4, "bottom": 6329600.1, "grid_row": 13, "grid_col": 2, "id_2": 69, "name_fr": "Chaudon-Norante06", "name_nl": "Chaudon-Norante06", "population": 36.0, "centroid_lat": 44.003570830999998, "centroid_lon": 6.326913386 }, "geometry": { "type": "Polygon", "coordinates": [ [ [ 6.313302642751705, 44.03776427819168 ], [ 6.344464998310465, 44.036815998243043 ], [ 6.343144866075805, 44.01433607114847 ], [ 6.311994781959781, 44.015283964968383 ], [ 6.313302642751705, 44.03776427819168 ] ] ] } },
{ "type": "Feature", "properties": { "id": 69, "left": 965493.4, "top": 6329600.1, "right": 967993.4, "bottom": 6327100.1, "grid_row": 14, "grid_col": 2, "id_2": 69, "name_fr": "Chaudon-Norante06", "name_nl": "Chaudon-Norante06", "population": 36.0, "centroid_lat": 44.003570830999998, "centroid_lon": 6.326913386 }, "geometry": { "type": "Polygon", "coordinates": [ [ [ 6.311994781959781, 44.015283964968383 ], [ 6.343144866075805, 44.01433607114847 ], [ 6.341825774977041, 43.991856415384788 ], [ 6.310687952660055, 43.992803923241155 ], [ 6.311994781959781, 44.015283964968383 ] ] ] } },
{ "type": "Feature", "properties": { "id": 70, "left": 965493.4, "top": 6327100.1, "right": 967993.4, "bottom": 6324600.1, "grid_row": 15, "grid_col": 2, "id_2": 69, "name_fr": "Chaudon-Norante06", "name_nl": "Chaudon-Norante06", "population": 36.0, "centroid_lat": 44.003570830999998, "centroid_lon": 6.326913386 }, "geometry": { "type": "Polygon", "coordinates": [ [ [ 6.310687952660055, 43.992803923241155 ], [ 6.341825774977041, 43.991856415384788 ], [ 6.340507723783738, 43.969377034270948 ], [ 6.309382153633436, 43.970324156328751 ], [ 6.310687952660055, 43.992803923241155 ] ] ] } },
{ "type": "Feature", "properties": { "id": 92, "left": 967993.4, "top": 6339600.1, "right": 970493.4, "bottom": 6337100.1, "grid_row": 10, "grid_col": 3, "id_2": 65, "name_fr": "Tartonne01", "name_nl": "Tartonne01", "population": 0.0, "centroid_lat": 44.093492376, "centroid_lon": 6.332173526 }, "geometry": { "type": "Polygon", "coordinates": [ [ [ 6.348431654163275, 44.104257374301881 ], [ 6.379629835949381, 44.10329905310347 ], [ 6.378294273701166, 44.080818722178698 ], [ 6.347108391118908, 44.081776653142207 ], [ 6.348431654163275, 44.104257374301881 ] ] ] } },
{ "type": "Feature", "properties": { "id": 96, "left": 967993.4, "top": 6329600.1, "right": 970493.4, "bottom": 6327100.1, "grid_row": 14, "grid_col": 3, "id_2": 69, "name_fr": "Chaudon-Norante06", "name_nl": "Chaudon-Norante06", "population": 36.0, "centroid_lat": 44.003570830999998, "centroid_lon": 6.326913386 }, "geometry": { "type": "Polygon", "coordinates": [ [ [ 6.343144866075805, 44.01433607114847 ], [ 6.374293909056258, 44.013379309887675 ], [ 6.372962557388886, 43.990900043691362 ], [ 6.341825774977041, 43.991856415384788 ], [ 6.343144866075805, 44.01433607114847 ] ] ] } },
{ "type": "Feature", "properties": { "id": 43, "left": 962993.4, "top": 6327100.1, "right": 965493.4, "bottom": 6324600.1, "grid_row": 15, "grid_col": 1, "id_2": 70, "name_fr": "Chaudon-Norante07", "name_nl": "Chaudon-Norante07", "population": 76.0, "centroid_lat": 43.98109112, "centroid_lon": 6.325600943 }, "geometry": { "type": "Polygon", "coordinates": [ [ [ 6.279549100070283, 43.993742566803682 ], [ 6.310687952660055, 43.992803923241155 ], [ 6.309382153633436, 43.970324156328751 ], [ 6.278255554427518, 43.971262417695392 ], [ 6.279549100070283, 43.993742566803682 ] ] ] } },
{ "type": "Feature", "properties": { "id": 95, "left": 967993.4, "top": 6332100.1, "right": 970493.4, "bottom": 6329600.1, "grid_row": 13, "grid_col": 3, "id_2": 68, "name_fr": "Clumanc02", "name_nl": "Clumanc02", "population": 0.0, "centroid_lat": 44.026050816000001, "centroid_lon": 6.328226864 }, "geometry": { "type": "Polygon", "coordinates": [ [ [ 6.344464998310465, 44.036815998243043 ], [ 6.37562631150128, 44.035858847248235 ], [ 6.374293909056258, 44.013379309887675 ], [ 6.343144866075805, 44.01433607114847 ], [ 6.344464998310465, 44.036815998243043 ] ] ] } },
{ "type": "Feature", "properties": { "id": 96, "left": 967993.4, "top": 6329600.1, "right": 970493.4, "bottom": 6327100.1, "grid_row": 14, "grid_col": 3, "id_2": 68, "name_fr": "Clumanc02", "name_nl": "Clumanc02", "population": 0.0, "centroid_lat": 44.026050816000001, "centroid_lon": 6.328226864 }, "geometry": { "type": "Polygon", "coordinates": [ [ [ 6.343144866075805, 44.01433607114847 ], [ 6.374293909056258, 44.013379309887675 ], [ 6.372962557388886, 43.990900043691362 ], [ 6.341825774977041, 43.991856415384788 ], [ 6.343144866075805, 44.01433607114847 ] ] ] } },
{ "type": "Feature", "properties": { "id": 97, "left": 967993.4, "top": 6327100.1, "right": 970493.4, "bottom": 6324600.1, "grid_row": 15, "grid_col": 3, "id_2": 69, "name_fr": "Chaudon-Norante06", "name_nl": "Chaudon-Norante06", "population": 36.0, "centroid_lat": 44.003570830999998, "centroid_lon": 6.326913386 }, "geometry": { "type": "Polygon", "coordinates": [ [ [ 6.341825774977041, 43.991856415384788 ], [ 6.372962557388886, 43.990900043691362 ], [ 6.371632255257396, 43.968421051978311 ], [ 6.340507723783738, 43.969377034270948 ], [ 6.341825774977041, 43.991856415384788 ] ] ] } },
{ "type": "Feature", "properties": { "id": 70, "left": 965493.4, "top": 6327100.1, "right": 967993.4, "bottom": 6324600.1, "grid_row": 15, "grid_col": 2, "id_2": 70, "name_fr": "Chaudon-Norante07", "name_nl": "Chaudon-Norante07", "population": 76.0, "centroid_lat": 43.98109112, "centroid_lon": 6.325600943 }, "geometry": { "type": "Polygon", "coordinates": [ [ [ 6.310687952660055, 43.992803923241155 ], [ 6.341825774977041, 43.991856415384788 ], [ 6.340507723783738, 43.969377034270948 ], [ 6.309382153633436, 43.970324156328751 ], [ 6.310687952660055, 43.992803923241155 ] ] ] } },
{ "type": "Feature", "properties": { "id": 71, "left": 965493.4, "top": 6324600.1, "right": 967993.4, "bottom": 6322100.1, "grid_row": 16, "grid_col": 2, "id_2": 70, "name_fr": "Chaudon-Norante07", "name_nl": "Chaudon-Norante07", "population": 76.0, "centroid_lat": 43.98109112, "centroid_lon": 6.325600943 }, "geometry": { "type": "Polygon", "coordinates": [ [ [ 6.309382153633436, 43.970324156328751 ], [ 6.340507723783738, 43.969377034270948 ], [ 6.339190711267401, 43.946897931124404 ], [ 6.308077383662752, 43.947844667548551 ], [ 6.309382153633436, 43.970324156328751 ] ] ] } },
{ "type": "Feature", "properties": { "id": 44, "left": 962993.4, "top": 6324600.1, "right": 965493.4, "bottom": 6322100.1, "grid_row": 16, "grid_col": 1, "id_2": 71, "name_fr": "Chaudon-Norante08", "name_nl": "Chaudon-Norante08", "population": 15.0, "centroid_lat": 43.958611683999997, "centroid_lon": 6.324289535 }, "geometry": { "type": "Polygon", "coordinates": [ [ [ 6.278255554427518, 43.971262417695392 ], [ 6.309382153633436, 43.970324156328751 ], [ 6.308077383662752, 43.947844667548551 ], [ 6.276963028217743, 43.948782546882619 ], [ 6.278255554427518, 43.971262417695392 ] ] ] } },
{ "type": "Feature", "properties": { "id": 45, "left": 962993.4, "top": 6322100.1, "right": 965493.4, "bottom": 6319600.1, "grid_row": 17, "grid_col": 1, "id_2": 71, "name_fr": "Chaudon-Norante08", "name_nl": "Chaudon-Norante08", "population": 15.0, "centroid_lat": 43.958611683999997, "centroid_lon": 6.324289535 }, "geometry": { "type": "Polygon", "coordinates": [ [ [ 6.276963028217743, 43.948782546882619 ], [ 6.308077383662752, 43.947844667548551 ], [ 6.306773641532749, 43.925365460216483 ], [ 6.275671520237016, 43.926302957681216 ], [ 6.276963028217743, 43.948782546882619 ] ] ] } },
{ "type": "Feature", "properties": { "id": 71, "left": 965493.4, "top": 6324600.1, "right": 967993.4, "bottom": 6322100.1, "grid_row": 16, "grid_col": 2, "id_2": 71, "name_fr": "Chaudon-Norante08", "name_nl": "Chaudon-Norante08", "population": 15.0, "centroid_lat": 43.958611683999997, "centroid_lon": 6.324289535 }, "geometry": { "type": "Polygon", "coordinates": [ [ [ 6.309382153633436, 43.970324156328751 ], [ 6.340507723783738, 43.969377034270948 ], [ 6.339190711267401, 43.946897931124404 ], [ 6.308077383662752, 43.947844667548551 ], [ 6.309382153633436, 43.970324156328751 ] ] ] } },
{ "type": "Feature", "properties": { "id": 72, "left": 965493.4, "top": 6322100.1, "right": 967993.4, "bottom": 6319600.1, "grid_row": 17, "grid_col": 2, "id_2": 71, "name_fr": "Chaudon-Norante08", "name_nl": "Chaudon-Norante08", "population": 15.0, "centroid_lat": 43.958611683999997, "centroid_lon": 6.324289535 }, "geometry": { "type": "Polygon", "coordinates": [ [ [ 6.308077383662752, 43.947844667548551 ], [ 6.339190711267401, 43.946897931124404 ], [ 6.337874736201464, 43.924419109261251 ], [ 6.306773641532749, 43.925365460216483 ], [ 6.308077383662752, 43.947844667548551 ] ] ] } },
{ "type": "Feature", "properties": { "id": 45, "left": 962993.4, "top": 6322100.1, "right": 965493.4, "bottom": 6319600.1, "grid_row": 17, "grid_col": 1, "id_2": 72, "name_fr": "Senez08", "name_nl": "Senez08", "population": 0.0, "centroid_lat": 43.936132528999998, "centroid_lon": 6.32297916 }, "geometry": { "type": "Polygon", "coordinates": [ [ [ 6.276963028217743, 43.948782546882619 ], [ 6.308077383662752, 43.947844667548551 ], [ 6.306773641532749, 43.925365460216483 ], [ 6.275671520237016, 43.926302957681216 ], [ 6.276963028217743, 43.948782546882619 ] ] ] } },
{ "type": "Feature", "properties": { "id": 46, "left": 962993.4, "top": 6319600.1, "right": 965493.4, "bottom": 6317100.1, "grid_row": 18, "grid_col": 1, "id_2": 72, "name_fr": "Senez08", "name_nl": "Senez08", "population": 0.0, "centroid_lat": 43.936132528999998, "centroid_lon": 6.32297916 }, "geometry": { "type": "Polygon", "coordinates": [ [ [ 6.275671520237016, 43.926302957681216 ], [ 6.306773641532749, 43.925365460216483 ], [ 6.305470926030084, 43.902886537647063 ], [ 6.274381029283286, 43.903823653405539 ], [ 6.275671520237016, 43.926302957681216 ] ] ] } },
{ "type": "Feature", "properties": { "id": 72, "left": 965493.4, "top": 6322100.1, "right": 967993.4, "bottom": 6319600.1, "grid_row": 17, "grid_col": 2, "id_2": 72, "name_fr": "Senez08", "name_nl": "Senez08", "population": 0.0, "centroid_lat": 43.936132528999998, "centroid_lon": 6.32297916 }, "geometry": { "type": "Polygon", "coordinates": [ [ [ 6.308077383662752, 43.947844667548551 ], [ 6.339190711267401, 43.946897931124404 ], [ 6.337874736201464, 43.924419109261251 ], [ 6.306773641532749, 43.925365460216483 ], [ 6.308077383662752, 43.947844667548551 ] ] ] } },
{ "type": "Feature", "properties": { "id": 73, "left": 965493.4, "top": 6319600.1, "right": 967993.4, "bottom": 6317100.1, "grid_row": 18, "grid_col": 2, "id_2": 72, "name_fr": "Senez08", "name_nl": "Senez08", "population": 0.0, "centroid_lat": 43.936132528999998, "centroid_lon": 6.32297916 }, "geometry": { "type": "Polygon", "coordinates": [ [ [ 6.306773641532749, 43.925365460216483 ], [ 6.337874736201464, 43.924419109261251 ], [ 6.336559797361298, 43.901940571996143 ], [ 6.305470926030084, 43.902886537647063 ], [ 6.306773641532749, 43.925365460216483 ] ] ] } },
{ "type": "Feature", "properties": { "id": 46, "left": 962993.4, "top": 6319600.1, "right": 965493.4, "bottom": 6317100.1, "grid_row": 18, "grid_col": 1, "id_2": 73, "name_fr": "Blieux01", "name_nl": "Blieux01", "population": 0.0, "centroid_lat": 43.913653656000001, "centroid_lon": 6.321669817 }, "geometry": { "type": "Polygon", "coordinates": [ [ [ 6.275671520237016, 43.926302957681216 ], [ 6.306773641532749, 43.925365460216483 ], [ 6.305470926030084, 43.902886537647063 ], [ 6.274381029283286, 43.903823653405539 ], [ 6.275671520237016, 43.926302957681216 ] ] ] } },
{ "type": "Feature", "properties": { "id": 72, "left": 965493.4, "top": 6322100.1, "right": 967993.4, "bottom": 6319600.1, "grid_row": 17, "grid_col": 2, "id_2": 73, "name_fr": "Blieux01", "name_nl": "Blieux01", "population": 0.0, "centroid_lat": 43.913653656000001, "centroid_lon": 6.321669817 }, "geometry": { "type": "Polygon", "coordinates": [ [ [ 6.308077383662752, 43.947844667548551 ], [ 6.339190711267401, 43.946897931124404 ], [ 6.337874736201464, 43.924419109261251 ], [ 6.306773641532749, 43.925365460216483 ], [ 6.308077383662752, 43.947844667548551 ] ] ] } },
{ "type": "Feature", "properties": { "id": 73, "left": 965493.4, "top": 6319600.1, "right": 967993.4, "bottom": 6317100.1, "grid_row": 18, "grid_col": 2, "id_2": 73, "name_fr": "Blieux01", "name_nl": "Blieux01", "population": 0.0, "centroid_lat": 43.913653656000001, "centroid_lon": 6.321669817 }, "geometry": { "type": "Polygon", "coordinates": [ [ [ 6.306773641532749, 43.925365460216483 ], [ 6.337874736201464, 43.924419109261251 ], [ 6.336559797361298, 43.901940571996143 ], [ 6.305470926030084, 43.902886537647063 ], [ 6.306773641532749, 43.925365460216483 ] ] ] } },
{ "type": "Feature", "properties": { "id": 74, "left": 965493.4, "top": 6317100.1, "right": 967993.4, "bottom": 6314600.1, "grid_row": 19, "grid_col": 2, "id_2": 73, "name_fr": "Blieux01", "name_nl": "Blieux01", "population": 0.0, "centroid_lat": 43.913653656000001, "centroid_lon": 6.321669817 }, "geometry": { "type": "Polygon", "coordinates": [ [ [ 6.305470926030084, 43.902886537647063 ], [ 6.336559797361298, 43.901940571996143 ], [ 6.335245893524194, 43.879462322642304 ], [ 6.30416923594332, 43.880407903153397 ], [ 6.305470926030084, 43.902886537647063 ] ] ] } },
{ "type": "Feature", "properties": { "id": 47, "left": 962993.4, "top": 6317100.1, "right": 965493.4, "bottom": 6314600.1, "grid_row": 19, "grid_col": 1, "id_2": 74, "name_fr": "Blieux02", "name_nl": "Blieux02", "population": 0.0, "centroid_lat": 43.89117507, "centroid_lon": 6.320361504 }, "geometry": { "type": "Polygon", "coordinates": [ [ [ 6.274381029283286, 43.903823653405539 ], [ 6.305470926030084, 43.902886537647063 ], [ 6.30416923594332, 43.880407903153397 ], [ 6.273091554156394, 43.881344637368571 ], [ 6.274381029283286, 43.903823653405539 ] ] ] } },
{ "type": "Feature", "properties": { "id": 48, "left": 962993.4, "top": 6314600.1, "right": 965493.4, "bottom": 6312100.1, "grid_row": 20, "grid_col": 1, "id_2": 74, "name_fr": "Blieux02", "name_nl": "Blieux02", "population": 0.0, "centroid_lat": 43.89117507, "centroid_lon": 6.320361504 }, "geometry": { "type": "Polygon", "coordinates": [ [ [ 6.273091554156394, 43.881344637368571 ], [ 6.30416923594332, 43.880407903153397 ], [ 6.302868570062926, 43.857929560047182 ], [ 6.271803093658066, 43.858865912881853 ], [ 6.273091554156394, 43.881344637368571 ] ] ] } },
{ "type": "Feature", "properties": { "id": 74, "left": 965493.4, "top": 6317100.1, "right": 967993.4, "bottom": 6314600.1, "grid_row": 19, "grid_col": 2, "id_2": 74, "name_fr": "Blieux02", "name_nl": "Blieux02", "population": 0.0, "centroid_lat": 43.89117507, "centroid_lon": 6.320361504 }, "geometry": { "type": "Polygon", "coordinates": [ [ [ 6.305470926030084, 43.902886537647063 ], [ 6.336559797361298, 43.901940571996143 ], [ 6.335245893524194, 43.879462322642304 ], [ 6.30416923594332, 43.880407903153397 ], [ 6.305470926030084, 43.902886537647063 ] ] ] } },
{ "type": "Feature", "properties": { "id": 75, "left": 965493.4, "top": 6314600.1, "right": 967993.4, "bottom": 6312100.1, "grid_row": 20, "grid_col": 2, "id_2": 74, "name_fr": "Blieux02", "name_nl": "Blieux02", "population": 0.0, "centroid_lat": 43.89117507, "centroid_lon": 6.320361504 }, "geometry": { "type": "Polygon", "coordinates": [ [ [ 6.30416923594332, 43.880407903153397 ], [ 6.335245893524194, 43.879462322642304 ], [ 6.333933023469364, 43.856984364511568 ], [ 6.302868570062926, 43.857929560047182 ], [ 6.30416923594332, 43.880407903153397 ] ] ] } },
{ "type": "Feature", "properties": { "id": 48, "left": 962993.4, "top": 6314600.1, "right": 965493.4, "bottom": 6312100.1, "grid_row": 20, "grid_col": 1, "id_2": 75, "name_fr": "Blieux03", "name_nl": "Blieux03", "population": 0.0, "centroid_lat": 43.868696773000003, "centroid_lon": 6.319054222 }, "geometry": { "type": "Polygon", "coordinates": [ [ [ 6.273091554156394, 43.881344637368571 ], [ 6.30416923594332, 43.880407903153397 ], [ 6.302868570062926, 43.857929560047182 ], [ 6.271803093658066, 43.858865912881853 ], [ 6.273091554156394, 43.881344637368571 ] ] ] } },
{ "type": "Feature", "properties": { "id": 75, "left": 965493.4, "top": 6314600.1, "right": 967993.4, "bottom": 6312100.1, "grid_row": 20, "grid_col": 2, "id_2": 75, "name_fr": "Blieux03", "name_nl": "Blieux03", "population": 0.0, "centroid_lat": 43.868696773000003, "centroid_lon": 6.319054222 }, "geometry": { "type": "Polygon", "coordinates": [ [ [ 6.30416923594332, 43.880407903153397 ], [ 6.335245893524194, 43.879462322642304 ], [ 6.333933023469364, 43.856984364511568 ], [ 6.302868570062926, 43.857929560047182 ], [ 6.30416923594332, 43.880407903153397 ] ] ] } },
{ "type": "Feature", "properties": { "id": 76, "left": 965493.4, "top": 6312100.1, "right": 967993.4, "bottom": 6309600.1, "grid_row": 21, "grid_col": 2, "id_2": 75, "name_fr": "Blieux03", "name_nl": "Blieux03", "population": 0.0, "centroid_lat": 43.868696773000003, "centroid_lon": 6.319054222 }, "geometry": { "type": "Polygon", "coordinates": [ [ [ 6.302868570062926, 43.857929560047182 ], [ 6.333933023469364, 43.856984364511568 ], [ 6.332621185977941, 43.834506700914325 ], [ 6.30156892718127, 43.835451511638659 ], [ 6.302868570062926, 43.857929560047182 ] ] ] } },
{ "type": "Feature", "properties": { "id": 49, "left": 962993.4, "top": 6312100.1, "right": 965493.4, "bottom": 6309600.1, "grid_row": 21, "grid_col": 1, "id_2": 76, "name_fr": "La Palud-sur-Verdon09", "name_nl": "La Palud-sur-Verdon09", "population": 15.0, "centroid_lat": 43.84621877, "centroid_lon": 6.317747968 }, "geometry": { "type": "Polygon", "coordinates": [ [ [ 6.271803093658066, 43.858865912881853 ], [ 6.302868570062926, 43.857929560047182 ], [ 6.30156892718127, 43.835451511638659 ], [ 6.27051564659191, 43.836387483255542 ], [ 6.271803093658066, 43.858865912881853 ] ] ] } },
{ "type": "Feature", "properties": { "id": 50, "left": 962993.4, "top": 6309600.1, "right": 965493.4, "bottom": 6307100.1, "grid_row": 22, "grid_col": 1, "id_2": 76, "name_fr": "La Palud-sur-Verdon09", "name_nl": "La Palud-sur-Verdon09", "population": 15.0, "centroid_lat": 43.84621877, "centroid_lon": 6.317747968 }, "geometry": { "type": "Polygon", "coordinates": [ [ [ 6.27051564659191, 43.836387483255542 ], [ 6.30156892718127, 43.835451511638659 ], [ 6.300270306092618, 43.812973761236663 ], [ 6.269229211763419, 43.813909351798301 ], [ 6.27051564659191, 43.836387483255542 ] ] ] } },
{ "type": "Feature", "properties": { "id": 76, "left": 965493.4, "top": 6312100.1, "right": 967993.4, "bottom": 6309600.1, "grid_row": 21, "grid_col": 2, "id_2": 76, "name_fr": "La Palud-sur-Verdon09", "name_nl": "La Palud-sur-Verdon09", "population": 15.0, "centroid_lat": 43.84621877, "centroid_lon": 6.317747968 }, "geometry": { "type": "Polygon", "coordinates": [ [ [ 6.302868570062926, 43.857929560047182 ], [ 6.333933023469364, 43.856984364511568 ], [ 6.332621185977941, 43.834506700914325 ], [ 6.30156892718127, 43.835451511638659 ], [ 6.302868570062926, 43.857929560047182 ] ] ] } },
{ "type": "Feature", "properties": { "id": 77, "left": 965493.4, "top": 6309600.1, "right": 967993.4, "bottom": 6307100.1, "grid_row": 22, "grid_col": 2, "id_2": 76, "name_fr": "La Palud-sur-Verdon09", "name_nl": "La Palud-sur-Verdon09", "population": 15.0, "centroid_lat": 43.84621877, "centroid_lon": 6.317747968 }, "geometry": { "type": "Polygon", "coordinates": [ [ [ 6.30156892718127, 43.835451511638659 ], [ 6.332621185977941, 43.834506700914325 ], [ 6.331310379832971, 43.812029335159536 ], [ 6.300270306092618, 43.812973761236663 ], [ 6.30156892718127, 43.835451511638659 ] ] ] } },
{ "type": "Feature", "properties": { "id": 103, "left": 967993.4, "top": 6312100.1, "right": 970493.4, "bottom": 6309600.1, "grid_row": 21, "grid_col": 3, "id_2": 76, "name_fr": "La Palud-sur-Verdon09", "name_nl": "La Palud-sur-Verdon09", "population": 15.0, "centroid_lat": 43.84621877, "centroid_lon": 6.317747968 }, "geometry": { "type": "Polygon", "coordinates": [ [ [ 6.333933023469364, 43.856984364511568 ], [ 6.364996444312715, 43.856030326729531 ], [ 6.363672413428478, 43.833553051536661 ], [ 6.332621185977941, 43.834506700914325 ], [ 6.333933023469364, 43.856984364511568 ] ] ] } },
{ "type": "Feature", "properties": { "id": 104, "left": 967993.4, "top": 6309600.1, "right": 970493.4, "bottom": 6307100.1, "grid_row": 22, "grid_col": 3, "id_2": 76, "name_fr": "La Palud-sur-Verdon09", "name_nl": "La Palud-sur-Verdon09", "population": 15.0, "centroid_lat": 43.84621877, "centroid_lon": 6.317747968 }, "geometry": { "type": "Polygon", "coordinates": [ [ [ 6.332621185977941, 43.834506700914325 ], [ 6.363672413428478, 43.833553051536661 ], [ 6.362349423442231, 43.811076074020683 ], [ 6.331310379832971, 43.812029335159536 ], [ 6.332621185977941, 43.834506700914325 ] ] ] } },
{ "type": "Feature", "properties": { "id": 50, "left": 962993.4, "top": 6309600.1, "right": 965493.4, "bottom": 6307100.1, "grid_row": 22, "grid_col": 1, "id_2": 77, "name_fr": "La Palud-sur-Verdon10", "name_nl": "La Palud-sur-Verdon10", "population": 2.0, "centroid_lat": 43.823741063, "centroid_lon": 6.316442741 }, "geometry": { "type": "Polygon", "coordinates": [ [ [ 6.27051564659191, 43.836387483255542 ], [ 6.30156892718127, 43.835451511638659 ], [ 6.300270306092618, 43.812973761236663 ], [ 6.269229211763419, 43.813909351798301 ], [ 6.27051564659191, 43.836387483255542 ] ] ] } },
{ "type": "Feature", "properties": { "id": 51, "left": 962993.4, "top": 6307100.1, "right": 965493.4, "bottom": 6304600.1, "grid_row": 23, "grid_col": 1, "id_2": 77, "name_fr": "La Palud-sur-Verdon10", "name_nl": "La Palud-sur-Verdon10", "population": 2.0, "centroid_lat": 43.823741063, "centroid_lon": 6.316442741 }, "geometry": { "type": "Polygon", "coordinates": [ [ [ 6.269229211763419, 43.813909351798301 ], [ 6.300270306092618, 43.812973761236663 ], [ 6.298972705593128, 43.79049631214864 ], [ 6.267943787979953, 43.791431521817429 ], [ 6.269229211763419, 43.813909351798301 ] ] ] } },
{ "type": "Feature", "properties": { "id": 77, "left": 965493.4, "top": 6309600.1, "right": 967993.4, "bottom": 6307100.1, "grid_row": 22, "grid_col": 2, "id_2": 77, "name_fr": "La Palud-sur-Verdon10", "name_nl": "La Palud-sur-Verdon10", "population": 2.0, "centroid_lat": 43.823741063, "centroid_lon": 6.316442741 }, "geometry": { "type": "Polygon", "coordinates": [ [ [ 6.30156892718127, 43.835451511638659 ], [ 6.332621185977941, 43.834506700914325 ], [ 6.331310379832971, 43.812029335159536 ], [ 6.300270306092618, 43.812973761236663 ], [ 6.30156892718127, 43.835451511638659 ] ] ] } },
{ "type": "Feature", "properties": { "id": 78, "left": 965493.4, "top": 6307100.1, "right": 967993.4, "bottom": 6304600.1, "grid_row": 23, "grid_col": 2, "id_2": 77, "name_fr": "La Palud-sur-Verdon10", "name_nl": "La Palud-sur-Verdon10", "population": 2.0, "centroid_lat": 43.823741063, "centroid_lon": 6.316442741 }, "geometry": { "type": "Polygon", "coordinates": [ [ [ 6.300270306092618, 43.812973761236663 ], [ 6.331310379832971, 43.812029335159536 ], [ 6.330000603819408, 43.789552270554786 ], [ 6.298972705593128, 43.79049631214864 ], [ 6.300270306092618, 43.812973761236663 ] ] ] } },
{ "type": "Feature", "properties": { "id": 104, "left": 967993.4, "top": 6309600.1, "right": 970493.4, "bottom": 6307100.1, "grid_row": 22, "grid_col": 3, "id_2": 77, "name_fr": "La Palud-sur-Verdon10", "name_nl": "La Palud-sur-Verdon10", "population": 2.0, "centroid_lat": 43.823741063, "centroid_lon": 6.316442741 }, "geometry": { "type": "Polygon", "coordinates": [ [ [ 6.332621185977941, 43.834506700914325 ], [ 6.363672413428478, 43.833553051536661 ], [ 6.362349423442231, 43.811076074020683 ], [ 6.331310379832971, 43.812029335159536 ], [ 6.332621185977941, 43.834506700914325 ] ] ] } },
{ "type": "Feature", "properties": { "id": 105, "left": 967993.4, "top": 6307100.1, "right": 970493.4, "bottom": 6304600.1, "grid_row": 23, "grid_col": 3, "id_2": 77, "name_fr": "La Palud-sur-Verdon10", "name_nl": "La Palud-sur-Verdon10", "population": 2.0, "centroid_lat": 43.823741063, "centroid_lon": 6.316442741 }, "geometry": { "type": "Polygon", "coordinates": [ [ [ 6.331310379832971, 43.812029335159536 ], [ 6.362349423442231, 43.811076074020683 ], [ 6.361027473127733, 43.788599397489257 ], [ 6.330000603819408, 43.789552270554786 ], [ 6.331310379832971, 43.812029335159536 ] ] ] } },
{ "type": "Feature", "properties": { "id": 51, "left": 962993.4, "top": 6307100.1, "right": 965493.4, "bottom": 6304600.1, "grid_row": 23, "grid_col": 1, "id_2": 78, "name_fr": "La Palud-sur-Verdon11", "name_nl": "La Palud-sur-Verdon11", "population": 0.0, "centroid_lat": 43.801263655, "centroid_lon": 6.31513854 }, "geometry": { "type": "Polygon", "coordinates": [ [ [ 6.269229211763419, 43.813909351798301 ], [ 6.300270306092618, 43.812973761236663 ], [ 6.298972705593128, 43.79049631214864 ], [ 6.267943787979953, 43.791431521817429 ], [ 6.269229211763419, 43.813909351798301 ] ] ] } },
{ "type": "Feature", "properties": { "id": 52, "left": 962993.4, "top": 6304600.1, "right": 965493.4, "bottom": 6302100.1, "grid_row": 24, "grid_col": 1, "id_2": 78, "name_fr": "La Palud-sur-Verdon11", "name_nl": "La Palud-sur-Verdon11", "population": 0.0, "centroid_lat": 43.801263655, "centroid_lon": 6.31513854 }, "geometry": { "type": "Polygon", "coordinates": [ [ [ 6.267943787979953, 43.791431521817429 ], [ 6.298972705593128, 43.79049631214864 ], [ 6.297676124480849, 43.768019167680542 ], [ 6.26665937405075, 43.768953996618805 ], [ 6.267943787979953, 43.791431521817429 ] ] ] } },
{ "type": "Feature", "properties": { "id": 78, "left": 965493.4, "top": 6307100.1, "right": 967993.4, "bottom": 6304600.1, "grid_row": 23, "grid_col": 2, "id_2": 78, "name_fr": "La Palud-sur-Verdon11", "name_nl": "La Palud-sur-Verdon11", "population": 0.0, "centroid_lat": 43.801263655, "centroid_lon": 6.31513854 }, "geometry": { "type": "Polygon", "coordinates": [ [ [ 6.300270306092618, 43.812973761236663 ], [ 6.331310379832971, 43.812029335159536 ], [ 6.330000603819408, 43.789552270554786 ], [ 6.298972705593128, 43.79049631214864 ], [ 6.300270306092618, 43.812973761236663 ] ] ] } },
{ "type": "Feature", "properties": { "id": 79, "left": 965493.4, "top": 6304600.1, "right": 967993.4, "bottom": 6302100.1, "grid_row": 24, "grid_col": 2, "id_2": 78, "name_fr": "La Palud-sur-Verdon11", "name_nl": "La Palud-sur-Verdon11", "population": 0.0, "centroid_lat": 43.801263655, "centroid_lon": 6.31513854 }, "geometry": { "type": "Polygon", "coordinates": [ [ [ 6.298972705593128, 43.79049631214864 ], [ 6.330000603819408, 43.789552270554786 ], [ 6.328691856724118, 43.767075510406137 ], [ 6.297676124480849, 43.768019167680542 ], [ 6.298972705593128, 43.79049631214864 ] ] ] } },
{ "type": "Feature", "properties": { "id": 52, "left": 962993.4, "top": 6304600.1, "right": 965493.4, "bottom": 6302100.1, "grid_row": 24, "grid_col": 1, "id_2": 79, "name_fr": "La Palud-sur-Verdon12", "name_nl": "La Palud-sur-Verdon12", "population": 4.0, "centroid_lat": 43.77878655, "centroid_lon": 6.313835364 }, "geometry": { "type": "Polygon", "coordinates": [ [ [ 6.267943787979953, 43.791431521817429 ], [ 6.298972705593128, 43.79049631214864 ], [ 6.297676124480849, 43.768019167680542 ], [ 6.26665937405075, 43.768953996618805 ], [ 6.267943787979953, 43.791431521817429 ] ] ] } },
{ "type": "Feature", "properties": { "id": 53, "left": 962993.4, "top": 6302100.1, "right": 965493.4, "bottom": 6299600.1, "grid_row": 25, "grid_col": 1, "id_2": 79, "name_fr": "La Palud-sur-Verdon12", "name_nl": "La Palud-sur-Verdon12", "population": 4.0, "centroid_lat": 43.77878655, "centroid_lon": 6.313835364 }, "geometry": { "type": "Polygon", "coordinates": [ [ [ 6.26665937405075, 43.768953996618805 ], [ 6.297676124480849, 43.768019167680542 ], [ 6.296380561555713, 43.745542331136967 ], [ 6.265375968786913, 43.746476779506821 ], [ 6.26665937405075, 43.768953996618805 ] ] ] } },
{ "type": "Feature", "properties": { "id": 79, "left": 965493.4, "top": 6304600.1, "right": 967993.4, "bottom": 6302100.1, "grid_row": 24, "grid_col": 2, "id_2": 79, "name_fr": "La Palud-sur-Verdon12", "name_nl": "La Palud-sur-Verdon12", "population": 4.0, "centroid_lat": 43.77878655, "centroid_lon": 6.313835364 }, "geometry": { "type": "Polygon", "coordinates": [ [ [ 6.298972705593128, 43.79049631214864 ], [ 6.330000603819408, 43.789552270554786 ], [ 6.328691856724118, 43.767075510406137 ], [ 6.297676124480849, 43.768019167680542 ], [ 6.298972705593128, 43.79049631214864 ] ] ] } },
{ "type": "Feature", "properties": { "id": 80, "left": 965493.4, "top": 6302100.1, "right": 967993.4, "bottom": 6299600.1, "grid_row": 25, "grid_col": 2, "id_2": 79, "name_fr": "La Palud-sur-Verdon12", "name_nl": "La Palud-sur-Verdon12", "population": 4.0, "centroid_lat": 43.77878655, "centroid_lon": 6.313835364 }, "geometry": { "type": "Polygon", "coordinates": [ [ [ 6.297676124480849, 43.768019167680542 ], [ 6.328691856724118, 43.767075510406137 ], [ 6.327384137335867, 43.744599058018366 ], [ 6.296380561555713, 43.745542331136967 ], [ 6.297676124480849, 43.768019167680542 ] ] ] } },
{ "type": "Feature", "properties": { "id": 53, "left": 962993.4, "top": 6302100.1, "right": 965493.4, "bottom": 6299600.1, "grid_row": 25, "grid_col": 1, "id_2": 80, "name_fr": "La Palud-sur-Verdon13", "name_nl": "La Palud-sur-Verdon13", "population": 0.0, "centroid_lat": 43.756309751000003, "centroid_lon": 6.312533211 }, "geometry": { "type": "Polygon", "coordinates": [ [ [ 6.26665937405075, 43.768953996618805 ], [ 6.297676124480849, 43.768019167680542 ], [ 6.296380561555713, 43.745542331136967 ], [ 6.265375968786913, 43.746476779506821 ], [ 6.26665937405075, 43.768953996618805 ] ] ] } },
{ "type": "Feature", "properties": { "id": 54, "left": 962993.4, "top": 6299600.1, "right": 965493.4, "bottom": 6297100.1, "grid_row": 26, "grid_col": 1, "id_2": 80, "name_fr": "La Palud-sur-Verdon13", "name_nl": "La Palud-sur-Verdon13", "population": 0.0, "centroid_lat": 43.756309751000003, "centroid_lon": 6.312533211 }, "geometry": { "type": "Polygon", "coordinates": [ [ [ 6.265375968786913, 43.746476779506821 ], [ 6.296380561555713, 43.745542331136967 ], [ 6.295086015619535, 43.723065805821037 ], [ 6.264093571001413, 43.723999873784528 ], [ 6.265375968786913, 43.746476779506821 ] ] ] } },
{ "type": "Feature", "properties": { "id": 80, "left": 965493.4, "top": 6302100.1, "right": 967993.4, "bottom": 6299600.1, "grid_row": 25, "grid_col": 2, "id_2": 80, "name_fr": "La Palud-sur-Verdon13", "name_nl": "La Palud-sur-Verdon13", "population": 0.0, "centroid_lat": 43.756309751000003, "centroid_lon": 6.312533211 }, "geometry": { "type": "Polygon", "coordinates": [ [ [ 6.297676124480849, 43.768019167680542 ], [ 6.328691856724118, 43.767075510406137 ], [ 6.327384137335867, 43.744599058018366 ], [ 6.296380561555713, 43.745542331136967 ], [ 6.297676124480849, 43.768019167680542 ] ] ] } },
{ "type": "Feature", "properties": { "id": 81, "left": 965493.4, "top": 6299600.1, "right": 967993.4, "bottom": 6297100.1, "grid_row": 26, "grid_col": 2, "id_2": 80, "name_fr": "La Palud-sur-Verdon13", "name_nl": "La Palud-sur-Verdon13", "population": 0.0, "centroid_lat": 43.756309751000003, "centroid_lon": 6.312533211 }, "geometry": { "type": "Polygon", "coordinates": [ [ [ 6.296380561555713, 43.745542331136967 ], [ 6.327384137335867, 43.744599058018366 ], [ 6.326077444445319, 43.722122916694687 ], [ 6.295086015619535, 43.723065805821037 ], [ 6.296380561555713, 43.745542331136967 ] ] ] } },
{ "type": "Feature", "properties": { "id": 107, "left": 967993.4, "top": 6302100.1, "right": 970493.4, "bottom": 6299600.1, "grid_row": 25, "grid_col": 3, "id_2": 80, "name_fr": "La Palud-sur-Verdon13", "name_nl": "La Palud-sur-Verdon13", "population": 0.0, "centroid_lat": 43.756309751000003, "centroid_lon": 6.312533211 }, "geometry": { "type": "Polygon", "coordinates": [ [ [ 6.328691856724118, 43.767075510406137 ], [ 6.359706561260666, 43.766123025248632 ], [ 6.358386686618632, 43.74364696060367 ], [ 6.327384137335867, 43.744599058018366 ], [ 6.328691856724118, 43.767075510406137 ] ] ] } },
{ "type": "Feature", "properties": { "id": 108, "left": 967993.4, "top": 6299600.1, "right": 970493.4, "bottom": 6297100.1, "grid_row": 26, "grid_col": 3, "id_2": 80, "name_fr": "La Palud-sur-Verdon13", "name_nl": "La Palud-sur-Verdon13", "population": 0.0, "centroid_lat": 43.756309751000003, "centroid_lon": 6.312533211 }, "geometry": { "type": "Polygon", "coordinates": [ [ [ 6.327384137335867, 43.744599058018366 ], [ 6.358386686618632, 43.74364696060367 ], [ 6.357067847981153, 43.721171206857754 ], [ 6.326077444445319, 43.722122916694687 ], [ 6.327384137335867, 43.744599058018366 ] ] ] } },
{ "type": "Feature", "properties": { "id": 64, "left": 965493.4, "top": 6342100.1, "right": 967993.4, "bottom": 6339600.1, "grid_row": 9, "grid_col": 2, "id_2": 91, "name_fr": "Tartonne03", "name_nl": "Tartonne03", "population": 0.0, "centroid_lat": 44.115019345, "centroid_lon": 6.364696019 }, "geometry": { "type": "Polygon", "coordinates": [ [ [ 6.31854442529055, 44.127688179620421 ], [ 6.349755963284717, 44.12673835350266 ], [ 6.348431654163275, 44.104257374301881 ], [ 6.317232426300423, 44.105206813628925 ], [ 6.31854442529055, 44.127688179620421 ] ] ] } },
{ "type": "Feature", "properties": { "id": 91, "left": 967993.4, "top": 6342100.1, "right": 970493.4, "bottom": 6339600.1, "grid_row": 9, "grid_col": 3, "id_2": 91, "name_fr": "Tartonne03", "name_nl": "Tartonne03", "population": 0.0, "centroid_lat": 44.115019345, "centroid_lon": 6.364696019 }, "geometry": { "type": "Polygon", "coordinates": [ [ [ 6.349755963284717, 44.12673835350266 ], [ 6.380966453961961, 44.125779641902106 ], [ 6.379629835949381, 44.10329905310347 ], [ 6.348431654163275, 44.104257374301881 ], [ 6.349755963284717, 44.12673835350266 ] ] ] } },
{ "type": "Feature", "properties": { "id": 92, "left": 967993.4, "top": 6339600.1, "right": 970493.4, "bottom": 6337100.1, "grid_row": 10, "grid_col": 3, "id_2": 91, "name_fr": "Tartonne03", "name_nl": "Tartonne03", "population": 0.0, "centroid_lat": 44.115019345, "centroid_lon": 6.364696019 }, "geometry": { "type": "Polygon", "coordinates": [ [ [ 6.348431654163275, 44.104257374301881 ], [ 6.379629835949381, 44.10329905310347 ], [ 6.378294273701166, 44.080818722178698 ], [ 6.347108391118908, 44.081776653142207 ], [ 6.348431654163275, 44.104257374301881 ] ] ] } },
{ "type": "Feature", "properties": { "id": 65, "left": 965493.4, "top": 6339600.1, "right": 967993.4, "bottom": 6337100.1, "grid_row": 10, "grid_col": 2, "id_2": 92, "name_fr": "Tartonne04", "name_nl": "Tartonne04", "population": 2.0, "centroid_lat": 44.092538689000001, "centroid_lon": 6.363366081 }, "geometry": { "type": "Polygon", "coordinates": [ [ [ 6.317232426300423, 44.105206813628925 ], [ 6.348431654163275, 44.104257374301881 ], [ 6.347108391118908, 44.081776653142207 ], [ 6.315921463698121, 44.082725705844268 ], [ 6.317232426300423, 44.105206813628925 ] ] ] } },
{ "type": "Feature", "properties": { "id": 66, "left": 965493.4, "top": 6337100.1, "right": 967993.4, "bottom": 6334600.1, "grid_row": 11, "grid_col": 2, "id_2": 92, "name_fr": "Tartonne04", "name_nl": "Tartonne04", "population": 2.0, "centroid_lat": 44.092538689000001, "centroid_lon": 6.363366081 }, "geometry": { "type": "Polygon", "coordinates": [ [ [ 6.315921463698121, 44.082725705844268 ], [ 6.347108391118908, 44.081776653142207 ], [ 6.345786172913393, 44.059296193348203 ], [ 6.314611536256838, 44.060244859590838 ], [ 6.315921463698121, 44.082725705844268 ] ] ] } },
{ "type": "Feature", "properties": { "id": 92, "left": 967993.4, "top": 6339600.1, "right": 970493.4, "bottom": 6337100.1, "grid_row": 10, "grid_col": 3, "id_2": 92, "name_fr": "Tartonne04", "name_nl": "Tartonne04", "population": 2.0, "centroid_lat": 44.092538689000001, "centroid_lon": 6.363366081 }, "geometry": { "type": "Polygon", "coordinates": [ [ [ 6.348431654163275, 44.104257374301881 ], [ 6.379629835949381, 44.10329905310347 ], [ 6.378294273701166, 44.080818722178698 ], [ 6.347108391118908, 44.081776653142207 ], [ 6.348431654163275, 44.104257374301881 ] ] ] } },
{ "type": "Feature", "properties": { "id": 93, "left": 967993.4, "top": 6337100.1, "right": 970493.4, "bottom": 6334600.1, "grid_row": 11, "grid_col": 3, "id_2": 92, "name_fr": "Tartonne04", "name_nl": "Tartonne04", "population": 2.0, "centroid_lat": 44.092538689000001, "centroid_lon": 6.363366081 }, "geometry": { "type": "Polygon", "coordinates": [ [ [ 6.347108391118908, 44.081776653142207 ], [ 6.378294273701166, 44.080818722178698 ], [ 6.376959765967686, 44.058338652452527 ], [ 6.345786172913393, 44.059296193348203 ], [ 6.347108391118908, 44.081776653142207 ] ] ] } },
{ "type": "Feature", "properties": { "id": 66, "left": 965493.4, "top": 6337100.1, "right": 967993.4, "bottom": 6334600.1, "grid_row": 11, "grid_col": 2, "id_2": 93, "name_fr": "Tartonne05", "name_nl": "Tartonne05", "population": 19.0, "centroid_lat": 44.070058294, "centroid_lon": 6.362037193 }, "geometry": { "type": "Polygon", "coordinates": [ [ [ 6.315921463698121, 44.082725705844268 ], [ 6.347108391118908, 44.081776653142207 ], [ 6.345786172913393, 44.059296193348203 ], [ 6.314611536256838, 44.060244859590838 ], [ 6.315921463698121, 44.082725705844268 ] ] ] } },
{ "type": "Feature", "properties": { "id": 67, "left": 965493.4, "top": 6334600.1, "right": 967993.4, "bottom": 6332100.1, "grid_row": 12, "grid_col": 2, "id_2": 93, "name_fr": "Tartonne05", "name_nl": "Tartonne05", "population": 19.0, "centroid_lat": 44.070058294, "centroid_lon": 6.362037193 }, "geometry": { "type": "Polygon", "coordinates": [ [ [ 6.314611536256838, 44.060244859590838 ], [ 6.345786172913393, 44.059296193348203 ], [ 6.344464998310465, 44.036815998243043 ], [ 6.313302642751705, 44.03776427819168 ], [ 6.314611536256838, 44.060244859590838 ] ] ] } },
{ "type": "Feature", "properties": { "id": 93, "left": 967993.4, "top": 6337100.1, "right": 970493.4, "bottom": 6334600.1, "grid_row": 11, "grid_col": 3, "id_2": 93, "name_fr": "Tartonne05", "name_nl": "Tartonne05", "population": 19.0, "centroid_lat": 44.070058294, "centroid_lon": 6.362037193 }, "geometry": { "type": "Polygon", "coordinates": [ [ [ 6.347108391118908, 44.081776653142207 ], [ 6.378294273701166, 44.080818722178698 ], [ 6.376959765967686, 44.058338652452527 ], [ 6.345786172913393, 44.059296193348203 ], [ 6.347108391118908, 44.081776653142207 ] ] ] } },
{ "type": "Feature", "properties": { "id": 94, "left": 967993.4, "top": 6334600.1, "right": 970493.4, "bottom": 6332100.1, "grid_row": 12, "grid_col": 3, "id_2": 93, "name_fr": "Tartonne05", "name_nl": "Tartonne05", "population": 19.0, "centroid_lat": 44.070058294, "centroid_lon": 6.362037193 }, "geometry": { "type": "Polygon", "coordinates": [ [ [ 6.345786172913393, 44.059296193348203 ], [ 6.376959765967686, 44.058338652452527 ], [ 6.37562631150128, 44.035858847248235 ], [ 6.344464998310465, 44.036815998243043 ], [ 6.345786172913393, 44.059296193348203 ] ] ] } },
{ "type": "Feature", "properties": { "id": 94, "left": 967993.4, "top": 6334600.1, "right": 970493.4, "bottom": 6332100.1, "grid_row": 12, "grid_col": 3, "id_2": 94, "name_fr": "Clumanc03", "name_nl": "Clumanc03", "population": 22.0, "centroid_lat": 44.047578160999997, "centroid_lon": 6.360709354 }, "geometry": { "type": "Polygon", "coordinates": [ [ [ 6.345786172913393, 44.059296193348203 ], [ 6.376959765967686, 44.058338652452527 ], [ 6.37562631150128, 44.035858847248235 ], [ 6.344464998310465, 44.036815998243043 ], [ 6.345786172913393, 44.059296193348203 ] ] ] } },
{ "type": "Feature", "properties": { "id": 95, "left": 967993.4, "top": 6332100.1, "right": 970493.4, "bottom": 6329600.1, "grid_row": 13, "grid_col": 3, "id_2": 94, "name_fr": "Clumanc03", "name_nl": "Clumanc03", "population": 22.0, "centroid_lat": 44.047578160999997, "centroid_lon": 6.360709354 }, "geometry": { "type": "Polygon", "coordinates": [ [ [ 6.344464998310465, 44.036815998243043 ], [ 6.37562631150128, 44.035858847248235 ], [ 6.374293909056258, 44.013379309887675 ], [ 6.343144866075805, 44.01433607114847 ], [ 6.344464998310465, 44.036815998243043 ] ] ] } },
{ "type": "Feature", "properties": { "id": 95, "left": 967993.4, "top": 6332100.1, "right": 970493.4, "bottom": 6329600.1, "grid_row": 13, "grid_col": 3, "id_2": 95, "name_fr": "Clumanc04", "name_nl": "Clumanc04", "population": 42.0, "centroid_lat": 44.025098295, "centroid_lon": 6.359382563 }, "geometry": { "type": "Polygon", "coordinates": [ [ [ 6.344464998310465, 44.036815998243043 ], [ 6.37562631150128, 44.035858847248235 ], [ 6.374293909056258, 44.013379309887675 ], [ 6.343144866075805, 44.01433607114847 ], [ 6.344464998310465, 44.036815998243043 ] ] ] } },
{ "type": "Feature", "properties": { "id": 96, "left": 967993.4, "top": 6329600.1, "right": 970493.4, "bottom": 6327100.1, "grid_row": 14, "grid_col": 3, "id_2": 95, "name_fr": "Clumanc04", "name_nl": "Clumanc04", "population": 42.0, "centroid_lat": 44.025098295, "centroid_lon": 6.359382563 }, "geometry": { "type": "Polygon", "coordinates": [ [ [ 6.343144866075805, 44.01433607114847 ], [ 6.374293909056258, 44.013379309887675 ], [ 6.372962557388886, 43.990900043691362 ], [ 6.341825774977041, 43.991856415384788 ], [ 6.343144866075805, 44.01433607114847 ] ] ] } },
{ "type": "Feature", "properties": { "id": 96, "left": 967993.4, "top": 6329600.1, "right": 970493.4, "bottom": 6327100.1, "grid_row": 14, "grid_col": 3, "id_2": 96, "name_fr": "Clumanc05", "name_nl": "Clumanc05", "population": 8.0, "centroid_lat": 44.002618698, "centroid_lon": 6.358056819 }, "geometry": { "type": "Polygon", "coordinates": [ [ [ 6.343144866075805, 44.01433607114847 ], [ 6.374293909056258, 44.013379309887675 ], [ 6.372962557388886, 43.990900043691362 ], [ 6.341825774977041, 43.991856415384788 ], [ 6.343144866075805, 44.01433607114847 ] ] ] } },
{ "type": "Feature", "properties": { "id": 97, "left": 967993.4, "top": 6327100.1, "right": 970493.4, "bottom": 6324600.1, "grid_row": 15, "grid_col": 3, "id_2": 96, "name_fr": "Clumanc05", "name_nl": "Clumanc05", "population": 8.0, "centroid_lat": 44.002618698, "centroid_lon": 6.358056819 }, "geometry": { "type": "Polygon", "coordinates": [ [ [ 6.341825774977041, 43.991856415384788 ], [ 6.372962557388886, 43.990900043691362 ], [ 6.371632255257396, 43.968421051978311 ], [ 6.340507723783738, 43.969377034270948 ], [ 6.341825774977041, 43.991856415384788 ] ] ] } },
{ "type": "Feature", "properties": { "id": 123, "left": 970493.4, "top": 6329600.1, "right": 972993.4, "bottom": 6327100.1, "grid_row": 14, "grid_col": 4, "id_2": 96, "name_fr": "Clumanc05", "name_nl": "Clumanc05", "population": 8.0, "centroid_lat": 44.002618698, "centroid_lon": 6.358056819 }, "geometry": { "type": "Polygon", "coordinates": [ [ [ 6.374293909056258, 44.013379309887675 ], [ 6.405441901259385, 44.012413681647409 ], [ 6.404098290265178, 43.989934808621868 ], [ 6.372962557388886, 43.990900043691362 ], [ 6.374293909056258, 44.013379309887675 ] ] ] } },
{ "type": "Feature", "properties": { "id": 124, "left": 970493.4, "top": 6327100.1, "right": 972993.4, "bottom": 6324600.1, "grid_row": 15, "grid_col": 4, "id_2": 96, "name_fr": "Clumanc05", "name_nl": "Clumanc05", "population": 8.0, "centroid_lat": 44.002618698, "centroid_lon": 6.358056819 }, "geometry": { "type": "Polygon", "coordinates": [ [ [ 6.372962557388886, 43.990900043691362 ], [ 6.404098290265178, 43.989934808621868 ], [ 6.402755738435316, 43.967456209911489 ], [ 6.371632255257396, 43.968421051978311 ], [ 6.372962557388886, 43.990900043691362 ] ] ] } },
{ "type": "Feature", "properties": { "id": 70, "left": 965493.4, "top": 6327100.1, "right": 967993.4, "bottom": 6324600.1, "grid_row": 15, "grid_col": 2, "id_2": 97, "name_fr": "Chaudon-Norante09", "name_nl": "Chaudon-Norante09", "population": 0.0, "centroid_lat": 43.980139373999997, "centroid_lon": 6.35673212 }, "geometry": { "type": "Polygon", "coordinates": [ [ [ 6.310687952660055, 43.992803923241155 ], [ 6.341825774977041, 43.991856415384788 ], [ 6.340507723783738, 43.969377034270948 ], [ 6.309382153633436, 43.970324156328751 ], [ 6.310687952660055, 43.992803923241155 ] ] ] } },
{ "type": "Feature", "properties": { "id": 71, "left": 965493.4, "top": 6324600.1, "right": 967993.4, "bottom": 6322100.1, "grid_row": 16, "grid_col": 2, "id_2": 97, "name_fr": "Chaudon-Norante09", "name_nl": "Chaudon-Norante09", "population": 0.0, "centroid_lat": 43.980139373999997, "centroid_lon": 6.35673212 }, "geometry": { "type": "Polygon", "coordinates": [ [ [ 6.309382153633436, 43.970324156328751 ], [ 6.340507723783738, 43.969377034270948 ], [ 6.339190711267401, 43.946897931124404 ], [ 6.308077383662752, 43.947844667548551 ], [ 6.309382153633436, 43.970324156328751 ] ] ] } },
{ "type": "Feature", "properties": { "id": 97, "left": 967993.4, "top": 6327100.1, "right": 970493.4, "bottom": 6324600.1, "grid_row": 15, "grid_col": 3, "id_2": 97, "name_fr": "Chaudon-Norante09", "name_nl": "Chaudon-Norante09", "population": 0.0, "centroid_lat": 43.980139373999997, "centroid_lon": 6.35673212 }, "geometry": { "type": "Polygon", "coordinates": [ [ [ 6.341825774977041, 43.991856415384788 ], [ 6.372962557388886, 43.990900043691362 ], [ 6.371632255257396, 43.968421051978311 ], [ 6.340507723783738, 43.969377034270948 ], [ 6.341825774977041, 43.991856415384788 ] ] ] } },
{ "type": "Feature", "properties": { "id": 98, "left": 967993.4, "top": 6324600.1, "right": 970493.4, "bottom": 6322100.1, "grid_row": 16, "grid_col": 3, "id_2": 97, "name_fr": "Chaudon-Norante09", "name_nl": "Chaudon-Norante09", "population": 0.0, "centroid_lat": 43.980139373999997, "centroid_lon": 6.35673212 }, "geometry": { "type": "Polygon", "coordinates": [ [ [ 6.340507723783738, 43.969377034270948 ], [ 6.371632255257396, 43.968421051978311 ], [ 6.370303001421965, 43.94594233806616 ], [ 6.339190711267401, 43.946897931124404 ], [ 6.340507723783738, 43.969377034270948 ] ] ] } },
{ "type": "Feature", "properties": { "id": 124, "left": 970493.4, "top": 6327100.1, "right": 972993.4, "bottom": 6324600.1, "grid_row": 15, "grid_col": 4, "id_2": 97, "name_fr": "Chaudon-Norante09", "name_nl": "Chaudon-Norante09", "population": 0.0, "centroid_lat": 43.980139373999997, "centroid_lon": 6.35673212 }, "geometry": { "type": "Polygon", "coordinates": [ [ [ 6.372962557388886, 43.990900043691362 ], [ 6.404098290265178, 43.989934808621868 ], [ 6.402755738435316, 43.967456209911489 ], [ 6.371632255257396, 43.968421051978311 ], [ 6.372962557388886, 43.990900043691362 ] ] ] } },
{ "type": "Feature", "properties": { "id": 71, "left": 965493.4, "top": 6324600.1, "right": 967993.4, "bottom": 6322100.1, "grid_row": 16, "grid_col": 2, "id_2": 98, "name_fr": "Barrême01", "name_nl": "Barrême01", "population": 353.0, "centroid_lat": 43.957660326000003, "centroid_lon": 6.355408465 }, "geometry": { "type": "Polygon", "coordinates": [ [ [ 6.309382153633436, 43.970324156328751 ], [ 6.340507723783738, 43.969377034270948 ], [ 6.339190711267401, 43.946897931124404 ], [ 6.308077383662752, 43.947844667548551 ], [ 6.309382153633436, 43.970324156328751 ] ] ] } },
{ "type": "Feature", "properties": { "id": 72, "left": 965493.4, "top": 6322100.1, "right": 967993.4, "bottom": 6319600.1, "grid_row": 17, "grid_col": 2, "id_2": 98, "name_fr": "Barrême01", "name_nl": "Barrême01", "population": 353.0, "centroid_lat": 43.957660326000003, "centroid_lon": 6.355408465 }, "geometry": { "type": "Polygon", "coordinates": [ [ [ 6.308077383662752, 43.947844667548551 ], [ 6.339190711267401, 43.946897931124404 ], [ 6.337874736201464, 43.924419109261251 ], [ 6.306773641532749, 43.925365460216483 ], [ 6.308077383662752, 43.947844667548551 ] ] ] } },
{ "type": "Feature", "properties": { "id": 97, "left": 967993.4, "top": 6327100.1, "right": 970493.4, "bottom": 6324600.1, "grid_row": 15, "grid_col": 3, "id_2": 98, "name_fr": "Barrême01", "name_nl": "Barrême01", "population": 353.0, "centroid_lat": 43.957660326000003, "centroid_lon": 6.355408465 }, "geometry": { "type": "Polygon", "coordinates": [ [ [ 6.341825774977041, 43.991856415384788 ], [ 6.372962557388886, 43.990900043691362 ], [ 6.371632255257396, 43.968421051978311 ], [ 6.340507723783738, 43.969377034270948 ], [ 6.341825774977041, 43.991856415384788 ] ] ] } },
{ "type": "Feature", "properties": { "id": 98, "left": 967993.4, "top": 6324600.1, "right": 970493.4, "bottom": 6322100.1, "grid_row": 16, "grid_col": 3, "id_2": 98, "name_fr": "Barrême01", "name_nl": "Barrême01", "population": 353.0, "centroid_lat": 43.957660326000003, "centroid_lon": 6.355408465 }, "geometry": { "type": "Polygon", "coordinates": [ [ [ 6.340507723783738, 43.969377034270948 ], [ 6.371632255257396, 43.968421051978311 ], [ 6.370303001421965, 43.94594233806616 ], [ 6.339190711267401, 43.946897931124404 ], [ 6.340507723783738, 43.969377034270948 ] ] ] } },
{ "type": "Feature", "properties": { "id": 99, "left": 967993.4, "top": 6322100.1, "right": 970493.4, "bottom": 6319600.1, "grid_row": 17, "grid_col": 3, "id_2": 98, "name_fr": "Barrême01", "name_nl": "Barrême01", "population": 353.0, "centroid_lat": 43.957660326000003, "centroid_lon": 6.355408465 }, "geometry": { "type": "Polygon", "coordinates": [ [ [ 6.339190711267401, 43.946897931124404 ], [ 6.370303001421965, 43.94594233806616 ], [ 6.368974794644732, 43.923463905271127 ], [ 6.337874736201464, 43.924419109261251 ], [ 6.339190711267401, 43.946897931124404 ] ] ] } },
{ "type": "Feature", "properties": { "id": 72, "left": 965493.4, "top": 6322100.1, "right": 967993.4, "bottom": 6319600.1, "grid_row": 17, "grid_col": 2, "id_2": 99, "name_fr": "Barrême02", "name_nl": "Barrême02", "population": 3.0, "centroid_lat": 43.935181557999996, "centroid_lon": 6.354085853 }, "geometry": { "type": "Polygon", "coordinates": [ [ [ 6.308077383662752, 43.947844667548551 ], [ 6.339190711267401, 43.946897931124404 ], [ 6.337874736201464, 43.924419109261251 ], [ 6.306773641532749, 43.925365460216483 ], [ 6.308077383662752, 43.947844667548551 ] ] ] } },
{ "type": "Feature", "properties": { "id": 99, "left": 967993.4, "top": 6322100.1, "right": 970493.4, "bottom": 6319600.1, "grid_row": 17, "grid_col": 3, "id_2": 99, "name_fr": "Barrême02", "name_nl": "Barrême02", "population": 3.0, "centroid_lat": 43.935181557999996, "centroid_lon": 6.354085853 }, "geometry": { "type": "Polygon", "coordinates": [ [ [ 6.339190711267401, 43.946897931124404 ], [ 6.370303001421965, 43.94594233806616 ], [ 6.368974794644732, 43.923463905271127 ], [ 6.337874736201464, 43.924419109261251 ], [ 6.339190711267401, 43.946897931124404 ] ] ] } },
{ "type": "Feature", "properties": { "id": 72, "left": 965493.4, "top": 6322100.1, "right": 967993.4, "bottom": 6319600.1, "grid_row": 17, "grid_col": 2, "id_2": 100, "name_fr": "Blieux04", "name_nl": "Blieux04", "population": 0.0, "centroid_lat": 43.912703072, "centroid_lon": 6.352764282 }, "geometry": { "type": "Polygon", "coordinates": [ [ [ 6.308077383662752, 43.947844667548551 ], [ 6.339190711267401, 43.946897931124404 ], [ 6.337874736201464, 43.924419109261251 ], [ 6.306773641532749, 43.925365460216483 ], [ 6.308077383662752, 43.947844667548551 ] ] ] } },
{ "type": "Feature", "properties": { "id": 73, "left": 965493.4, "top": 6319600.1, "right": 967993.4, "bottom": 6317100.1, "grid_row": 18, "grid_col": 2, "id_2": 100, "name_fr": "Blieux04", "name_nl": "Blieux04", "population": 0.0, "centroid_lat": 43.912703072, "centroid_lon": 6.352764282 }, "geometry": { "type": "Polygon", "coordinates": [ [ [ 6.306773641532749, 43.925365460216483 ], [ 6.337874736201464, 43.924419109261251 ], [ 6.336559797361298, 43.901940571996143 ], [ 6.305470926030084, 43.902886537647063 ], [ 6.306773641532749, 43.925365460216483 ] ] ] } },
{ "type": "Feature", "properties": { "id": 99, "left": 967993.4, "top": 6322100.1, "right": 970493.4, "bottom": 6319600.1, "grid_row": 17, "grid_col": 3, "id_2": 100, "name_fr": "Blieux04", "name_nl": "Blieux04", "population": 0.0, "centroid_lat": 43.912703072, "centroid_lon": 6.352764282 }, "geometry": { "type": "Polygon", "coordinates": [ [ [ 6.339190711267401, 43.946897931124404 ], [ 6.370303001421965, 43.94594233806616 ], [ 6.368974794644732, 43.923463905271127 ], [ 6.337874736201464, 43.924419109261251 ], [ 6.339190711267401, 43.946897931124404 ] ] ] } },
{ "type": "Feature", "properties": { "id": 100, "left": 967993.4, "top": 6319600.1, "right": 970493.4, "bottom": 6317100.1, "grid_row": 18, "grid_col": 3, "id_2": 100, "name_fr": "Blieux04", "name_nl": "Blieux04", "population": 0.0, "centroid_lat": 43.912703072, "centroid_lon": 6.352764282 }, "geometry": { "type": "Polygon", "coordinates": [ [ [ 6.337874736201464, 43.924419109261251 ], [ 6.368974794644732, 43.923463905271127 ], [ 6.367647633689772, 43.900985756907993 ], [ 6.336559797361298, 43.901940571996143 ], [ 6.337874736201464, 43.924419109261251 ] ] ] } },
{ "type": "Feature", "properties": { "id": 74, "left": 965493.4, "top": 6317100.1, "right": 967993.4, "bottom": 6314600.1, "grid_row": 19, "grid_col": 2, "id_2": 101, "name_fr": "Blieux05", "name_nl": "Blieux05", "population": 7.0, "centroid_lat": 43.890224873000001, "centroid_lon": 6.351443752 }, "geometry": { "type": "Polygon", "coordinates": [ [ [ 6.305470926030084, 43.902886537647063 ], [ 6.336559797361298, 43.901940571996143 ], [ 6.335245893524194, 43.879462322642304 ], [ 6.30416923594332, 43.880407903153397 ], [ 6.305470926030084, 43.902886537647063 ] ] ] } },
{ "type": "Feature", "properties": { "id": 75, "left": 965493.4, "top": 6314600.1, "right": 967993.4, "bottom": 6312100.1, "grid_row": 20, "grid_col": 2, "id_2": 101, "name_fr": "Blieux05", "name_nl": "Blieux05", "population": 7.0, "centroid_lat": 43.890224873000001, "centroid_lon": 6.351443752 }, "geometry": { "type": "Polygon", "coordinates": [ [ [ 6.30416923594332, 43.880407903153397 ], [ 6.335245893524194, 43.879462322642304 ], [ 6.333933023469364, 43.856984364511568 ], [ 6.302868570062926, 43.857929560047182 ], [ 6.30416923594332, 43.880407903153397 ] ] ] } },
{ "type": "Feature", "properties": { "id": 101, "left": 967993.4, "top": 6317100.1, "right": 970493.4, "bottom": 6314600.1, "grid_row": 19, "grid_col": 3, "id_2": 101, "name_fr": "Blieux05", "name_nl": "Blieux05", "population": 7.0, "centroid_lat": 43.890224873000001, "centroid_lon": 6.351443752 }, "geometry": { "type": "Polygon", "coordinates": [ [ [ 6.336559797361298, 43.901940571996143 ], [ 6.367647633689772, 43.900985756907993 ], [ 6.366321517323112, 43.878507896290152 ], [ 6.335245893524194, 43.879462322642304 ], [ 6.336559797361298, 43.901940571996143 ] ] ] } },
{ "type": "Feature", "properties": { "id": 102, "left": 967993.4, "top": 6314600.1, "right": 970493.4, "bottom": 6312100.1, "grid_row": 20, "grid_col": 3, "id_2": 101, "name_fr": "Blieux05", "name_nl": "Blieux05", "population": 7.0, "centroid_lat": 43.890224873000001, "centroid_lon": 6.351443752 }, "geometry": { "type": "Polygon", "coordinates": [ [ [ 6.335245893524194, 43.879462322642304 ], [ 6.366321517323112, 43.878507896290152 ], [ 6.364996444312715, 43.856030326729531 ], [ 6.333933023469364, 43.856984364511568 ], [ 6.335245893524194, 43.879462322642304 ] ] ] } },
{ "type": "Feature", "properties": { "id": 75, "left": 965493.4, "top": 6314600.1, "right": 967993.4, "bottom": 6312100.1, "grid_row": 20, "grid_col": 2, "id_2": 102, "name_fr": "Blieux06", "name_nl": "Blieux06", "population": 0.0, "centroid_lat": 43.867746963000002, "centroid_lon": 6.350124261 }, "geometry": { "type": "Polygon", "coordinates": [ [ [ 6.30416923594332, 43.880407903153397 ], [ 6.335245893524194, 43.879462322642304 ], [ 6.333933023469364, 43.856984364511568 ], [ 6.302868570062926, 43.857929560047182 ], [ 6.30416923594332, 43.880407903153397 ] ] ] } },
{ "type": "Feature", "properties": { "id": 76, "left": 965493.4, "top": 6312100.1, "right": 967993.4, "bottom": 6309600.1, "grid_row": 21, "grid_col": 2, "id_2": 102, "name_fr": "Blieux06", "name_nl": "Blieux06", "population": 0.0, "centroid_lat": 43.867746963000002, "centroid_lon": 6.350124261 }, "geometry": { "type": "Polygon", "coordinates": [ [ [ 6.302868570062926, 43.857929560047182 ], [ 6.333933023469364, 43.856984364511568 ], [ 6.332621185977941, 43.834506700914325 ], [ 6.30156892718127, 43.835451511638659 ], [ 6.302868570062926, 43.857929560047182 ] ] ] } },
{ "type": "Feature", "properties": { "id": 102, "left": 967993.4, "top": 6314600.1, "right": 970493.4, "bottom": 6312100.1, "grid_row": 20, "grid_col": 3, "id_2": 102, "name_fr": "Blieux06", "name_nl": "Blieux06", "population": 0.0, "centroid_lat": 43.867746963000002, "centroid_lon": 6.350124261 }, "geometry": { "type": "Polygon", "coordinates": [ [ [ 6.335245893524194, 43.879462322642304 ], [ 6.366321517323112, 43.878507896290152 ], [ 6.364996444312715, 43.856030326729531 ], [ 6.333933023469364, 43.856984364511568 ], [ 6.335245893524194, 43.879462322642304 ] ] ] } },
{ "type": "Feature", "properties": { "id": 103, "left": 967993.4, "top": 6312100.1, "right": 970493.4, "bottom": 6309600.1, "grid_row": 21, "grid_col": 3, "id_2": 102, "name_fr": "Blieux06", "name_nl": "Blieux06", "population": 0.0, "centroid_lat": 43.867746963000002, "centroid_lon": 6.350124261 }, "geometry": { "type": "Polygon", "coordinates": [ [ [ 6.333933023469364, 43.856984364511568 ], [ 6.364996444312715, 43.856030326729531 ], [ 6.363672413428478, 43.833553051536661 ], [ 6.332621185977941, 43.834506700914325 ], [ 6.333933023469364, 43.856984364511568 ] ] ] } },
{ "type": "Feature", "properties": { "id": 76, "left": 965493.4, "top": 6312100.1, "right": 967993.4, "bottom": 6309600.1, "grid_row": 21, "grid_col": 2, "id_2": 103, "name_fr": "Blieux07", "name_nl": "Blieux07", "population": 0.0, "centroid_lat": 43.845269346000002, "centroid_lon": 6.348805808 }, "geometry": { "type": "Polygon", "coordinates": [ [ [ 6.302868570062926, 43.857929560047182 ], [ 6.333933023469364, 43.856984364511568 ], [ 6.332621185977941, 43.834506700914325 ], [ 6.30156892718127, 43.835451511638659 ], [ 6.302868570062926, 43.857929560047182 ] ] ] } },
{ "type": "Feature", "properties": { "id": 103, "left": 967993.4, "top": 6312100.1, "right": 970493.4, "bottom": 6309600.1, "grid_row": 21, "grid_col": 3, "id_2": 103, "name_fr": "Blieux07", "name_nl": "Blieux07", "population": 0.0, "centroid_lat": 43.845269346000002, "centroid_lon": 6.348805808 }, "geometry": { "type": "Polygon", "coordinates": [ [ [ 6.333933023469364, 43.856984364511568 ], [ 6.364996444312715, 43.856030326729531 ], [ 6.363672413428478, 43.833553051536661 ], [ 6.332621185977941, 43.834506700914325 ], [ 6.333933023469364, 43.856984364511568 ] ] ] } },
{ "type": "Feature", "properties": { "id": 104, "left": 967993.4, "top": 6309600.1, "right": 970493.4, "bottom": 6307100.1, "grid_row": 22, "grid_col": 3, "id_2": 103, "name_fr": "Blieux07", "name_nl": "Blieux07", "population": 0.0, "centroid_lat": 43.845269346000002, "centroid_lon": 6.348805808 }, "geometry": { "type": "Polygon", "coordinates": [ [ [ 6.332621185977941, 43.834506700914325 ], [ 6.363672413428478, 43.833553051536661 ], [ 6.362349423442231, 43.811076074020683 ], [ 6.331310379832971, 43.812029335159536 ], [ 6.332621185977941, 43.834506700914325 ] ] ] } },
{ "type": "Feature", "properties": { "id": 104, "left": 967993.4, "top": 6309600.1, "right": 970493.4, "bottom": 6307100.1, "grid_row": 22, "grid_col": 3, "id_2": 104, "name_fr": "La Palud-sur-Verdon14", "name_nl": "La Palud-sur-Verdon14", "population": 15.0, "centroid_lat": 43.822792026000002, "centroid_lon": 6.347488392 }, "geometry": { "type": "Polygon", "coordinates": [ [ [ 6.332621185977941, 43.834506700914325 ], [ 6.363672413428478, 43.833553051536661 ], [ 6.362349423442231, 43.811076074020683 ], [ 6.331310379832971, 43.812029335159536 ], [ 6.332621185977941, 43.834506700914325 ] ] ] } },
{ "type": "Feature", "properties": { "id": 105, "left": 967993.4, "top": 6307100.1, "right": 970493.4, "bottom": 6304600.1, "grid_row": 23, "grid_col": 3, "id_2": 104, "name_fr": "La Palud-sur-Verdon14", "name_nl": "La Palud-sur-Verdon14", "population": 15.0, "centroid_lat": 43.822792026000002, "centroid_lon": 6.347488392 }, "geometry": { "type": "Polygon", "coordinates": [ [ [ 6.331310379832971, 43.812029335159536 ], [ 6.362349423442231, 43.811076074020683 ], [ 6.361027473127733, 43.788599397489257 ], [ 6.330000603819408, 43.789552270554786 ], [ 6.331310379832971, 43.812029335159536 ] ] ] } },
{ "type": "Feature", "properties": { "id": 105, "left": 967993.4, "top": 6307100.1, "right": 970493.4, "bottom": 6304600.1, "grid_row": 23, "grid_col": 3, "id_2": 105, "name_fr": "La Palud-sur-Verdon15", "name_nl": "La Palud-sur-Verdon15", "population": 11.0, "centroid_lat": 43.800315003999998, "centroid_lon": 6.346172011 }, "geometry": { "type": "Polygon", "coordinates": [ [ [ 6.331310379832971, 43.812029335159536 ], [ 6.362349423442231, 43.811076074020683 ], [ 6.361027473127733, 43.788599397489257 ], [ 6.330000603819408, 43.789552270554786 ], [ 6.331310379832971, 43.812029335159536 ] ] ] } },
{ "type": "Feature", "properties": { "id": 106, "left": 967993.4, "top": 6304600.1, "right": 970493.4, "bottom": 6302100.1, "grid_row": 24, "grid_col": 3, "id_2": 105, "name_fr": "La Palud-sur-Verdon15", "name_nl": "La Palud-sur-Verdon15", "population": 11.0, "centroid_lat": 43.800315003999998, "centroid_lon": 6.346172011 }, "geometry": { "type": "Polygon", "coordinates": [ [ [ 6.330000603819408, 43.789552270554786 ], [ 6.361027473127733, 43.788599397489257 ], [ 6.359706561260666, 43.766123025248632 ], [ 6.328691856724118, 43.767075510406137 ], [ 6.330000603819408, 43.789552270554786 ] ] ] } },
{ "type": "Feature", "properties": { "id": 79, "left": 965493.4, "top": 6304600.1, "right": 967993.4, "bottom": 6302100.1, "grid_row": 24, "grid_col": 2, "id_2": 106, "name_fr": "La Palud-sur-Verdon16", "name_nl": "La Palud-sur-Verdon16", "population": 190.0, "centroid_lat": 43.777838285999998, "centroid_lon": 6.344856665 }, "geometry": { "type": "Polygon", "coordinates": [ [ [ 6.298972705593128, 43.79049631214864 ], [ 6.330000603819408, 43.789552270554786 ], [ 6.328691856724118, 43.767075510406137 ], [ 6.297676124480849, 43.768019167680542 ], [ 6.298972705593128, 43.79049631214864 ] ] ] } },
{ "type": "Feature", "properties": { "id": 80, "left": 965493.4, "top": 6302100.1, "right": 967993.4, "bottom": 6299600.1, "grid_row": 25, "grid_col": 2, "id_2": 106, "name_fr": "La Palud-sur-Verdon16", "name_nl": "La Palud-sur-Verdon16", "population": 190.0, "centroid_lat": 43.777838285999998, "centroid_lon": 6.344856665 }, "geometry": { "type": "Polygon", "coordinates": [ [ [ 6.297676124480849, 43.768019167680542 ], [ 6.328691856724118, 43.767075510406137 ], [ 6.327384137335867, 43.744599058018366 ], [ 6.296380561555713, 43.745542331136967 ], [ 6.297676124480849, 43.768019167680542 ] ] ] } },
{ "type": "Feature", "properties": { "id": 106, "left": 967993.4, "top": 6304600.1, "right": 970493.4, "bottom": 6302100.1, "grid_row": 24, "grid_col": 3, "id_2": 106, "name_fr": "La Palud-sur-Verdon16", "name_nl": "La Palud-sur-Verdon16", "population": 190.0, "centroid_lat": 43.777838285999998, "centroid_lon": 6.344856665 }, "geometry": { "type": "Polygon", "coordinates": [ [ [ 6.330000603819408, 43.789552270554786 ], [ 6.361027473127733, 43.788599397489257 ], [ 6.359706561260666, 43.766123025248632 ], [ 6.328691856724118, 43.767075510406137 ], [ 6.330000603819408, 43.789552270554786 ] ] ] } },
{ "type": "Feature", "properties": { "id": 107, "left": 967993.4, "top": 6302100.1, "right": 970493.4, "bottom": 6299600.1, "grid_row": 25, "grid_col": 3, "id_2": 106, "name_fr": "La Palud-sur-Verdon16", "name_nl": "La Palud-sur-Verdon16", "population": 190.0, "centroid_lat": 43.777838285999998, "centroid_lon": 6.344856665 }, "geometry": { "type": "Polygon", "coordinates": [ [ [ 6.328691856724118, 43.767075510406137 ], [ 6.359706561260666, 43.766123025248632 ], [ 6.358386686618632, 43.74364696060367 ], [ 6.327384137335867, 43.744599058018366 ], [ 6.328691856724118, 43.767075510406137 ] ] ] } },
{ "type": "Feature", "properties": { "id": 80, "left": 965493.4, "top": 6302100.1, "right": 967993.4, "bottom": 6299600.1, "grid_row": 25, "grid_col": 2, "id_2": 107, "name_fr": "La Palud-sur-Verdon17", "name_nl": "La Palud-sur-Verdon17", "population": 0.0, "centroid_lat": 43.755361872999998, "centroid_lon": 6.343542352 }, "geometry": { "type": "Polygon", "coordinates": [ [ [ 6.297676124480849, 43.768019167680542 ], [ 6.328691856724118, 43.767075510406137 ], [ 6.327384137335867, 43.744599058018366 ], [ 6.296380561555713, 43.745542331136967 ], [ 6.297676124480849, 43.768019167680542 ] ] ] } },
{ "type": "Feature", "properties": { "id": 107, "left": 967993.4, "top": 6302100.1, "right": 970493.4, "bottom": 6299600.1, "grid_row": 25, "grid_col": 3, "id_2": 107, "name_fr": "La Palud-sur-Verdon17", "name_nl": "La Palud-sur-Verdon17", "population": 0.0, "centroid_lat": 43.755361872999998, "centroid_lon": 6.343542352 }, "geometry": { "type": "Polygon", "coordinates": [ [ [ 6.328691856724118, 43.767075510406137 ], [ 6.359706561260666, 43.766123025248632 ], [ 6.358386686618632, 43.74364696060367 ], [ 6.327384137335867, 43.744599058018366 ], [ 6.328691856724118, 43.767075510406137 ] ] ] } },
{ "type": "Feature", "properties": { "id": 108, "left": 967993.4, "top": 6299600.1, "right": 970493.4, "bottom": 6297100.1, "grid_row": 26, "grid_col": 3, "id_2": 107, "name_fr": "La Palud-sur-Verdon17", "name_nl": "La Palud-sur-Verdon17", "population": 0.0, "centroid_lat": 43.755361872999998, "centroid_lon": 6.343542352 }, "geometry": { "type": "Polygon", "coordinates": [ [ [ 6.327384137335867, 43.744599058018366 ], [ 6.358386686618632, 43.74364696060367 ], [ 6.357067847981153, 43.721171206857754 ], [ 6.326077444445319, 43.722122916694687 ], [ 6.327384137335867, 43.744599058018366 ] ] ] } },
{ "type": "Feature", "properties": { "id": 108, "left": 967993.4, "top": 6299600.1, "right": 970493.4, "bottom": 6297100.1, "grid_row": 26, "grid_col": 3, "id_2": 108, "name_fr": "La Palud-sur-Verdon18", "name_nl": "La Palud-sur-Verdon18", "population": 0.0, "centroid_lat": 43.73288577, "centroid_lon": 6.34222907 }, "geometry": { "type": "Polygon", "coordinates": [ [ [ 6.327384137335867, 43.744599058018366 ], [ 6.358386686618632, 43.74364696060367 ], [ 6.357067847981153, 43.721171206857754 ], [ 6.326077444445319, 43.722122916694687 ], [ 6.327384137335867, 43.744599058018366 ] ] ] } },
{ "type": "Feature", "properties": { "id": 91, "left": 967993.4, "top": 6342100.1, "right": 970493.4, "bottom": 6339600.1, "grid_row": 9, "grid_col": 3, "id_2": 118, "name_fr": "Tartonne06", "name_nl": "Tartonne06", "population": 0.0, "centroid_lat": 44.114056386999998, "centroid_lon": 6.395899828 }, "geometry": { "type": "Polygon", "coordinates": [ [ [ 6.349755963284717, 44.12673835350266 ], [ 6.380966453961961, 44.125779641902106 ], [ 6.379629835949381, 44.10329905310347 ], [ 6.348431654163275, 44.104257374301881 ], [ 6.349755963284717, 44.12673835350266 ] ] ] } },
{ "type": "Feature", "properties": { "id": 92, "left": 967993.4, "top": 6339600.1, "right": 970493.4, "bottom": 6337100.1, "grid_row": 10, "grid_col": 3, "id_2": 118, "name_fr": "Tartonne06", "name_nl": "Tartonne06", "population": 0.0, "centroid_lat": 44.114056386999998, "centroid_lon": 6.395899828 }, "geometry": { "type": "Polygon", "coordinates": [ [ [ 6.348431654163275, 44.104257374301881 ], [ 6.379629835949381, 44.10329905310347 ], [ 6.378294273701166, 44.080818722178698 ], [ 6.347108391118908, 44.081776653142207 ], [ 6.348431654163275, 44.104257374301881 ] ] ] } },
{ "type": "Feature", "properties": { "id": 118, "left": 970493.4, "top": 6342100.1, "right": 972993.4, "bottom": 6339600.1, "grid_row": 9, "grid_col": 4, "id_2": 118, "name_fr": "Tartonne06", "name_nl": "Tartonne06", "population": 0.0, "centroid_lat": 44.114056386999998, "centroid_lon": 6.395899828 }, "geometry": { "type": "Polygon", "coordinates": [ [ [ 6.380966453961961, 44.125779641902106 ], [ 6.412175887623569, 44.124812045282013 ], [ 6.410826961971452, 44.102331850496604 ], [ 6.379629835949381, 44.10329905310347 ], [ 6.380966453961961, 44.125779641902106 ] ] ] } },
{ "type": "Feature", "properties": { "id": 119, "left": 970493.4, "top": 6339600.1, "right": 972993.4, "bottom": 6337100.1, "grid_row": 10, "grid_col": 4, "id_2": 118, "name_fr": "Tartonne06", "name_nl": "Tartonne06", "population": 0.0, "centroid_lat": 44.114056386999998, "centroid_lon": 6.395899828 }, "geometry": { "type": "Polygon", "coordinates": [ [ [ 6.379629835949381, 44.10329905310347 ], [ 6.410826961971452, 44.102331850496604 ], [ 6.409479101769018, 44.079851913416299 ], [ 6.378294273701166, 44.080818722178698 ], [ 6.379629835949381, 44.10329905310347 ] ] ] } },
{ "type": "Feature", "properties": { "id": 145, "left": 972993.4, "top": 6342100.1, "right": 975493.4, "bottom": 6339600.1, "grid_row": 9, "grid_col": 5, "id_2": 118, "name_fr": "Tartonne06", "name_nl": "Tartonne06", "population": 0.0, "centroid_lat": 44.114056386999998, "centroid_lon": 6.395899828 }, "geometry": { "type": "Polygon", "coordinates": [ [ [ 6.412175887623569, 44.124812045282013 ], [ 6.443384254572798, 44.123835564109953 ], [ 6.442023022544172, 44.101355766948465 ], [ 6.410826961971452, 44.102331850496604 ], [ 6.412175887623569, 44.124812045282013 ] ] ] } },
{ "type": "Feature", "properties": { "id": 146, "left": 972993.4, "top": 6339600.1, "right": 975493.4, "bottom": 6337100.1, "grid_row": 10, "grid_col": 5, "id_2": 118, "name_fr": "Tartonne06", "name_nl": "Tartonne06", "population": 0.0, "centroid_lat": 44.114056386999998, "centroid_lon": 6.395899828 }, "geometry": { "type": "Polygon", "coordinates": [ [ [ 6.410826961971452, 44.102331850496604 ], [ 6.442023022544172, 44.101355766948465 ], [ 6.440662865648554, 44.078876227321778 ], [ 6.409479101769018, 44.079851913416299 ], [ 6.410826961971452, 44.102331850496604 ] ] ] } },
{ "type": "Feature", "properties": { "id": 92, "left": 967993.4, "top": 6339600.1, "right": 970493.4, "bottom": 6337100.1, "grid_row": 10, "grid_col": 3, "id_2": 119, "name_fr": "Tartonne07", "name_nl": "Tartonne07", "population": 5.0, "centroid_lat": 44.091576124, "centroid_lon": 6.394557586 }, "geometry": { "type": "Polygon", "coordinates": [ [ [ 6.348431654163275, 44.104257374301881 ], [ 6.379629835949381, 44.10329905310347 ], [ 6.378294273701166, 44.080818722178698 ], [ 6.347108391118908, 44.081776653142207 ], [ 6.348431654163275, 44.104257374301881 ] ] ] } },
{ "type": "Feature", "properties": { "id": 93, "left": 967993.4, "top": 6337100.1, "right": 970493.4, "bottom": 6334600.1, "grid_row": 11, "grid_col": 3, "id_2": 119, "name_fr": "Tartonne07", "name_nl": "Tartonne07", "population": 5.0, "centroid_lat": 44.091576124, "centroid_lon": 6.394557586 }, "geometry": { "type": "Polygon", "coordinates": [ [ [ 6.347108391118908, 44.081776653142207 ], [ 6.378294273701166, 44.080818722178698 ], [ 6.376959765967686, 44.058338652452527 ], [ 6.345786172913393, 44.059296193348203 ], [ 6.347108391118908, 44.081776653142207 ] ] ] } },
{ "type": "Feature", "properties": { "id": 119, "left": 970493.4, "top": 6339600.1, "right": 972993.4, "bottom": 6337100.1, "grid_row": 10, "grid_col": 4, "id_2": 119, "name_fr": "Tartonne07", "name_nl": "Tartonne07", "population": 5.0, "centroid_lat": 44.091576124, "centroid_lon": 6.394557586 }, "geometry": { "type": "Polygon", "coordinates": [ [ [ 6.379629835949381, 44.10329905310347 ], [ 6.410826961971452, 44.102331850496604 ], [ 6.409479101769018, 44.079851913416299 ], [ 6.378294273701166, 44.080818722178698 ], [ 6.379629835949381, 44.10329905310347 ] ] ] } },
{ "type": "Feature", "properties": { "id": 120, "left": 970493.4, "top": 6337100.1, "right": 972993.4, "bottom": 6334600.1, "grid_row": 11, "grid_col": 4, "id_2": 119, "name_fr": "Tartonne07", "name_nl": "Tartonne07", "population": 5.0, "centroid_lat": 44.091576124, "centroid_lon": 6.394557586 }, "geometry": { "type": "Polygon", "coordinates": [ [ [ 6.378294273701166, 44.080818722178698 ], [ 6.409479101769018, 44.079851913416299 ], [ 6.408132305755231, 44.057372237365961 ], [ 6.376959765967686, 44.058338652452527 ], [ 6.378294273701166, 44.080818722178698 ] ] ] } },
{ "type": "Feature", "properties": { "id": 146, "left": 972993.4, "top": 6339600.1, "right": 975493.4, "bottom": 6337100.1, "grid_row": 10, "grid_col": 5, "id_2": 119, "name_fr": "Tartonne07", "name_nl": "Tartonne07", "population": 5.0, "centroid_lat": 44.091576124, "centroid_lon": 6.394557586 }, "geometry": { "type": "Polygon", "coordinates": [ [ [ 6.410826961971452, 44.102331850496604 ], [ 6.442023022544172, 44.101355766948465 ], [ 6.440662865648554, 44.078876227321778 ], [ 6.409479101769018, 44.079851913416299 ], [ 6.410826961971452, 44.102331850496604 ] ] ] } },
{ "type": "Feature", "properties": { "id": 93, "left": 967993.4, "top": 6337100.1, "right": 970493.4, "bottom": 6334600.1, "grid_row": 11, "grid_col": 3, "id_2": 120, "name_fr": "Tartonne08", "name_nl": "Tartonne08", "population": 75.0, "centroid_lat": 44.06909612, "centroid_lon": 6.393216404 }, "geometry": { "type": "Polygon", "coordinates": [ [ [ 6.347108391118908, 44.081776653142207 ], [ 6.378294273701166, 44.080818722178698 ], [ 6.376959765967686, 44.058338652452527 ], [ 6.345786172913393, 44.059296193348203 ], [ 6.347108391118908, 44.081776653142207 ] ] ] } },
{ "type": "Feature", "properties": { "id": 94, "left": 967993.4, "top": 6334600.1, "right": 970493.4, "bottom": 6332100.1, "grid_row": 12, "grid_col": 3, "id_2": 120, "name_fr": "Tartonne08", "name_nl": "Tartonne08", "population": 75.0, "centroid_lat": 44.06909612, "centroid_lon": 6.393216404 }, "geometry": { "type": "Polygon", "coordinates": [ [ [ 6.345786172913393, 44.059296193348203 ], [ 6.376959765967686, 44.058338652452527 ], [ 6.37562631150128, 44.035858847248235 ], [ 6.344464998310465, 44.036815998243043 ], [ 6.345786172913393, 44.059296193348203 ] ] ] } },
{ "type": "Feature", "properties": { "id": 120, "left": 970493.4, "top": 6337100.1, "right": 972993.4, "bottom": 6334600.1, "grid_row": 11, "grid_col": 4, "id_2": 120, "name_fr": "Tartonne08", "name_nl": "Tartonne08", "population": 75.0, "centroid_lat": 44.06909612, "centroid_lon": 6.393216404 }, "geometry": { "type": "Polygon", "coordinates": [ [ [ 6.378294273701166, 44.080818722178698 ], [ 6.409479101769018, 44.079851913416299 ], [ 6.408132305755231, 44.057372237365961 ], [ 6.376959765967686, 44.058338652452527 ], [ 6.378294273701166, 44.080818722178698 ] ] ] } },
{ "type": "Feature", "properties": { "id": 121, "left": 970493.4, "top": 6334600.1, "right": 972993.4, "bottom": 6332100.1, "grid_row": 12, "grid_col": 4, "id_2": 120, "name_fr": "Tartonne08", "name_nl": "Tartonne08", "population": 75.0, "centroid_lat": 44.06909612, "centroid_lon": 6.393216404 }, "geometry": { "type": "Polygon", "coordinates": [ [ [ 6.376959765967686, 44.058338652452527 ], [ 6.408132305755231, 44.057372237365961 ], [ 6.406786572671041, 44.034892825668976 ], [ 6.37562631150128, 44.035858847248235 ], [ 6.376959765967686, 44.058338652452527 ] ] ] } },
{ "type": "Feature", "properties": { "id": 94, "left": 967993.4, "top": 6334600.1, "right": 970493.4, "bottom": 6332100.1, "grid_row": 12, "grid_col": 3, "id_2": 121, "name_fr": "Clumanc06", "name_nl": "Clumanc06", "population": 30.0, "centroid_lat": 44.046616379, "centroid_lon": 6.391876281 }, "geometry": { "type": "Polygon", "coordinates": [ [ [ 6.345786172913393, 44.059296193348203 ], [ 6.376959765967686, 44.058338652452527 ], [ 6.37562631150128, 44.035858847248235 ], [ 6.344464998310465, 44.036815998243043 ], [ 6.345786172913393, 44.059296193348203 ] ] ] } },
{ "type": "Feature", "properties": { "id": 95, "left": 967993.4, "top": 6332100.1, "right": 970493.4, "bottom": 6329600.1, "grid_row": 13, "grid_col": 3, "id_2": 121, "name_fr": "Clumanc06", "name_nl": "Clumanc06", "population": 30.0, "centroid_lat": 44.046616379, "centroid_lon": 6.391876281 }, "geometry": { "type": "Polygon", "coordinates": [ [ [ 6.344464998310465, 44.036815998243043 ], [ 6.37562631150128, 44.035858847248235 ], [ 6.374293909056258, 44.013379309887675 ], [ 6.343144866075805, 44.01433607114847 ], [ 6.344464998310465, 44.036815998243043 ] ] ] } },
{ "type": "Feature", "properties": { "id": 120, "left": 970493.4, "top": 6337100.1, "right": 972993.4, "bottom": 6334600.1, "grid_row": 11, "grid_col": 4, "id_2": 121, "name_fr": "Clumanc06", "name_nl": "Clumanc06", "population": 30.0, "centroid_lat": 44.046616379, "centroid_lon": 6.391876281 }, "geometry": { "type": "Polygon", "coordinates": [ [ [ 6.378294273701166, 44.080818722178698 ], [ 6.409479101769018, 44.079851913416299 ], [ 6.408132305755231, 44.057372237365961 ], [ 6.376959765967686, 44.058338652452527 ], [ 6.378294273701166, 44.080818722178698 ] ] ] } },
{ "type": "Feature", "properties": { "id": 121, "left": 970493.4, "top": 6334600.1, "right": 972993.4, "bottom": 6332100.1, "grid_row": 12, "grid_col": 4, "id_2": 121, "name_fr": "Clumanc06", "name_nl": "Clumanc06", "population": 30.0, "centroid_lat": 44.046616379, "centroid_lon": 6.391876281 }, "geometry": { "type": "Polygon", "coordinates": [ [ [ 6.376959765967686, 44.058338652452527 ], [ 6.408132305755231, 44.057372237365961 ], [ 6.406786572671041, 44.034892825668976 ], [ 6.37562631150128, 44.035858847248235 ], [ 6.376959765967686, 44.058338652452527 ] ] ] } },
{ "type": "Feature", "properties": { "id": 122, "left": 970493.4, "top": 6332100.1, "right": 972993.4, "bottom": 6329600.1, "grid_row": 13, "grid_col": 4, "id_2": 121, "name_fr": "Clumanc06", "name_nl": "Clumanc06", "population": 30.0, "centroid_lat": 44.046616379, "centroid_lon": 6.391876281 }, "geometry": { "type": "Polygon", "coordinates": [ [ [ 6.37562631150128, 44.035858847248235 ], [ 6.406786572671041, 44.034892825668976 ], [ 6.405441901259385, 44.012413681647409 ], [ 6.374293909056258, 44.013379309887675 ], [ 6.37562631150128, 44.035858847248235 ] ] ] } },
{ "type": "Feature", "properties": { "id": 148, "left": 972993.4, "top": 6334600.1, "right": 975493.4, "bottom": 6332100.1, "grid_row": 12, "grid_col": 5, "id_2": 121, "name_fr": "Clumanc06", "name_nl": "Clumanc06", "population": 30.0, "centroid_lat": 44.046616379, "centroid_lon": 6.391876281 }, "geometry": { "type": "Polygon", "coordinates": [ [ [ 6.408132305755231, 44.057372237365961 ], [ 6.439303782613507, 44.05639694855487 ], [ 6.437945772168596, 44.033917933971331 ], [ 6.406786572671041, 44.034892825668976 ], [ 6.408132305755231, 44.057372237365961 ] ] ] } },
{ "type": "Feature", "properties": { "id": 149, "left": 972993.4, "top": 6332100.1, "right": 975493.4, "bottom": 6329600.1, "grid_row": 13, "grid_col": 5, "id_2": 121, "name_fr": "Clumanc06", "name_nl": "Clumanc06", "population": 30.0, "centroid_lat": 44.046616379, "centroid_lon": 6.391876281 }, "geometry": { "type": "Polygon", "coordinates": [ [ [ 6.406786572671041, 44.034892825668976 ], [ 6.437945772168596, 44.033917933971331 ], [ 6.43658883304539, 44.011439186893298 ], [ 6.405441901259385, 44.012413681647409 ], [ 6.406786572671041, 44.034892825668976 ] ] ] } },
{ "type": "Feature", "properties": { "id": 95, "left": 967993.4, "top": 6332100.1, "right": 970493.4, "bottom": 6329600.1, "grid_row": 13, "grid_col": 3, "id_2": 122, "name_fr": "Clumanc07", "name_nl": "Clumanc07", "population": 67.0, "centroid_lat": 44.024136904000002, "centroid_lon": 6.390537216 }, "geometry": { "type": "Polygon", "coordinates": [ [ [ 6.344464998310465, 44.036815998243043 ], [ 6.37562631150128, 44.035858847248235 ], [ 6.374293909056258, 44.013379309887675 ], [ 6.343144866075805, 44.01433607114847 ], [ 6.344464998310465, 44.036815998243043 ] ] ] } },
{ "type": "Feature", "properties": { "id": 96, "left": 967993.4, "top": 6329600.1, "right": 970493.4, "bottom": 6327100.1, "grid_row": 14, "grid_col": 3, "id_2": 122, "name_fr": "Clumanc07", "name_nl": "Clumanc07", "population": 67.0, "centroid_lat": 44.024136904000002, "centroid_lon": 6.390537216 }, "geometry": { "type": "Polygon", "coordinates": [ [ [ 6.343144866075805, 44.01433607114847 ], [ 6.374293909056258, 44.013379309887675 ], [ 6.372962557388886, 43.990900043691362 ], [ 6.341825774977041, 43.991856415384788 ], [ 6.343144866075805, 44.01433607114847 ] ] ] } },
{ "type": "Feature", "properties": { "id": 122, "left": 970493.4, "top": 6332100.1, "right": 972993.4, "bottom": 6329600.1, "grid_row": 13, "grid_col": 4, "id_2": 122, "name_fr": "Clumanc07", "name_nl": "Clumanc07", "population": 67.0, "centroid_lat": 44.024136904000002, "centroid_lon": 6.390537216 }, "geometry": { "type": "Polygon", "coordinates": [ [ [ 6.37562631150128, 44.035858847248235 ], [ 6.406786572671041, 44.034892825668976 ], [ 6.405441901259385, 44.012413681647409 ], [ 6.374293909056258, 44.013379309887675 ], [ 6.37562631150128, 44.035858847248235 ] ] ] } },
{ "type": "Feature", "properties": { "id": 123, "left": 970493.4, "top": 6329600.1, "right": 972993.4, "bottom": 6327100.1, "grid_row": 14, "grid_col": 4, "id_2": 122, "name_fr": "Clumanc07", "name_nl": "Clumanc07", "population": 67.0, "centroid_lat": 44.024136904000002, "centroid_lon": 6.390537216 }, "geometry": { "type": "Polygon", "coordinates": [ [ [ 6.374293909056258, 44.013379309887675 ], [ 6.405441901259385, 44.012413681647409 ], [ 6.404098290265178, 43.989934808621868 ], [ 6.372962557388886, 43.990900043691362 ], [ 6.374293909056258, 44.013379309887675 ] ] ] } },
{ "type": "Feature", "properties": { "id": 149, "left": 972993.4, "top": 6332100.1, "right": 975493.4, "bottom": 6329600.1, "grid_row": 13, "grid_col": 5, "id_2": 122, "name_fr": "Clumanc07", "name_nl": "Clumanc07", "population": 67.0, "centroid_lat": 44.024136904000002, "centroid_lon": 6.390537216 }, "geometry": { "type": "Polygon", "coordinates": [ [ [ 6.406786572671041, 44.034892825668976 ], [ 6.437945772168596, 44.033917933971331 ], [ 6.43658883304539, 44.011439186893298 ], [ 6.405441901259385, 44.012413681647409 ], [ 6.406786572671041, 44.034892825668976 ] ] ] } },
{ "type": "Feature", "properties": { "id": 150, "left": 972993.4, "top": 6329600.1, "right": 975493.4, "bottom": 6327100.1, "grid_row": 14, "grid_col": 5, "id_2": 122, "name_fr": "Clumanc07", "name_nl": "Clumanc07", "population": 67.0, "centroid_lat": 44.024136904000002, "centroid_lon": 6.390537216 }, "geometry": { "type": "Polygon", "coordinates": [ [ [ 6.405441901259385, 44.012413681647409 ], [ 6.43658883304539, 44.011439186893298 ], [ 6.435232963977457, 43.988960710641535 ], [ 6.404098290265178, 43.989934808621868 ], [ 6.405441901259385, 44.012413681647409 ] ] ] } },
{ "type": "Feature", "properties": { "id": 123, "left": 970493.4, "top": 6329600.1, "right": 972993.4, "bottom": 6327100.1, "grid_row": 14, "grid_col": 4, "id_2": 123, "name_fr": "Clumanc08", "name_nl": "Clumanc08", "population": 24.0, "centroid_lat": 44.001657698000002, "centroid_lon": 6.389199207 }, "geometry": { "type": "Polygon", "coordinates": [ [ [ 6.374293909056258, 44.013379309887675 ], [ 6.405441901259385, 44.012413681647409 ], [ 6.404098290265178, 43.989934808621868 ], [ 6.372962557388886, 43.990900043691362 ], [ 6.374293909056258, 44.013379309887675 ] ] ] } },
{ "type": "Feature", "properties": { "id": 124, "left": 970493.4, "top": 6327100.1, "right": 972993.4, "bottom": 6324600.1, "grid_row": 15, "grid_col": 4, "id_2": 123, "name_fr": "Clumanc08", "name_nl": "Clumanc08", "population": 24.0, "centroid_lat": 44.001657698000002, "centroid_lon": 6.389199207 }, "geometry": { "type": "Polygon", "coordinates": [ [ [ 6.372962557388886, 43.990900043691362 ], [ 6.404098290265178, 43.989934808621868 ], [ 6.402755738435316, 43.967456209911489 ], [ 6.371632255257396, 43.968421051978311 ], [ 6.372962557388886, 43.990900043691362 ] ] ] } },
{ "type": "Feature", "properties": { "id": 150, "left": 972993.4, "top": 6329600.1, "right": 975493.4, "bottom": 6327100.1, "grid_row": 14, "grid_col": 5, "id_2": 123, "name_fr": "Clumanc08", "name_nl": "Clumanc08", "population": 24.0, "centroid_lat": 44.001657698000002, "centroid_lon": 6.389199207 }, "geometry": { "type": "Polygon", "coordinates": [ [ [ 6.405441901259385, 44.012413681647409 ], [ 6.43658883304539, 44.011439186893298 ], [ 6.435232963977457, 43.988960710641535 ], [ 6.404098290265178, 43.989934808621868 ], [ 6.405441901259385, 44.012413681647409 ] ] ] } },
{ "type": "Feature", "properties": { "id": 151, "left": 972993.4, "top": 6327100.1, "right": 975493.4, "bottom": 6324600.1, "grid_row": 15, "grid_col": 5, "id_2": 123, "name_fr": "Clumanc08", "name_nl": "Clumanc08", "population": 24.0, "centroid_lat": 44.001657698000002, "centroid_lon": 6.389199207 }, "geometry": { "type": "Polygon", "coordinates": [ [ [ 6.404098290265178, 43.989934808621868 ], [ 6.435232963977457, 43.988960710641535 ], [ 6.433878163700358, 43.966482508535364 ], [ 6.402755738435316, 43.967456209911489 ], [ 6.404098290265178, 43.989934808621868 ] ] ] } },
{ "type": "Feature", "properties": { "id": 97, "left": 967993.4, "top": 6327100.1, "right": 970493.4, "bottom": 6324600.1, "grid_row": 15, "grid_col": 3, "id_2": 124, "name_fr": "Saint-Lions01", "name_nl": "Saint-Lions01", "population": 89.0, "centroid_lat": 43.979178765999997, "centroid_lon": 6.387862253 }, "geometry": { "type": "Polygon", "coordinates": [ [ [ 6.341825774977041, 43.991856415384788 ], [ 6.372962557388886, 43.990900043691362 ], [ 6.371632255257396, 43.968421051978311 ], [ 6.340507723783738, 43.969377034270948 ], [ 6.341825774977041, 43.991856415384788 ] ] ] } },
{ "type": "Feature", "properties": { "id": 124, "left": 970493.4, "top": 6327100.1, "right": 972993.4, "bottom": 6324600.1, "grid_row": 15, "grid_col": 4, "id_2": 124, "name_fr": "Saint-Lions01", "name_nl": "Saint-Lions01", "population": 89.0, "centroid_lat": 43.979178765999997, "centroid_lon": 6.387862253 }, "geometry": { "type": "Polygon", "coordinates": [ [ [ 6.372962557388886, 43.990900043691362 ], [ 6.404098290265178, 43.989934808621868 ], [ 6.402755738435316, 43.967456209911489 ], [ 6.371632255257396, 43.968421051978311 ], [ 6.372962557388886, 43.990900043691362 ] ] ] } },
{ "type": "Feature", "properties": { "id": 151, "left": 972993.4, "top": 6327100.1, "right": 975493.4, "bottom": 6324600.1, "grid_row": 15, "grid_col": 5, "id_2": 124, "name_fr": "Saint-Lions01", "name_nl": "Saint-Lions01", "population": 89.0, "centroid_lat": 43.979178765999997, "centroid_lon": 6.387862253 }, "geometry": { "type": "Polygon", "coordinates": [ [ [ 6.404098290265178, 43.989934808621868 ], [ 6.435232963977457, 43.988960710641535 ], [ 6.433878163700358, 43.966482508535364 ], [ 6.402755738435316, 43.967456209911489 ], [ 6.404098290265178, 43.989934808621868 ] ] ] } },
{ "type": "Feature", "properties": { "id": 97, "left": 967993.4, "top": 6327100.1, "right": 970493.4, "bottom": 6324600.1, "grid_row": 15, "grid_col": 3, "id_2": 125, "name_fr": "Barrême03", "name_nl": "Barrême03", "population": 83.0, "centroid_lat": 43.956700109000003, "centroid_lon": 6.386526352 }, "geometry": { "type": "Polygon", "coordinates": [ [ [ 6.341825774977041, 43.991856415384788 ], [ 6.372962557388886, 43.990900043691362 ], [ 6.371632255257396, 43.968421051978311 ], [ 6.340507723783738, 43.969377034270948 ], [ 6.341825774977041, 43.991856415384788 ] ] ] } },
{ "type": "Feature", "properties": { "id": 98, "left": 967993.4, "top": 6324600.1, "right": 970493.4, "bottom": 6322100.1, "grid_row": 16, "grid_col": 3, "id_2": 125, "name_fr": "Barrême03", "name_nl": "Barrême03", "population": 83.0, "centroid_lat": 43.956700109000003, "centroid_lon": 6.386526352 }, "geometry": { "type": "Polygon", "coordinates": [ [ [ 6.340507723783738, 43.969377034270948 ], [ 6.371632255257396, 43.968421051978311 ], [ 6.370303001421965, 43.94594233806616 ], [ 6.339190711267401, 43.946897931124404 ], [ 6.340507723783738, 43.969377034270948 ] ] ] } },
{ "type": "Feature", "properties": { "id": 99, "left": 967993.4, "top": 6322100.1, "right": 970493.4, "bottom": 6319600.1, "grid_row": 17, "grid_col": 3, "id_2": 125, "name_fr": "Barrême03", "name_nl": "Barrême03", "population": 83.0, "centroid_lat": 43.956700109000003, "centroid_lon": 6.386526352 }, "geometry": { "type": "Polygon", "coordinates": [ [ [ 6.339190711267401, 43.946897931124404 ], [ 6.370303001421965, 43.94594233806616 ], [ 6.368974794644732, 43.923463905271127 ], [ 6.337874736201464, 43.924419109261251 ], [ 6.339190711267401, 43.946897931124404 ] ] ] } },
{ "type": "Feature", "properties": { "id": 124, "left": 970493.4, "top": 6327100.1, "right": 972993.4, "bottom": 6324600.1, "grid_row": 15, "grid_col": 4, "id_2": 125, "name_fr": "Barrême03", "name_nl": "Barrême03", "population": 83.0, "centroid_lat": 43.956700109000003, "centroid_lon": 6.386526352 }, "geometry": { "type": "Polygon", "coordinates": [ [ [ 6.372962557388886, 43.990900043691362 ], [ 6.404098290265178, 43.989934808621868 ], [ 6.402755738435316, 43.967456209911489 ], [ 6.371632255257396, 43.968421051978311 ], [ 6.372962557388886, 43.990900043691362 ] ] ] } },
{ "type": "Feature", "properties": { "id": 126, "left": 970493.4, "top": 6322100.1, "right": 972993.4, "bottom": 6319600.1, "grid_row": 17, "grid_col": 4, "id_2": 125, "name_fr": "Barrême03", "name_nl": "Barrême03", "population": 83.0, "centroid_lat": 43.956700109000003, "centroid_lon": 6.386526352 }, "geometry": { "type": "Polygon", "coordinates": [ [ [ 6.370303001421965, 43.94594233806616 ], [ 6.40141424451866, 43.944977888834089 ], [ 6.400073807266046, 43.922499848706003 ], [ 6.368974794644732, 43.923463905271127 ], [ 6.370303001421965, 43.94594233806616 ] ] ] } },
{ "type": "Feature", "properties": { "id": 99, "left": 967993.4, "top": 6322100.1, "right": 970493.4, "bottom": 6319600.1, "grid_row": 17, "grid_col": 3, "id_2": 126, "name_fr": "Barrême04", "name_nl": "Barrême04", "population": 6.0, "centroid_lat": 43.934221731999997, "centroid_lon": 6.385191504 }, "geometry": { "type": "Polygon", "coordinates": [ [ [ 6.339190711267401, 43.946897931124404 ], [ 6.370303001421965, 43.94594233806616 ], [ 6.368974794644732, 43.923463905271127 ], [ 6.337874736201464, 43.924419109261251 ], [ 6.339190711267401, 43.946897931124404 ] ] ] } },
{ "type": "Feature", "properties": { "id": 126, "left": 970493.4, "top": 6322100.1, "right": 972993.4, "bottom": 6319600.1, "grid_row": 17, "grid_col": 4, "id_2": 126, "name_fr": "Barrême04", "name_nl": "Barrême04", "population": 6.0, "centroid_lat": 43.934221731999997, "centroid_lon": 6.385191504 }, "geometry": { "type": "Polygon", "coordinates": [ [ [ 6.370303001421965, 43.94594233806616 ], [ 6.40141424451866, 43.944977888834089 ], [ 6.400073807266046, 43.922499848706003 ], [ 6.368974794644732, 43.923463905271127 ], [ 6.370303001421965, 43.94594233806616 ] ] ] } },
{ "type": "Feature", "properties": { "id": 100, "left": 967993.4, "top": 6319600.1, "right": 970493.4, "bottom": 6317100.1, "grid_row": 18, "grid_col": 3, "id_2": 127, "name_fr": "Senez09", "name_nl": "Senez09", "population": 3.0, "centroid_lat": 43.911743637000001, "centroid_lon": 6.383857707 }, "geometry": { "type": "Polygon", "coordinates": [ [ [ 6.337874736201464, 43.924419109261251 ], [ 6.368974794644732, 43.923463905271127 ], [ 6.367647633689772, 43.900985756907993 ], [ 6.336559797361298, 43.901940571996143 ], [ 6.337874736201464, 43.924419109261251 ] ] ] } },
{ "type": "Feature", "properties": { "id": 127, "left": 970493.4, "top": 6319600.1, "right": 972993.4, "bottom": 6317100.1, "grid_row": 18, "grid_col": 4, "id_2": 127, "name_fr": "Senez09", "name_nl": "Senez09", "population": 3.0, "centroid_lat": 43.911743637000001, "centroid_lon": 6.383857707 }, "geometry": { "type": "Polygon", "coordinates": [ [ [ 6.368974794644732, 43.923463905271127 ], [ 6.400073807266046, 43.922499848706003 ], [ 6.398734425430271, 43.900022092842157 ], [ 6.367647633689772, 43.900985756907993 ], [ 6.368974794644732, 43.923463905271127 ] ] ] } },
{ "type": "Feature", "properties": { "id": 101, "left": 967993.4, "top": 6317100.1, "right": 970493.4, "bottom": 6314600.1, "grid_row": 19, "grid_col": 3, "id_2": 128, "name_fr": "Blieux08", "name_nl": "Blieux08", "population": 0.0, "centroid_lat": 43.889265829000003, "centroid_lon": 6.382524961 }, "geometry": { "type": "Polygon", "coordinates": [ [ [ 6.336559797361298, 43.901940571996143 ], [ 6.367647633689772, 43.900985756907993 ], [ 6.366321517323112, 43.878507896290152 ], [ 6.335245893524194, 43.879462322642304 ], [ 6.336559797361298, 43.901940571996143 ] ] ] } },
{ "type": "Feature", "properties": { "id": 102, "left": 967993.4, "top": 6314600.1, "right": 970493.4, "bottom": 6312100.1, "grid_row": 20, "grid_col": 3, "id_2": 128, "name_fr": "Blieux08", "name_nl": "Blieux08", "population": 0.0, "centroid_lat": 43.889265829000003, "centroid_lon": 6.382524961 }, "geometry": { "type": "Polygon", "coordinates": [ [ [ 6.335245893524194, 43.879462322642304 ], [ 6.366321517323112, 43.878507896290152 ], [ 6.364996444312715, 43.856030326729531 ], [ 6.333933023469364, 43.856984364511568 ], [ 6.335245893524194, 43.879462322642304 ] ] ] } },
{ "type": "Feature", "properties": { "id": 128, "left": 970493.4, "top": 6317100.1, "right": 972993.4, "bottom": 6314600.1, "grid_row": 19, "grid_col": 4, "id_2": 128, "name_fr": "Blieux08", "name_nl": "Blieux08", "population": 0.0, "centroid_lat": 43.889265829000003, "centroid_lon": 6.382524961 }, "geometry": { "type": "Polygon", "coordinates": [ [ [ 6.367647633689772, 43.900985756907993 ], [ 6.398734425430271, 43.900022092842157 ], [ 6.397396097766093, 43.877544624556059 ], [ 6.366321517323112, 43.878507896290152 ], [ 6.367647633689772, 43.900985756907993 ] ] ] } },
{ "type": "Feature", "properties": { "id": 129, "left": 970493.4, "top": 6314600.1, "right": 972993.4, "bottom": 6312100.1, "grid_row": 20, "grid_col": 4, "id_2": 128, "name_fr": "Blieux08", "name_nl": "Blieux08", "population": 0.0, "centroid_lat": 43.889265829000003, "centroid_lon": 6.382524961 }, "geometry": { "type": "Polygon", "coordinates": [ [ [ 6.366321517323112, 43.878507896290152 ], [ 6.397396097766093, 43.877544624556059 ], [ 6.396058823030228, 43.855067447159804 ], [ 6.364996444312715, 43.856030326729531 ], [ 6.366321517323112, 43.878507896290152 ] ] ] } },
{ "type": "Feature", "properties": { "id": 102, "left": 967993.4, "top": 6314600.1, "right": 970493.4, "bottom": 6312100.1, "grid_row": 20, "grid_col": 3, "id_2": 129, "name_fr": "Blieux09", "name_nl": "Blieux09", "population": 47.0, "centroid_lat": 43.866788309, "centroid_lon": 6.381193263 }, "geometry": { "type": "Polygon", "coordinates": [ [ [ 6.335245893524194, 43.879462322642304 ], [ 6.366321517323112, 43.878507896290152 ], [ 6.364996444312715, 43.856030326729531 ], [ 6.333933023469364, 43.856984364511568 ], [ 6.335245893524194, 43.879462322642304 ] ] ] } },
{ "type": "Feature", "properties": { "id": 103, "left": 967993.4, "top": 6312100.1, "right": 970493.4, "bottom": 6309600.1, "grid_row": 21, "grid_col": 3, "id_2": 129, "name_fr": "Blieux09", "name_nl": "Blieux09", "population": 47.0, "centroid_lat": 43.866788309, "centroid_lon": 6.381193263 }, "geometry": { "type": "Polygon", "coordinates": [ [ [ 6.333933023469364, 43.856984364511568 ], [ 6.364996444312715, 43.856030326729531 ], [ 6.363672413428478, 43.833553051536661 ], [ 6.332621185977941, 43.834506700914325 ], [ 6.333933023469364, 43.856984364511568 ] ] ] } },
{ "type": "Feature", "properties": { "id": 129, "left": 970493.4, "top": 6314600.1, "right": 972993.4, "bottom": 6312100.1, "grid_row": 20, "grid_col": 4, "id_2": 129, "name_fr": "Blieux09", "name_nl": "Blieux09", "population": 47.0, "centroid_lat": 43.866788309, "centroid_lon": 6.381193263 }, "geometry": { "type": "Polygon", "coordinates": [ [ [ 6.366321517323112, 43.878507896290152 ], [ 6.397396097766093, 43.877544624556059 ], [ 6.396058823030228, 43.855067447159804 ], [ 6.364996444312715, 43.856030326729531 ], [ 6.366321517323112, 43.878507896290152 ] ] ] } },
{ "type": "Feature", "properties": { "id": 130, "left": 970493.4, "top": 6312100.1, "right": 972993.4, "bottom": 6309600.1, "grid_row": 21, "grid_col": 4, "id_2": 129, "name_fr": "Blieux09", "name_nl": "Blieux09", "population": 47.0, "centroid_lat": 43.866788309, "centroid_lon": 6.381193263 }, "geometry": { "type": "Polygon", "coordinates": [ [ [ 6.364996444312715, 43.856030326729531 ], [ 6.396058823030228, 43.855067447159804 ], [ 6.394722599981345, 43.832590563964054 ], [ 6.363672413428478, 43.833553051536661 ], [ 6.364996444312715, 43.856030326729531 ] ] ] } },
{ "type": "Feature", "properties": { "id": 103, "left": 967993.4, "top": 6312100.1, "right": 970493.4, "bottom": 6309600.1, "grid_row": 21, "grid_col": 3, "id_2": 130, "name_fr": "Blieux10", "name_nl": "Blieux10", "population": 0.0, "centroid_lat": 43.844311083000001, "centroid_lon": 6.379862612 }, "geometry": { "type": "Polygon", "coordinates": [ [ [ 6.333933023469364, 43.856984364511568 ], [ 6.364996444312715, 43.856030326729531 ], [ 6.363672413428478, 43.833553051536661 ], [ 6.332621185977941, 43.834506700914325 ], [ 6.333933023469364, 43.856984364511568 ] ] ] } },
{ "type": "Feature", "properties": { "id": 104, "left": 967993.4, "top": 6309600.1, "right": 970493.4, "bottom": 6307100.1, "grid_row": 22, "grid_col": 3, "id_2": 130, "name_fr": "Blieux10", "name_nl": "Blieux10", "population": 0.0, "centroid_lat": 43.844311083000001, "centroid_lon": 6.379862612 }, "geometry": { "type": "Polygon", "coordinates": [ [ [ 6.332621185977941, 43.834506700914325 ], [ 6.363672413428478, 43.833553051536661 ], [ 6.362349423442231, 43.811076074020683 ], [ 6.331310379832971, 43.812029335159536 ], [ 6.332621185977941, 43.834506700914325 ] ] ] } },
{ "type": "Feature", "properties": { "id": 130, "left": 970493.4, "top": 6312100.1, "right": 972993.4, "bottom": 6309600.1, "grid_row": 21, "grid_col": 4, "id_2": 130, "name_fr": "Blieux10", "name_nl": "Blieux10", "population": 0.0, "centroid_lat": 43.844311083000001, "centroid_lon": 6.379862612 }, "geometry": { "type": "Polygon", "coordinates": [ [ [ 6.364996444312715, 43.856030326729531 ], [ 6.396058823030228, 43.855067447159804 ], [ 6.394722599981345, 43.832590563964054 ], [ 6.363672413428478, 43.833553051536661 ], [ 6.364996444312715, 43.856030326729531 ] ] ] } },
{ "type": "Feature", "properties": { "id": 131, "left": 970493.4, "top": 6309600.1, "right": 972993.4, "bottom": 6307100.1, "grid_row": 22, "grid_col": 4, "id_2": 130, "name_fr": "Blieux10", "name_nl": "Blieux10", "population": 0.0, "centroid_lat": 43.844311083000001, "centroid_lon": 6.379862612 }, "geometry": { "type": "Polygon", "coordinates": [ [ [ 6.363672413428478, 43.833553051536661 ], [ 6.394722599981345, 43.832590563964054 ], [ 6.393387427380064, 43.810113978278082 ], [ 6.362349423442231, 43.811076074020683 ], [ 6.363672413428478, 43.833553051536661 ] ] ] } },
{ "type": "Feature", "properties": { "id": 104, "left": 967993.4, "top": 6309600.1, "right": 970493.4, "bottom": 6307100.1, "grid_row": 22, "grid_col": 3, "id_2": 131, "name_fr": "Rougon01", "name_nl": "Rougon01", "population": 0.0, "centroid_lat": 43.821834152000001, "centroid_lon": 6.378533008 }, "geometry": { "type": "Polygon", "coordinates": [ [ [ 6.332621185977941, 43.834506700914325 ], [ 6.363672413428478, 43.833553051536661 ], [ 6.362349423442231, 43.811076074020683 ], [ 6.331310379832971, 43.812029335159536 ], [ 6.332621185977941, 43.834506700914325 ] ] ] } },
{ "type": "Feature", "properties": { "id": 105, "left": 967993.4, "top": 6307100.1, "right": 970493.4, "bottom": 6304600.1, "grid_row": 23, "grid_col": 3, "id_2": 131, "name_fr": "Rougon01", "name_nl": "Rougon01", "population": 0.0, "centroid_lat": 43.821834152000001, "centroid_lon": 6.378533008 }, "geometry": { "type": "Polygon", "coordinates": [ [ [ 6.331310379832971, 43.812029335159536 ], [ 6.362349423442231, 43.811076074020683 ], [ 6.361027473127733, 43.788599397489257 ], [ 6.330000603819408, 43.789552270554786 ], [ 6.331310379832971, 43.812029335159536 ] ] ] } },
{ "type": "Feature", "properties": { "id": 131, "left": 970493.4, "top": 6309600.1, "right": 972993.4, "bottom": 6307100.1, "grid_row": 22, "grid_col": 4, "id_2": 131, "name_fr": "Rougon01", "name_nl": "Rougon01", "population": 0.0, "centroid_lat": 43.821834152000001, "centroid_lon": 6.378533008 }, "geometry": { "type": "Polygon", "coordinates": [ [ [ 6.363672413428478, 43.833553051536661 ], [ 6.394722599981345, 43.832590563964054 ], [ 6.393387427380064, 43.810113978278082 ], [ 6.362349423442231, 43.811076074020683 ], [ 6.363672413428478, 43.833553051536661 ] ] ] } },
{ "type": "Feature", "properties": { "id": 132, "left": 970493.4, "top": 6307100.1, "right": 972993.4, "bottom": 6304600.1, "grid_row": 23, "grid_col": 4, "id_2": 131, "name_fr": "Rougon01", "name_nl": "Rougon01", "population": 0.0, "centroid_lat": 43.821834152000001, "centroid_lon": 6.378533008 }, "geometry": { "type": "Polygon", "coordinates": [ [ [ 6.362349423442231, 43.811076074020683 ], [ 6.393387427380064, 43.810113978278082 ], [ 6.392053303988947, 43.787637693409671 ], [ 6.361027473127733, 43.788599397489257 ], [ 6.362349423442231, 43.811076074020683 ] ] ] } },
{ "type": "Feature", "properties": { "id": 105, "left": 967993.4, "top": 6307100.1, "right": 970493.4, "bottom": 6304600.1, "grid_row": 23, "grid_col": 3, "id_2": 132, "name_fr": "Rougon02", "name_nl": "Rougon02", "population": 12.0, "centroid_lat": 43.799357520999997, "centroid_lon": 6.377204449 }, "geometry": { "type": "Polygon", "coordinates": [ [ [ 6.331310379832971, 43.812029335159536 ], [ 6.362349423442231, 43.811076074020683 ], [ 6.361027473127733, 43.788599397489257 ], [ 6.330000603819408, 43.789552270554786 ], [ 6.331310379832971, 43.812029335159536 ] ] ] } },
{ "type": "Feature", "properties": { "id": 106, "left": 967993.4, "top": 6304600.1, "right": 970493.4, "bottom": 6302100.1, "grid_row": 24, "grid_col": 3, "id_2": 132, "name_fr": "Rougon02", "name_nl": "Rougon02", "population": 12.0, "centroid_lat": 43.799357520999997, "centroid_lon": 6.377204449 }, "geometry": { "type": "Polygon", "coordinates": [ [ [ 6.330000603819408, 43.789552270554786 ], [ 6.361027473127733, 43.788599397489257 ], [ 6.359706561260666, 43.766123025248632 ], [ 6.328691856724118, 43.767075510406137 ], [ 6.330000603819408, 43.789552270554786 ] ] ] } },
{ "type": "Feature", "properties": { "id": 132, "left": 970493.4, "top": 6307100.1, "right": 972993.4, "bottom": 6304600.1, "grid_row": 23, "grid_col": 4, "id_2": 132, "name_fr": "Rougon02", "name_nl": "Rougon02", "population": 12.0, "centroid_lat": 43.799357520999997, "centroid_lon": 6.377204449 }, "geometry": { "type": "Polygon", "coordinates": [ [ [ 6.362349423442231, 43.811076074020683 ], [ 6.393387427380064, 43.810113978278082 ], [ 6.392053303988947, 43.787637693409671 ], [ 6.361027473127733, 43.788599397489257 ], [ 6.362349423442231, 43.811076074020683 ] ] ] } },
{ "type": "Feature", "properties": { "id": 133, "left": 970493.4, "top": 6304600.1, "right": 972993.4, "bottom": 6302100.1, "grid_row": 24, "grid_col": 4, "id_2": 132, "name_fr": "Rougon02", "name_nl": "Rougon02", "population": 12.0, "centroid_lat": 43.799357520999997, "centroid_lon": 6.377204449 }, "geometry": { "type": "Polygon", "coordinates": [ [ [ 6.361027473127733, 43.788599397489257 ], [ 6.392053303988947, 43.787637693409671 ], [ 6.3907202285725, 43.76516171266524 ], [ 6.359706561260666, 43.766123025248632 ], [ 6.361027473127733, 43.788599397489257 ] ] ] } },
{ "type": "Feature", "properties": { "id": 106, "left": 967993.4, "top": 6304600.1, "right": 970493.4, "bottom": 6302100.1, "grid_row": 24, "grid_col": 3, "id_2": 133, "name_fr": "La Palud-sur-Verdon19", "name_nl": "La Palud-sur-Verdon19", "population": 16.0, "centroid_lat": 43.776881191999998, "centroid_lon": 6.375876933 }, "geometry": { "type": "Polygon", "coordinates": [ [ [ 6.330000603819408, 43.789552270554786 ], [ 6.361027473127733, 43.788599397489257 ], [ 6.359706561260666, 43.766123025248632 ], [ 6.328691856724118, 43.767075510406137 ], [ 6.330000603819408, 43.789552270554786 ] ] ] } },
{ "type": "Feature", "properties": { "id": 107, "left": 967993.4, "top": 6302100.1, "right": 970493.4, "bottom": 6299600.1, "grid_row": 25, "grid_col": 3, "id_2": 133, "name_fr": "La Palud-sur-Verdon19", "name_nl": "La Palud-sur-Verdon19", "population": 16.0, "centroid_lat": 43.776881191999998, "centroid_lon": 6.375876933 }, "geometry": { "type": "Polygon", "coordinates": [ [ [ 6.328691856724118, 43.767075510406137 ], [ 6.359706561260666, 43.766123025248632 ], [ 6.358386686618632, 43.74364696060367 ], [ 6.327384137335867, 43.744599058018366 ], [ 6.328691856724118, 43.767075510406137 ] ] ] } },
{ "type": "Feature", "properties": { "id": 133, "left": 970493.4, "top": 6304600.1, "right": 972993.4, "bottom": 6302100.1, "grid_row": 24, "grid_col": 4, "id_2": 133, "name_fr": "La Palud-sur-Verdon19", "name_nl": "La Palud-sur-Verdon19", "population": 16.0, "centroid_lat": 43.776881191999998, "centroid_lon": 6.375876933 }, "geometry": { "type": "Polygon", "coordinates": [ [ [ 6.361027473127733, 43.788599397489257 ], [ 6.392053303988947, 43.787637693409671 ], [ 6.3907202285725, 43.76516171266524 ], [ 6.359706561260666, 43.766123025248632 ], [ 6.361027473127733, 43.788599397489257 ] ] ] } },
{ "type": "Feature", "properties": { "id": 134, "left": 970493.4, "top": 6302100.1, "right": 972993.4, "bottom": 6299600.1, "grid_row": 25, "grid_col": 4, "id_2": 133, "name_fr": "La Palud-sur-Verdon19", "name_nl": "La Palud-sur-Verdon19", "population": 16.0, "centroid_lat": 43.776881191999998, "centroid_lon": 6.375876933 }, "geometry": { "type": "Polygon", "coordinates": [ [ [ 6.359706561260666, 43.766123025248632 ], [ 6.3907202285725, 43.76516171266524 ], [ 6.389388199897164, 43.742686039349735 ], [ 6.358386686618632, 43.74364696060367 ], [ 6.359706561260666, 43.766123025248632 ] ] ] } },
{ "type": "Feature", "properties": { "id": 107, "left": 967993.4, "top": 6302100.1, "right": 970493.4, "bottom": 6299600.1, "grid_row": 25, "grid_col": 3, "id_2": 134, "name_fr": "La Palud-sur-Verdon20", "name_nl": "La Palud-sur-Verdon20", "population": 0.0, "centroid_lat": 43.754405169000002, "centroid_lon": 6.374550461 }, "geometry": { "type": "Polygon", "coordinates": [ [ [ 6.328691856724118, 43.767075510406137 ], [ 6.359706561260666, 43.766123025248632 ], [ 6.358386686618632, 43.74364696060367 ], [ 6.327384137335867, 43.744599058018366 ], [ 6.328691856724118, 43.767075510406137 ] ] ] } },
{ "type": "Feature", "properties": { "id": 108, "left": 967993.4, "top": 6299600.1, "right": 970493.4, "bottom": 6297100.1, "grid_row": 26, "grid_col": 3, "id_2": 134, "name_fr": "La Palud-sur-Verdon20", "name_nl": "La Palud-sur-Verdon20", "population": 0.0, "centroid_lat": 43.754405169000002, "centroid_lon": 6.374550461 }, "geometry": { "type": "Polygon", "coordinates": [ [ [ 6.327384137335867, 43.744599058018366 ], [ 6.358386686618632, 43.74364696060367 ], [ 6.357067847981153, 43.721171206857754 ], [ 6.326077444445319, 43.722122916694687 ], [ 6.327384137335867, 43.744599058018366 ] ] ] } },
{ "type": "Feature", "properties": { "id": 134, "left": 970493.4, "top": 6302100.1, "right": 972993.4, "bottom": 6299600.1, "grid_row": 25, "grid_col": 4, "id_2": 134, "name_fr": "La Palud-sur-Verdon20", "name_nl": "La Palud-sur-Verdon20", "population": 0.0, "centroid_lat": 43.754405169000002, "centroid_lon": 6.374550461 }, "geometry": { "type": "Polygon", "coordinates": [ [ [ 6.359706561260666, 43.766123025248632 ], [ 6.3907202285725, 43.76516171266524 ], [ 6.389388199897164, 43.742686039349735 ], [ 6.358386686618632, 43.74364696060367 ], [ 6.359706561260666, 43.766123025248632 ] ] ] } },
{ "type": "Feature", "properties": { "id": 135, "left": 970493.4, "top": 6299600.1, "right": 972993.4, "bottom": 6297100.1, "grid_row": 26, "grid_col": 4, "id_2": 134, "name_fr": "La Palud-sur-Verdon20", "name_nl": "La Palud-sur-Verdon20", "population": 0.0, "centroid_lat": 43.754405169000002, "centroid_lon": 6.374550461 }, "geometry": { "type": "Polygon", "coordinates": [ [ [ 6.358386686618632, 43.74364696060367 ], [ 6.389388199897164, 43.742686039349735 ], [ 6.38805721673132, 43.720210676766733 ], [ 6.357067847981153, 43.721171206857754 ], [ 6.358386686618632, 43.74364696060367 ] ] ] } },
{ "type": "Feature", "properties": { "id": 108, "left": 967993.4, "top": 6299600.1, "right": 970493.4, "bottom": 6297100.1, "grid_row": 26, "grid_col": 3, "id_2": 135, "name_fr": "Rougon03", "name_nl": "Rougon03", "population": 0.0, "centroid_lat": 43.731929455, "centroid_lon": 6.373225029 }, "geometry": { "type": "Polygon", "coordinates": [ [ [ 6.327384137335867, 43.744599058018366 ], [ 6.358386686618632, 43.74364696060367 ], [ 6.357067847981153, 43.721171206857754 ], [ 6.326077444445319, 43.722122916694687 ], [ 6.327384137335867, 43.744599058018366 ] ] ] } },
{ "type": "Feature", "properties": { "id": 135, "left": 970493.4, "top": 6299600.1, "right": 972993.4, "bottom": 6297100.1, "grid_row": 26, "grid_col": 4, "id_2": 135, "name_fr": "Rougon03", "name_nl": "Rougon03", "population": 0.0, "centroid_lat": 43.731929455, "centroid_lon": 6.373225029 }, "geometry": { "type": "Polygon", "coordinates": [ [ [ 6.358386686618632, 43.74364696060367 ], [ 6.389388199897164, 43.742686039349735 ], [ 6.38805721673132, 43.720210676766733 ], [ 6.357067847981153, 43.721171206857754 ], [ 6.358386686618632, 43.74364696060367 ] ] ] } },
{ "type": "Feature", "properties": { "id": 162, "left": 972993.4, "top": 6299600.1, "right": 975493.4, "bottom": 6297100.1, "grid_row": 26, "grid_col": 5, "id_2": 135, "name_fr": "Rougon03", "name_nl": "Rougon03", "population": 0.0, "centroid_lat": 43.731929455, "centroid_lon": 6.373225029 }, "geometry": { "type": "Polygon", "coordinates": [ [ [ 6.389388199897164, 43.742686039349735 ], [ 6.420388667666527, 43.741716294717655 ], [ 6.41904554120201, 43.719241326882312 ], [ 6.38805721673132, 43.720210676766733 ], [ 6.389388199897164, 43.742686039349735 ] ] ] } },
{ "type": "Feature", "properties": { "id": 144, "left": 972993.4, "top": 6344600.1, "right": 975493.4, "bottom": 6342100.1, "grid_row": 8, "grid_col": 5, "id_2": 144, "name_fr": "Thorame-Basse01", "name_nl": "Thorame-Basse01", "population": 0.0, "centroid_lat": 44.135564668999997, "centroid_lon": 6.428458189 }, "geometry": { "type": "Polygon", "coordinates": [ [ [ 6.413525879988396, 44.147292494446255 ], [ 6.444746563008881, 44.146315615479821 ], [ 6.443384254572798, 44.123835564109953 ], [ 6.412175887623569, 44.124812045282013 ], [ 6.413525879988396, 44.147292494446255 ] ] ] } },
{ "type": "Feature", "properties": { "id": 145, "left": 972993.4, "top": 6342100.1, "right": 975493.4, "bottom": 6339600.1, "grid_row": 9, "grid_col": 5, "id_2": 144, "name_fr": "Thorame-Basse01", "name_nl": "Thorame-Basse01", "population": 0.0, "centroid_lat": 44.135564668999997, "centroid_lon": 6.428458189 }, "geometry": { "type": "Polygon", "coordinates": [ [ [ 6.412175887623569, 44.124812045282013 ], [ 6.443384254572798, 44.123835564109953 ], [ 6.442023022544172, 44.101355766948465 ], [ 6.410826961971452, 44.102331850496604 ], [ 6.412175887623569, 44.124812045282013 ] ] ] } },
{ "type": "Feature", "properties": { "id": 144, "left": 972993.4, "top": 6344600.1, "right": 975493.4, "bottom": 6342100.1, "grid_row": 8, "grid_col": 5, "id_2": 145, "name_fr": "Thorame-Basse02", "name_nl": "Thorame-Basse02", "population": 0.0, "centroid_lat": 44.113084546000003, "centroid_lon": 6.427102575 }, "geometry": { "type": "Polygon", "coordinates": [ [ [ 6.413525879988396, 44.147292494446255 ], [ 6.444746563008881, 44.146315615479821 ], [ 6.443384254572798, 44.123835564109953 ], [ 6.412175887623569, 44.124812045282013 ], [ 6.413525879988396, 44.147292494446255 ] ] ] } },
{ "type": "Feature", "properties": { "id": 145, "left": 972993.4, "top": 6342100.1, "right": 975493.4, "bottom": 6339600.1, "grid_row": 9, "grid_col": 5, "id_2": 145, "name_fr": "Thorame-Basse02", "name_nl": "Thorame-Basse02", "population": 0.0, "centroid_lat": 44.113084546000003, "centroid_lon": 6.427102575 }, "geometry": { "type": "Polygon", "coordinates": [ [ [ 6.412175887623569, 44.124812045282013 ], [ 6.443384254572798, 44.123835564109953 ], [ 6.442023022544172, 44.101355766948465 ], [ 6.410826961971452, 44.102331850496604 ], [ 6.412175887623569, 44.124812045282013 ] ] ] } },
{ "type": "Feature", "properties": { "id": 146, "left": 972993.4, "top": 6339600.1, "right": 975493.4, "bottom": 6337100.1, "grid_row": 10, "grid_col": 5, "id_2": 145, "name_fr": "Thorame-Basse02", "name_nl": "Thorame-Basse02", "population": 0.0, "centroid_lat": 44.113084546000003, "centroid_lon": 6.427102575 }, "geometry": { "type": "Polygon", "coordinates": [ [ [ 6.410826961971452, 44.102331850496604 ], [ 6.442023022544172, 44.101355766948465 ], [ 6.440662865648554, 44.078876227321778 ], [ 6.409479101769018, 44.079851913416299 ], [ 6.410826961971452, 44.102331850496604 ] ] ] } },
{ "type": "Feature", "properties": { "id": 146, "left": 972993.4, "top": 6339600.1, "right": 975493.4, "bottom": 6337100.1, "grid_row": 10, "grid_col": 5, "id_2": 146, "name_fr": "Tartonne09", "name_nl": "Tartonne09", "population": 0.0, "centroid_lat": 44.090604677999998, "centroid_lon": 6.425748031 }, "geometry": { "type": "Polygon", "coordinates": [ [ [ 6.410826961971452, 44.102331850496604 ], [ 6.442023022544172, 44.101355766948465 ], [ 6.440662865648554, 44.078876227321778 ], [ 6.409479101769018, 44.079851913416299 ], [ 6.410826961971452, 44.102331850496604 ] ] ] } },
{ "type": "Feature", "properties": { "id": 147, "left": 972993.4, "top": 6337100.1, "right": 975493.4, "bottom": 6334600.1, "grid_row": 11, "grid_col": 5, "id_2": 146, "name_fr": "Tartonne09", "name_nl": "Tartonne09", "population": 0.0, "centroid_lat": 44.090604677999998, "centroid_lon": 6.425748031 }, "geometry": { "type": "Polygon", "coordinates": [ [ [ 6.409479101769018, 44.079851913416299 ], [ 6.440662865648554, 44.078876227321778 ], [ 6.439303782613507, 44.05639694855487 ], [ 6.408132305755231, 44.057372237365961 ], [ 6.409479101769018, 44.079851913416299 ] ] ] } },
{ "type": "Feature", "properties": { "id": 120, "left": 970493.4, "top": 6337100.1, "right": 972993.4, "bottom": 6334600.1, "grid_row": 11, "grid_col": 4, "id_2": 147, "name_fr": "Tartonne10", "name_nl": "Tartonne10", "population": 15.0, "centroid_lat": 44.06812507, "centroid_lon": 6.424394557 }, "geometry": { "type": "Polygon", "coordinates": [ [ [ 6.378294273701166, 44.080818722178698 ], [ 6.409479101769018, 44.079851913416299 ], [ 6.408132305755231, 44.057372237365961 ], [ 6.376959765967686, 44.058338652452527 ], [ 6.378294273701166, 44.080818722178698 ] ] ] } },
{ "type": "Feature", "properties": { "id": 147, "left": 972993.4, "top": 6337100.1, "right": 975493.4, "bottom": 6334600.1, "grid_row": 11, "grid_col": 5, "id_2": 147, "name_fr": "Tartonne10", "name_nl": "Tartonne10", "population": 15.0, "centroid_lat": 44.06812507, "centroid_lon": 6.424394557 }, "geometry": { "type": "Polygon", "coordinates": [ [ [ 6.409479101769018, 44.079851913416299 ], [ 6.440662865648554, 44.078876227321778 ], [ 6.439303782613507, 44.05639694855487 ], [ 6.408132305755231, 44.057372237365961 ], [ 6.409479101769018, 44.079851913416299 ] ] ] } },
{ "type": "Feature", "properties": { "id": 148, "left": 972993.4, "top": 6334600.1, "right": 975493.4, "bottom": 6332100.1, "grid_row": 12, "grid_col": 5, "id_2": 147, "name_fr": "Tartonne10", "name_nl": "Tartonne10", "population": 15.0, "centroid_lat": 44.06812507, "centroid_lon": 6.424394557 }, "geometry": { "type": "Polygon", "coordinates": [ [ [ 6.408132305755231, 44.057372237365961 ], [ 6.439303782613507, 44.05639694855487 ], [ 6.437945772168596, 44.033917933971331 ], [ 6.406786572671041, 44.034892825668976 ], [ 6.408132305755231, 44.057372237365961 ] ] ] } },
{ "type": "Feature", "properties": { "id": 120, "left": 970493.4, "top": 6337100.1, "right": 972993.4, "bottom": 6334600.1, "grid_row": 11, "grid_col": 4, "id_2": 148, "name_fr": "Lambruisse01", "name_nl": "Lambruisse01", "population": 0.0, "centroid_lat": 44.045645724000003, "centroid_lon": 6.423042151 }, "geometry": { "type": "Polygon", "coordinates": [ [ [ 6.378294273701166, 44.080818722178698 ], [ 6.409479101769018, 44.079851913416299 ], [ 6.408132305755231, 44.057372237365961 ], [ 6.376959765967686, 44.058338652452527 ], [ 6.378294273701166, 44.080818722178698 ] ] ] } },
{ "type": "Feature", "properties": { "id": 121, "left": 970493.4, "top": 6334600.1, "right": 972993.4, "bottom": 6332100.1, "grid_row": 12, "grid_col": 4, "id_2": 148, "name_fr": "Lambruisse01", "name_nl": "Lambruisse01", "population": 0.0, "centroid_lat": 44.045645724000003, "centroid_lon": 6.423042151 }, "geometry": { "type": "Polygon", "coordinates": [ [ [ 6.376959765967686, 44.058338652452527 ], [ 6.408132305755231, 44.057372237365961 ], [ 6.406786572671041, 44.034892825668976 ], [ 6.37562631150128, 44.035858847248235 ], [ 6.376959765967686, 44.058338652452527 ] ] ] } },
{ "type": "Feature", "properties": { "id": 147, "left": 972993.4, "top": 6337100.1, "right": 975493.4, "bottom": 6334600.1, "grid_row": 11, "grid_col": 5, "id_2": 148, "name_fr": "Lambruisse01", "name_nl": "Lambruisse01", "population": 0.0, "centroid_lat": 44.045645724000003, "centroid_lon": 6.423042151 }, "geometry": { "type": "Polygon", "coordinates": [ [ [ 6.409479101769018, 44.079851913416299 ], [ 6.440662865648554, 44.078876227321778 ], [ 6.439303782613507, 44.05639694855487 ], [ 6.408132305755231, 44.057372237365961 ], [ 6.409479101769018, 44.079851913416299 ] ] ] } },
{ "type": "Feature", "properties": { "id": 148, "left": 972993.4, "top": 6334600.1, "right": 975493.4, "bottom": 6332100.1, "grid_row": 12, "grid_col": 5, "id_2": 148, "name_fr": "Lambruisse01", "name_nl": "Lambruisse01", "population": 0.0, "centroid_lat": 44.045645724000003, "centroid_lon": 6.423042151 }, "geometry": { "type": "Polygon", "coordinates": [ [ [ 6.408132305755231, 44.057372237365961 ], [ 6.439303782613507, 44.05639694855487 ], [ 6.437945772168596, 44.033917933971331 ], [ 6.406786572671041, 44.034892825668976 ], [ 6.408132305755231, 44.057372237365961 ] ] ] } },
{ "type": "Feature", "properties": { "id": 149, "left": 972993.4, "top": 6332100.1, "right": 975493.4, "bottom": 6329600.1, "grid_row": 13, "grid_col": 5, "id_2": 148, "name_fr": "Lambruisse01", "name_nl": "Lambruisse01", "population": 0.0, "centroid_lat": 44.045645724000003, "centroid_lon": 6.423042151 }, "geometry": { "type": "Polygon", "coordinates": [ [ [ 6.406786572671041, 44.034892825668976 ], [ 6.437945772168596, 44.033917933971331 ], [ 6.43658883304539, 44.011439186893298 ], [ 6.405441901259385, 44.012413681647409 ], [ 6.406786572671041, 44.034892825668976 ] ] ] } },
{ "type": "Feature", "properties": { "id": 175, "left": 975493.4, "top": 6334600.1, "right": 977993.4, "bottom": 6332100.1, "grid_row": 12, "grid_col": 6, "id_2": 148, "name_fr": "Lambruisse01", "name_nl": "Lambruisse01", "population": 0.0, "centroid_lat": 44.045645724000003, "centroid_lon": 6.423042151 }, "geometry": { "type": "Polygon", "coordinates": [ [ [ 6.439303782613507, 44.05639694855487 ], [ 6.470474186881981, 44.055412786489974 ], [ 6.46910390034478, 44.032934172625545 ], [ 6.437945772168596, 44.033917933971331 ], [ 6.439303782613507, 44.05639694855487 ] ] ] } },
{ "type": "Feature", "properties": { "id": 176, "left": 975493.4, "top": 6332100.1, "right": 977993.4, "bottom": 6329600.1, "grid_row": 13, "grid_col": 6, "id_2": 148, "name_fr": "Lambruisse01", "name_nl": "Lambruisse01", "population": 0.0, "centroid_lat": 44.045645724000003, "centroid_lon": 6.423042151 }, "geometry": { "type": "Polygon", "coordinates": [ [ [ 6.437945772168596, 44.033917933971331 ], [ 6.46910390034478, 44.032934172625545 ], [ 6.467734694776456, 44.010455826095239 ], [ 6.43658883304539, 44.011439186893298 ], [ 6.437945772168596, 44.033917933971331 ] ] ] } },
{ "type": "Feature", "properties": { "id": 149, "left": 972993.4, "top": 6332100.1, "right": 975493.4, "bottom": 6329600.1, "grid_row": 13, "grid_col": 5, "id_2": 149, "name_fr": "Clumanc09", "name_nl": "Clumanc09", "population": 0.0, "centroid_lat": 44.023166645000003, "centroid_lon": 6.421690813 }, "geometry": { "type": "Polygon", "coordinates": [ [ [ 6.406786572671041, 44.034892825668976 ], [ 6.437945772168596, 44.033917933971331 ], [ 6.43658883304539, 44.011439186893298 ], [ 6.405441901259385, 44.012413681647409 ], [ 6.406786572671041, 44.034892825668976 ] ] ] } },
{ "type": "Feature", "properties": { "id": 150, "left": 972993.4, "top": 6329600.1, "right": 975493.4, "bottom": 6327100.1, "grid_row": 14, "grid_col": 5, "id_2": 149, "name_fr": "Clumanc09", "name_nl": "Clumanc09", "population": 0.0, "centroid_lat": 44.023166645000003, "centroid_lon": 6.421690813 }, "geometry": { "type": "Polygon", "coordinates": [ [ [ 6.405441901259385, 44.012413681647409 ], [ 6.43658883304539, 44.011439186893298 ], [ 6.435232963977457, 43.988960710641535 ], [ 6.404098290265178, 43.989934808621868 ], [ 6.405441901259385, 44.012413681647409 ] ] ] } },
{ "type": "Feature", "properties": { "id": 176, "left": 975493.4, "top": 6332100.1, "right": 977993.4, "bottom": 6329600.1, "grid_row": 13, "grid_col": 6, "id_2": 149, "name_fr": "Clumanc09", "name_nl": "Clumanc09", "population": 0.0, "centroid_lat": 44.023166645000003, "centroid_lon": 6.421690813 }, "geometry": { "type": "Polygon", "coordinates": [ [ [ 6.437945772168596, 44.033917933971331 ], [ 6.46910390034478, 44.032934172625545 ], [ 6.467734694776456, 44.010455826095239 ], [ 6.43658883304539, 44.011439186893298 ], [ 6.437945772168596, 44.033917933971331 ] ] ] } },
{ "type": "Feature", "properties": { "id": 150, "left": 972993.4, "top": 6329600.1, "right": 975493.4, "bottom": 6327100.1, "grid_row": 14, "grid_col": 5, "id_2": 150, "name_fr": "Clumanc10", "name_nl": "Clumanc10", "population": 0.0, "centroid_lat": 44.000687833999997, "centroid_lon": 6.42034054 }, "geometry": { "type": "Polygon", "coordinates": [ [ [ 6.405441901259385, 44.012413681647409 ], [ 6.43658883304539, 44.011439186893298 ], [ 6.435232963977457, 43.988960710641535 ], [ 6.404098290265178, 43.989934808621868 ], [ 6.405441901259385, 44.012413681647409 ] ] ] } },
{ "type": "Feature", "properties": { "id": 151, "left": 972993.4, "top": 6327100.1, "right": 975493.4, "bottom": 6324600.1, "grid_row": 15, "grid_col": 5, "id_2": 150, "name_fr": "Clumanc10", "name_nl": "Clumanc10", "population": 0.0, "centroid_lat": 44.000687833999997, "centroid_lon": 6.42034054 }, "geometry": { "type": "Polygon", "coordinates": [ [ [ 6.404098290265178, 43.989934808621868 ], [ 6.435232963977457, 43.988960710641535 ], [ 6.433878163700358, 43.966482508535364 ], [ 6.402755738435316, 43.967456209911489 ], [ 6.404098290265178, 43.989934808621868 ] ] ] } },
{ "type": "Feature", "properties": { "id": 177, "left": 975493.4, "top": 6329600.1, "right": 977993.4, "bottom": 6327100.1, "grid_row": 14, "grid_col": 6, "id_2": 150, "name_fr": "Clumanc10", "name_nl": "Clumanc10", "population": 0.0, "centroid_lat": 44.000687833999997, "centroid_lon": 6.42034054 }, "geometry": { "type": "Polygon", "coordinates": [ [ [ 6.43658883304539, 44.011439186893298 ], [ 6.467734694776456, 44.010455826095239 ], [ 6.466366568899234, 43.987977750219912 ], [ 6.435232963977457, 43.988960710641535 ], [ 6.43658883304539, 44.011439186893298 ] ] ] } },
{ "type": "Feature", "properties": { "id": 178, "left": 975493.4, "top": 6327100.1, "right": 977993.4, "bottom": 6324600.1, "grid_row": 15, "grid_col": 6, "id_2": 150, "name_fr": "Clumanc10", "name_nl": "Clumanc10", "population": 0.0, "centroid_lat": 44.000687833999997, "centroid_lon": 6.42034054 }, "geometry": { "type": "Polygon", "coordinates": [ [ [ 6.435232963977457, 43.988960710641535 ], [ 6.466366568899234, 43.987977750219912 ], [ 6.464999521437347, 43.965499948319035 ], [ 6.433878163700358, 43.966482508535364 ], [ 6.435232963977457, 43.988960710641535 ] ] ] } },
{ "type": "Feature", "properties": { "id": 151, "left": 972993.4, "top": 6327100.1, "right": 975493.4, "bottom": 6324600.1, "grid_row": 15, "grid_col": 5, "id_2": 151, "name_fr": "Saint-Lions02", "name_nl": "Saint-Lions02", "population": 0.0, "centroid_lat": 43.978209297, "centroid_lon": 6.418991332 }, "geometry": { "type": "Polygon", "coordinates": [ [ [ 6.404098290265178, 43.989934808621868 ], [ 6.435232963977457, 43.988960710641535 ], [ 6.433878163700358, 43.966482508535364 ], [ 6.402755738435316, 43.967456209911489 ], [ 6.404098290265178, 43.989934808621868 ] ] ] } },
{ "type": "Feature", "properties": { "id": 178, "left": 975493.4, "top": 6327100.1, "right": 977993.4, "bottom": 6324600.1, "grid_row": 15, "grid_col": 6, "id_2": 151, "name_fr": "Saint-Lions02", "name_nl": "Saint-Lions02", "population": 0.0, "centroid_lat": 43.978209297, "centroid_lon": 6.418991332 }, "geometry": { "type": "Polygon", "coordinates": [ [ [ 6.435232963977457, 43.988960710641535 ], [ 6.466366568899234, 43.987977750219912 ], [ 6.464999521437347, 43.965499948319035 ], [ 6.433878163700358, 43.966482508535364 ], [ 6.435232963977457, 43.988960710641535 ] ] ] } },
{ "type": "Feature", "properties": { "id": 152, "left": 972993.4, "top": 6324600.1, "right": 975493.4, "bottom": 6322100.1, "grid_row": 16, "grid_col": 5, "id_2": 152, "name_fr": "Barrême05", "name_nl": "Barrême05", "population": 10.0, "centroid_lat": 43.955731035, "centroid_lon": 6.417643187 }, "geometry": { "type": "Polygon", "coordinates": [ [ [ 6.402755738435316, 43.967456209911489 ], [ 6.433878163700358, 43.966482508535364 ], [ 6.432524430951642, 43.944004583892671 ], [ 6.40141424451866, 43.944977888834089 ], [ 6.402755738435316, 43.967456209911489 ] ] ] } },
{ "type": "Feature", "properties": { "id": 153, "left": 972993.4, "top": 6322100.1, "right": 975493.4, "bottom": 6319600.1, "grid_row": 17, "grid_col": 5, "id_2": 152, "name_fr": "Barrême05", "name_nl": "Barrême05", "population": 10.0, "centroid_lat": 43.955731035, "centroid_lon": 6.417643187 }, "geometry": { "type": "Polygon", "coordinates": [ [ [ 6.40141424451866, 43.944977888834089 ], [ 6.432524430951642, 43.944004583892671 ], [ 6.431171764470849, 43.92152694002997 ], [ 6.400073807266046, 43.922499848706003 ], [ 6.40141424451866, 43.944977888834089 ] ] ] } },
{ "type": "Feature", "properties": { "id": 126, "left": 970493.4, "top": 6322100.1, "right": 972993.4, "bottom": 6319600.1, "grid_row": 17, "grid_col": 4, "id_2": 153, "name_fr": "Senez10", "name_nl": "Senez10", "population": 15.0, "centroid_lat": 43.933253051999998, "centroid_lon": 6.416296104 }, "geometry": { "type": "Polygon", "coordinates": [ [ [ 6.370303001421965, 43.94594233806616 ], [ 6.40141424451866, 43.944977888834089 ], [ 6.400073807266046, 43.922499848706003 ], [ 6.368974794644732, 43.923463905271127 ], [ 6.370303001421965, 43.94594233806616 ] ] ] } },
{ "type": "Feature", "properties": { "id": 127, "left": 970493.4, "top": 6319600.1, "right": 972993.4, "bottom": 6317100.1, "grid_row": 18, "grid_col": 4, "id_2": 153, "name_fr": "Senez10", "name_nl": "Senez10", "population": 15.0, "centroid_lat": 43.933253051999998, "centroid_lon": 6.416296104 }, "geometry": { "type": "Polygon", "coordinates": [ [ [ 6.368974794644732, 43.923463905271127 ], [ 6.400073807266046, 43.922499848706003 ], [ 6.398734425430271, 43.900022092842157 ], [ 6.367647633689772, 43.900985756907993 ], [ 6.368974794644732, 43.923463905271127 ] ] ] } },
{ "type": "Feature", "properties": { "id": 153, "left": 972993.4, "top": 6322100.1, "right": 975493.4, "bottom": 6319600.1, "grid_row": 17, "grid_col": 5, "id_2": 153, "name_fr": "Senez10", "name_nl": "Senez10", "population": 15.0, "centroid_lat": 43.933253051999998, "centroid_lon": 6.416296104 }, "geometry": { "type": "Polygon", "coordinates": [ [ [ 6.40141424451866, 43.944977888834089 ], [ 6.432524430951642, 43.944004583892671 ], [ 6.431171764470849, 43.92152694002997 ], [ 6.400073807266046, 43.922499848706003 ], [ 6.40141424451866, 43.944977888834089 ] ] ] } },
{ "type": "Feature", "properties": { "id": 154, "left": 972993.4, "top": 6319600.1, "right": 975493.4, "bottom": 6317100.1, "grid_row": 18, "grid_col": 5, "id_2": 153, "name_fr": "Senez10", "name_nl": "Senez10", "population": 15.0, "centroid_lat": 43.933253051999998, "centroid_lon": 6.416296104 }, "geometry": { "type": "Polygon", "coordinates": [ [ [ 6.400073807266046, 43.922499848706003 ], [ 6.431171764470849, 43.92152694002997 ], [ 6.429820162999497, 43.899049580262336 ], [ 6.398734425430271, 43.900022092842157 ], [ 6.400073807266046, 43.922499848706003 ] ] ] } },
{ "type": "Feature", "properties": { "id": 127, "left": 970493.4, "top": 6319600.1, "right": 972993.4, "bottom": 6317100.1, "grid_row": 18, "grid_col": 4, "id_2": 154, "name_fr": "Senez11", "name_nl": "Senez11", "population": 112.0, "centroid_lat": 43.910775352000002, "centroid_lon": 6.414950083 }, "geometry": { "type": "Polygon", "coordinates": [ [ [ 6.368974794644732, 43.923463905271127 ], [ 6.400073807266046, 43.922499848706003 ], [ 6.398734425430271, 43.900022092842157 ], [ 6.367647633689772, 43.900985756907993 ], [ 6.368974794644732, 43.923463905271127 ] ] ] } },
{ "type": "Feature", "properties": { "id": 154, "left": 972993.4, "top": 6319600.1, "right": 975493.4, "bottom": 6317100.1, "grid_row": 18, "grid_col": 5, "id_2": 154, "name_fr": "Senez11", "name_nl": "Senez11", "population": 112.0, "centroid_lat": 43.910775352000002, "centroid_lon": 6.414950083 }, "geometry": { "type": "Polygon", "coordinates": [ [ [ 6.400073807266046, 43.922499848706003 ], [ 6.431171764470849, 43.92152694002997 ], [ 6.429820162999497, 43.899049580262336 ], [ 6.398734425430271, 43.900022092842157 ], [ 6.400073807266046, 43.922499848706003 ] ] ] } },
{ "type": "Feature", "properties": { "id": 128, "left": 970493.4, "top": 6317100.1, "right": 972993.4, "bottom": 6314600.1, "grid_row": 19, "grid_col": 4, "id_2": 155, "name_fr": "Senez12", "name_nl": "Senez12", "population": 17.0, "centroid_lat": 43.888297936999997, "centroid_lon": 6.41360512 }, "geometry": { "type": "Polygon", "coordinates": [ [ [ 6.367647633689772, 43.900985756907993 ], [ 6.398734425430271, 43.900022092842157 ], [ 6.397396097766093, 43.877544624556059 ], [ 6.366321517323112, 43.878507896290152 ], [ 6.367647633689772, 43.900985756907993 ] ] ] } },
{ "type": "Feature", "properties": { "id": 129, "left": 970493.4, "top": 6314600.1, "right": 972993.4, "bottom": 6312100.1, "grid_row": 20, "grid_col": 4, "id_2": 155, "name_fr": "Senez12", "name_nl": "Senez12", "population": 17.0, "centroid_lat": 43.888297936999997, "centroid_lon": 6.41360512 }, "geometry": { "type": "Polygon", "coordinates": [ [ [ 6.366321517323112, 43.878507896290152 ], [ 6.397396097766093, 43.877544624556059 ], [ 6.396058823030228, 43.855067447159804 ], [ 6.364996444312715, 43.856030326729531 ], [ 6.366321517323112, 43.878507896290152 ] ] ] } },
{ "type": "Feature", "properties": { "id": 155, "left": 972993.4, "top": 6317100.1, "right": 975493.4, "bottom": 6314600.1, "grid_row": 19, "grid_col": 5, "id_2": 155, "name_fr": "Senez12", "name_nl": "Senez12", "population": 17.0, "centroid_lat": 43.888297936999997, "centroid_lon": 6.41360512 }, "geometry": { "type": "Polygon", "coordinates": [ [ [ 6.398734425430271, 43.900022092842157 ], [ 6.429820162999497, 43.899049580262336 ], [ 6.428469625281084, 43.876572507903376 ], [ 6.397396097766093, 43.877544624556059 ], [ 6.398734425430271, 43.900022092842157 ] ] ] } },
{ "type": "Feature", "properties": { "id": 156, "left": 972993.4, "top": 6314600.1, "right": 975493.4, "bottom": 6312100.1, "grid_row": 20, "grid_col": 5, "id_2": 155, "name_fr": "Senez12", "name_nl": "Senez12", "population": 17.0, "centroid_lat": 43.888297936999997, "centroid_lon": 6.41360512 }, "geometry": { "type": "Polygon", "coordinates": [ [ [ 6.397396097766093, 43.877544624556059 ], [ 6.428469625281084, 43.876572507903376 ], [ 6.427120150061082, 43.854095726265371 ], [ 6.396058823030228, 43.855067447159804 ], [ 6.397396097766093, 43.877544624556059 ] ] ] } },
{ "type": "Feature", "properties": { "id": 129, "left": 970493.4, "top": 6314600.1, "right": 972993.4, "bottom": 6312100.1, "grid_row": 20, "grid_col": 4, "id_2": 156, "name_fr": "Blieux11", "name_nl": "Blieux11", "population": 0.0, "centroid_lat": 43.865820812000003, "centroid_lon": 6.412261216 }, "geometry": { "type": "Polygon", "coordinates": [ [ [ 6.366321517323112, 43.878507896290152 ], [ 6.397396097766093, 43.877544624556059 ], [ 6.396058823030228, 43.855067447159804 ], [ 6.364996444312715, 43.856030326729531 ], [ 6.366321517323112, 43.878507896290152 ] ] ] } },
{ "type": "Feature", "properties": { "id": 130, "left": 970493.4, "top": 6312100.1, "right": 972993.4, "bottom": 6309600.1, "grid_row": 21, "grid_col": 4, "id_2": 156, "name_fr": "Blieux11", "name_nl": "Blieux11", "population": 0.0, "centroid_lat": 43.865820812000003, "centroid_lon": 6.412261216 }, "geometry": { "type": "Polygon", "coordinates": [ [ [ 6.364996444312715, 43.856030326729531 ], [ 6.396058823030228, 43.855067447159804 ], [ 6.394722599981345, 43.832590563964054 ], [ 6.363672413428478, 43.833553051536661 ], [ 6.364996444312715, 43.856030326729531 ] ] ] } },
{ "type": "Feature", "properties": { "id": 156, "left": 972993.4, "top": 6314600.1, "right": 975493.4, "bottom": 6312100.1, "grid_row": 20, "grid_col": 5, "id_2": 156, "name_fr": "Blieux11", "name_nl": "Blieux11", "population": 0.0, "centroid_lat": 43.865820812000003, "centroid_lon": 6.412261216 }, "geometry": { "type": "Polygon", "coordinates": [ [ [ 6.397396097766093, 43.877544624556059 ], [ 6.428469625281084, 43.876572507903376 ], [ 6.427120150061082, 43.854095726265371 ], [ 6.396058823030228, 43.855067447159804 ], [ 6.397396097766093, 43.877544624556059 ] ] ] } },
{ "type": "Feature", "properties": { "id": 157, "left": 972993.4, "top": 6312100.1, "right": 975493.4, "bottom": 6309600.1, "grid_row": 21, "grid_col": 5, "id_2": 156, "name_fr": "Blieux11", "name_nl": "Blieux11", "population": 0.0, "centroid_lat": 43.865820812000003, "centroid_lon": 6.412261216 }, "geometry": { "type": "Polygon", "coordinates": [ [ [ 6.396058823030228, 43.855067447159804 ], [ 6.427120150061082, 43.854095726265371 ], [ 6.425771736086936, 43.831619238659101 ], [ 6.394722599981345, 43.832590563964054 ], [ 6.396058823030228, 43.855067447159804 ] ] ] } },
{ "type": "Feature", "properties": { "id": 183, "left": 975493.4, "top": 6314600.1, "right": 977993.4, "bottom": 6312100.1, "grid_row": 20, "grid_col": 6, "id_2": 156, "name_fr": "Blieux11", "name_nl": "Blieux11", "population": 0.0, "centroid_lat": 43.865820812000003, "centroid_lon": 6.412261216 }, "geometry": { "type": "Polygon", "coordinates": [ [ [ 6.428469625281084, 43.876572507903376 ], [ 6.459542090297992, 43.875591546799704 ], [ 6.45818041584641, 43.85311516451344 ], [ 6.427120150061082, 43.854095726265371 ], [ 6.428469625281084, 43.876572507903376 ] ] ] } },
{ "type": "Feature", "properties": { "id": 184, "left": 975493.4, "top": 6312100.1, "right": 977993.4, "bottom": 6309600.1, "grid_row": 21, "grid_col": 6, "id_2": 156, "name_fr": "Blieux11", "name_nl": "Blieux11", "population": 0.0, "centroid_lat": 43.865820812000003, "centroid_lon": 6.412261216 }, "geometry": { "type": "Polygon", "coordinates": [ [ [ 6.427120150061082, 43.854095726265371 ], [ 6.45818041584641, 43.85311516451344 ], [ 6.45681981219759, 43.830639076088595 ], [ 6.425771736086936, 43.831619238659101 ], [ 6.427120150061082, 43.854095726265371 ] ] ] } },
{ "type": "Feature", "properties": { "id": 130, "left": 970493.4, "top": 6312100.1, "right": 972993.4, "bottom": 6309600.1, "grid_row": 21, "grid_col": 4, "id_2": 157, "name_fr": "Castellane01", "name_nl": "Castellane01", "population": 22.0, "centroid_lat": 43.843343978999997, "centroid_lon": 6.41091837 }, "geometry": { "type": "Polygon", "coordinates": [ [ [ 6.364996444312715, 43.856030326729531 ], [ 6.396058823030228, 43.855067447159804 ], [ 6.394722599981345, 43.832590563964054 ], [ 6.363672413428478, 43.833553051536661 ], [ 6.364996444312715, 43.856030326729531 ] ] ] } },
{ "type": "Feature", "properties": { "id": 131, "left": 970493.4, "top": 6309600.1, "right": 972993.4, "bottom": 6307100.1, "grid_row": 22, "grid_col": 4, "id_2": 157, "name_fr": "Castellane01", "name_nl": "Castellane01", "population": 22.0, "centroid_lat": 43.843343978999997, "centroid_lon": 6.41091837 }, "geometry": { "type": "Polygon", "coordinates": [ [ [ 6.363672413428478, 43.833553051536661 ], [ 6.394722599981345, 43.832590563964054 ], [ 6.393387427380064, 43.810113978278082 ], [ 6.362349423442231, 43.811076074020683 ], [ 6.363672413428478, 43.833553051536661 ] ] ] } },
{ "type": "Feature", "properties": { "id": 157, "left": 972993.4, "top": 6312100.1, "right": 975493.4, "bottom": 6309600.1, "grid_row": 21, "grid_col": 5, "id_2": 157, "name_fr": "Castellane01", "name_nl": "Castellane01", "population": 22.0, "centroid_lat": 43.843343978999997, "centroid_lon": 6.41091837 }, "geometry": { "type": "Polygon", "coordinates": [ [ [ 6.396058823030228, 43.855067447159804 ], [ 6.427120150061082, 43.854095726265371 ], [ 6.425771736086936, 43.831619238659101 ], [ 6.394722599981345, 43.832590563964054 ], [ 6.396058823030228, 43.855067447159804 ] ] ] } },
{ "type": "Feature", "properties": { "id": 158, "left": 972993.4, "top": 6309600.1, "right": 975493.4, "bottom": 6307100.1, "grid_row": 22, "grid_col": 5, "id_2": 157, "name_fr": "Castellane01", "name_nl": "Castellane01", "population": 22.0, "centroid_lat": 43.843343978999997, "centroid_lon": 6.41091837 }, "geometry": { "type": "Polygon", "coordinates": [ [ [ 6.394722599981345, 43.832590563964054 ], [ 6.425771736086936, 43.831619238659101 ], [ 6.424424382108056, 43.809143048393942 ], [ 6.393387427380064, 43.810113978278082 ], [ 6.394722599981345, 43.832590563964054 ] ] ] } },
{ "type": "Feature", "properties": { "id": 184, "left": 975493.4, "top": 6312100.1, "right": 977993.4, "bottom": 6309600.1, "grid_row": 21, "grid_col": 6, "id_2": 157, "name_fr": "Castellane01", "name_nl": "Castellane01", "population": 22.0, "centroid_lat": 43.843343978999997, "centroid_lon": 6.41091837 }, "geometry": { "type": "Polygon", "coordinates": [ [ [ 6.427120150061082, 43.854095726265371 ], [ 6.45818041584641, 43.85311516451344 ], [ 6.45681981219759, 43.830639076088595 ], [ 6.425771736086936, 43.831619238659101 ], [ 6.427120150061082, 43.854095726265371 ] ] ] } },
{ "type": "Feature", "properties": { "id": 185, "left": 975493.4, "top": 6309600.1, "right": 977993.4, "bottom": 6307100.1, "grid_row": 22, "grid_col": 6, "id_2": 157, "name_fr": "Castellane01", "name_nl": "Castellane01", "population": 22.0, "centroid_lat": 43.843343978999997, "centroid_lon": 6.41091837 }, "geometry": { "type": "Polygon", "coordinates": [ [ [ 6.425771736086936, 43.831619238659101 ], [ 6.45681981219759, 43.830639076088595 ], [ 6.455460278089737, 43.808163284834727 ], [ 6.424424382108056, 43.809143048393942 ], [ 6.425771736086936, 43.831619238659101 ] ] ] } },
{ "type": "Feature", "properties": { "id": 131, "left": 970493.4, "top": 6309600.1, "right": 972993.4, "bottom": 6307100.1, "grid_row": 22, "grid_col": 4, "id_2": 158, "name_fr": "Rougon04", "name_nl": "Rougon04", "population": 0.0, "centroid_lat": 43.820867442000001, "centroid_lon": 6.409576579 }, "geometry": { "type": "Polygon", "coordinates": [ [ [ 6.363672413428478, 43.833553051536661 ], [ 6.394722599981345, 43.832590563964054 ], [ 6.393387427380064, 43.810113978278082 ], [ 6.362349423442231, 43.811076074020683 ], [ 6.363672413428478, 43.833553051536661 ] ] ] } },
{ "type": "Feature", "properties": { "id": 132, "left": 970493.4, "top": 6307100.1, "right": 972993.4, "bottom": 6304600.1, "grid_row": 23, "grid_col": 4, "id_2": 158, "name_fr": "Rougon04", "name_nl": "Rougon04", "population": 0.0, "centroid_lat": 43.820867442000001, "centroid_lon": 6.409576579 }, "geometry": { "type": "Polygon", "coordinates": [ [ [ 6.362349423442231, 43.811076074020683 ], [ 6.393387427380064, 43.810113978278082 ], [ 6.392053303988947, 43.787637693409671 ], [ 6.361027473127733, 43.788599397489257 ], [ 6.362349423442231, 43.811076074020683 ] ] ] } },
{ "type": "Feature", "properties": { "id": 158, "left": 972993.4, "top": 6309600.1, "right": 975493.4, "bottom": 6307100.1, "grid_row": 22, "grid_col": 5, "id_2": 158, "name_fr": "Rougon04", "name_nl": "Rougon04", "population": 0.0, "centroid_lat": 43.820867442000001, "centroid_lon": 6.409576579 }, "geometry": { "type": "Polygon", "coordinates": [ [ [ 6.394722599981345, 43.832590563964054 ], [ 6.425771736086936, 43.831619238659101 ], [ 6.424424382108056, 43.809143048393942 ], [ 6.393387427380064, 43.810113978278082 ], [ 6.394722599981345, 43.832590563964054 ] ] ] } },
{ "type": "Feature", "properties": { "id": 159, "left": 972993.4, "top": 6307100.1, "right": 975493.4, "bottom": 6304600.1, "grid_row": 23, "grid_col": 5, "id_2": 158, "name_fr": "Rougon04", "name_nl": "Rougon04", "population": 0.0, "centroid_lat": 43.820867442000001, "centroid_lon": 6.409576579 }, "geometry": { "type": "Polygon", "coordinates": [ [ [ 6.393387427380064, 43.810113978278082 ], [ 6.424424382108056, 43.809143048393942 ], [ 6.423078086875814, 43.786667158777867 ], [ 6.392053303988947, 43.787637693409671 ], [ 6.393387427380064, 43.810113978278082 ] ] ] } },
{ "type": "Feature", "properties": { "id": 185, "left": 975493.4, "top": 6309600.1, "right": 977993.4, "bottom": 6307100.1, "grid_row": 22, "grid_col": 6, "id_2": 158, "name_fr": "Rougon04", "name_nl": "Rougon04", "population": 0.0, "centroid_lat": 43.820867442000001, "centroid_lon": 6.409576579 }, "geometry": { "type": "Polygon", "coordinates": [ [ [ 6.425771736086936, 43.831619238659101 ], [ 6.45681981219759, 43.830639076088595 ], [ 6.455460278089737, 43.808163284834727 ], [ 6.424424382108056, 43.809143048393942 ], [ 6.425771736086936, 43.831619238659101 ] ] ] } },
{ "type": "Feature", "properties": { "id": 186, "left": 975493.4, "top": 6307100.1, "right": 977993.4, "bottom": 6304600.1, "grid_row": 23, "grid_col": 6, "id_2": 158, "name_fr": "Rougon04", "name_nl": "Rougon04", "population": 0.0, "centroid_lat": 43.820867442000001, "centroid_lon": 6.409576579 }, "geometry": { "type": "Polygon", "coordinates": [ [ [ 6.424424382108056, 43.809143048393942 ], [ 6.455460278089737, 43.808163284834727 ], [ 6.454101812263036, 43.785687794059911 ], [ 6.423078086875814, 43.786667158777867 ], [ 6.424424382108056, 43.809143048393942 ] ] ] } },
{ "type": "Feature", "properties": { "id": 132, "left": 970493.4, "top": 6307100.1, "right": 972993.4, "bottom": 6304600.1, "grid_row": 23, "grid_col": 4, "id_2": 159, "name_fr": "Rougon05", "name_nl": "Rougon05", "population": 51.0, "centroid_lat": 43.798391205000001, "centroid_lon": 6.408235842 }, "geometry": { "type": "Polygon", "coordinates": [ [ [ 6.362349423442231, 43.811076074020683 ], [ 6.393387427380064, 43.810113978278082 ], [ 6.392053303988947, 43.787637693409671 ], [ 6.361027473127733, 43.788599397489257 ], [ 6.362349423442231, 43.811076074020683 ] ] ] } },
{ "type": "Feature", "properties": { "id": 133, "left": 970493.4, "top": 6304600.1, "right": 972993.4, "bottom": 6302100.1, "grid_row": 24, "grid_col": 4, "id_2": 159, "name_fr": "Rougon05", "name_nl": "Rougon05", "population": 51.0, "centroid_lat": 43.798391205000001, "centroid_lon": 6.408235842 }, "geometry": { "type": "Polygon", "coordinates": [ [ [ 6.361027473127733, 43.788599397489257 ], [ 6.392053303988947, 43.787637693409671 ], [ 6.3907202285725, 43.76516171266524 ], [ 6.359706561260666, 43.766123025248632 ], [ 6.361027473127733, 43.788599397489257 ] ] ] } },
{ "type": "Feature", "properties": { "id": 159, "left": 972993.4, "top": 6307100.1, "right": 975493.4, "bottom": 6304600.1, "grid_row": 23, "grid_col": 5, "id_2": 159, "name_fr": "Rougon05", "name_nl": "Rougon05", "population": 51.0, "centroid_lat": 43.798391205000001, "centroid_lon": 6.408235842 }, "geometry": { "type": "Polygon", "coordinates": [ [ [ 6.393387427380064, 43.810113978278082 ], [ 6.424424382108056, 43.809143048393942 ], [ 6.423078086875814, 43.786667158777867 ], [ 6.392053303988947, 43.787637693409671 ], [ 6.393387427380064, 43.810113978278082 ] ] ] } },
{ "type": "Feature", "properties": { "id": 160, "left": 972993.4, "top": 6304600.1, "right": 975493.4, "bottom": 6302100.1, "grid_row": 24, "grid_col": 5, "id_2": 159, "name_fr": "Rougon05", "name_nl": "Rougon05", "population": 51.0, "centroid_lat": 43.798391205000001, "centroid_lon": 6.408235842 }, "geometry": { "type": "Polygon", "coordinates": [ [ [ 6.392053303988947, 43.787637693409671 ], [ 6.423078086875814, 43.786667158777867 ], [ 6.421732849143542, 43.764191573117401 ], [ 6.3907202285725, 43.76516171266524 ], [ 6.392053303988947, 43.787637693409671 ] ] ] } },
{ "type": "Feature", "properties": { "id": 186, "left": 975493.4, "top": 6307100.1, "right": 977993.4, "bottom": 6304600.1, "grid_row": 23, "grid_col": 6, "id_2": 159, "name_fr": "Rougon05", "name_nl": "Rougon05", "population": 51.0, "centroid_lat": 43.798391205000001, "centroid_lon": 6.408235842 }, "geometry": { "type": "Polygon", "coordinates": [ [ [ 6.424424382108056, 43.809143048393942 ], [ 6.455460278089737, 43.808163284834727 ], [ 6.454101812263036, 43.785687794059911 ], [ 6.423078086875814, 43.786667158777867 ], [ 6.424424382108056, 43.809143048393942 ] ] ] } },
{ "type": "Feature", "properties": { "id": 187, "left": 975493.4, "top": 6304600.1, "right": 977993.4, "bottom": 6302100.1, "grid_row": 24, "grid_col": 6, "id_2": 159, "name_fr": "Rougon05", "name_nl": "Rougon05", "population": 51.0, "centroid_lat": 43.798391205000001, "centroid_lon": 6.408235842 }, "geometry": { "type": "Polygon", "coordinates": [ [ [ 6.423078086875814, 43.786667158777867 ], [ 6.454101812263036, 43.785687794059911 ], [ 6.452744413459652, 43.76321260707082 ], [ 6.421732849143542, 43.764191573117401 ], [ 6.423078086875814, 43.786667158777867 ] ] ] } },
{ "type": "Feature", "properties": { "id": 133, "left": 970493.4, "top": 6304600.1, "right": 972993.4, "bottom": 6302100.1, "grid_row": 24, "grid_col": 4, "id_2": 160, "name_fr": "Rougon06", "name_nl": "Rougon06", "population": 0.0, "centroid_lat": 43.775915269000002, "centroid_lon": 6.406896159 }, "geometry": { "type": "Polygon", "coordinates": [ [ [ 6.361027473127733, 43.788599397489257 ], [ 6.392053303988947, 43.787637693409671 ], [ 6.3907202285725, 43.76516171266524 ], [ 6.359706561260666, 43.766123025248632 ], [ 6.361027473127733, 43.788599397489257 ] ] ] } },
{ "type": "Feature", "properties": { "id": 134, "left": 970493.4, "top": 6302100.1, "right": 972993.4, "bottom": 6299600.1, "grid_row": 25, "grid_col": 4, "id_2": 160, "name_fr": "Rougon06", "name_nl": "Rougon06", "population": 0.0, "centroid_lat": 43.775915269000002, "centroid_lon": 6.406896159 }, "geometry": { "type": "Polygon", "coordinates": [ [ [ 6.359706561260666, 43.766123025248632 ], [ 6.3907202285725, 43.76516171266524 ], [ 6.389388199897164, 43.742686039349735 ], [ 6.358386686618632, 43.74364696060367 ], [ 6.359706561260666, 43.766123025248632 ] ] ] } },
{ "type": "Feature", "properties": { "id": 160, "left": 972993.4, "top": 6304600.1, "right": 975493.4, "bottom": 6302100.1, "grid_row": 24, "grid_col": 5, "id_2": 160, "name_fr": "Rougon06", "name_nl": "Rougon06", "population": 0.0, "centroid_lat": 43.775915269000002, "centroid_lon": 6.406896159 }, "geometry": { "type": "Polygon", "coordinates": [ [ [ 6.392053303988947, 43.787637693409671 ], [ 6.423078086875814, 43.786667158777867 ], [ 6.421732849143542, 43.764191573117401 ], [ 6.3907202285725, 43.76516171266524 ], [ 6.392053303988947, 43.787637693409671 ] ] ] } },
{ "type": "Feature", "properties": { "id": 161, "left": 972993.4, "top": 6302100.1, "right": 975493.4, "bottom": 6299600.1, "grid_row": 25, "grid_col": 5, "id_2": 160, "name_fr": "Rougon06", "name_nl": "Rougon06", "population": 0.0, "centroid_lat": 43.775915269000002, "centroid_lon": 6.406896159 }, "geometry": { "type": "Polygon", "coordinates": [ [ [ 6.3907202285725, 43.76516171266524 ], [ 6.421732849143542, 43.764191573117401 ], [ 6.420388667666527, 43.741716294717655 ], [ 6.389388199897164, 43.742686039349735 ], [ 6.3907202285725, 43.76516171266524 ] ] ] } },
{ "type": "Feature", "properties": { "id": 187, "left": 975493.4, "top": 6304600.1, "right": 977993.4, "bottom": 6302100.1, "grid_row": 24, "grid_col": 6, "id_2": 160, "name_fr": "Rougon06", "name_nl": "Rougon06", "population": 0.0, "centroid_lat": 43.775915269000002, "centroid_lon": 6.406896159 }, "geometry": { "type": "Polygon", "coordinates": [ [ [ 6.423078086875814, 43.786667158777867 ], [ 6.454101812263036, 43.785687794059911 ], [ 6.452744413459652, 43.76321260707082 ], [ 6.421732849143542, 43.764191573117401 ], [ 6.423078086875814, 43.786667158777867 ] ] ] } },
{ "type": "Feature", "properties": { "id": 188, "left": 975493.4, "top": 6302100.1, "right": 977993.4, "bottom": 6299600.1, "grid_row": 25, "grid_col": 6, "id_2": 160, "name_fr": "Rougon06", "name_nl": "Rougon06", "population": 0.0, "centroid_lat": 43.775915269000002, "centroid_lon": 6.406896159 }, "geometry": { "type": "Polygon", "coordinates": [ [ [ 6.421732849143542, 43.764191573117401 ], [ 6.452744413459652, 43.76321260707082 ], [ 6.451388080423718, 43.740737727172714 ], [ 6.420388667666527, 43.741716294717655 ], [ 6.421732849143542, 43.764191573117401 ] ] ] } },
{ "type": "Feature", "properties": { "id": 134, "left": 970493.4, "top": 6302100.1, "right": 972993.4, "bottom": 6299600.1, "grid_row": 25, "grid_col": 4, "id_2": 161, "name_fr": "Rougon07", "name_nl": "Rougon07", "population": 2.0, "centroid_lat": 43.753439639, "centroid_lon": 6.405557528 }, "geometry": { "type": "Polygon", "coordinates": [ [ [ 6.359706561260666, 43.766123025248632 ], [ 6.3907202285725, 43.76516171266524 ], [ 6.389388199897164, 43.742686039349735 ], [ 6.358386686618632, 43.74364696060367 ], [ 6.359706561260666, 43.766123025248632 ] ] ] } },
{ "type": "Feature", "properties": { "id": 135, "left": 970493.4, "top": 6299600.1, "right": 972993.4, "bottom": 6297100.1, "grid_row": 26, "grid_col": 4, "id_2": 161, "name_fr": "Rougon07", "name_nl": "Rougon07", "population": 2.0, "centroid_lat": 43.753439639, "centroid_lon": 6.405557528 }, "geometry": { "type": "Polygon", "coordinates": [ [ [ 6.358386686618632, 43.74364696060367 ], [ 6.389388199897164, 43.742686039349735 ], [ 6.38805721673132, 43.720210676766733 ], [ 6.357067847981153, 43.721171206857754 ], [ 6.358386686618632, 43.74364696060367 ] ] ] } },
{ "type": "Feature", "properties": { "id": 161, "left": 972993.4, "top": 6302100.1, "right": 975493.4, "bottom": 6299600.1, "grid_row": 25, "grid_col": 5, "id_2": 161, "name_fr": "Rougon07", "name_nl": "Rougon07", "population": 2.0, "centroid_lat": 43.753439639, "centroid_lon": 6.405557528 }, "geometry": { "type": "Polygon", "coordinates": [ [ [ 6.3907202285725, 43.76516171266524 ], [ 6.421732849143542, 43.764191573117401 ], [ 6.420388667666527, 43.741716294717655 ], [ 6.389388199897164, 43.742686039349735 ], [ 6.3907202285725, 43.76516171266524 ] ] ] } },
{ "type": "Feature", "properties": { "id": 162, "left": 972993.4, "top": 6299600.1, "right": 975493.4, "bottom": 6297100.1, "grid_row": 26, "grid_col": 5, "id_2": 161, "name_fr": "Rougon07", "name_nl": "Rougon07", "population": 2.0, "centroid_lat": 43.753439639, "centroid_lon": 6.405557528 }, "geometry": { "type": "Polygon", "coordinates": [ [ [ 6.389388199897164, 43.742686039349735 ], [ 6.420388667666527, 43.741716294717655 ], [ 6.41904554120201, 43.719241326882312 ], [ 6.38805721673132, 43.720210676766733 ], [ 6.389388199897164, 43.742686039349735 ] ] ] } },
{ "type": "Feature", "properties": { "id": 188, "left": 975493.4, "top": 6302100.1, "right": 977993.4, "bottom": 6299600.1, "grid_row": 25, "grid_col": 6, "id_2": 161, "name_fr": "Rougon07", "name_nl": "Rougon07", "population": 2.0, "centroid_lat": 43.753439639, "centroid_lon": 6.405557528 }, "geometry": { "type": "Polygon", "coordinates": [ [ [ 6.421732849143542, 43.764191573117401 ], [ 6.452744413459652, 43.76321260707082 ], [ 6.451388080423718, 43.740737727172714 ], [ 6.420388667666527, 43.741716294717655 ], [ 6.421732849143542, 43.764191573117401 ] ] ] } },
{ "type": "Feature", "properties": { "id": 162, "left": 972993.4, "top": 6299600.1, "right": 975493.4, "bottom": 6297100.1, "grid_row": 26, "grid_col": 5, "id_2": 162, "name_fr": "Rougon08", "name_nl": "Rougon08", "population": 0.0, "centroid_lat": 43.730964317999998, "centroid_lon": 6.404219948 }, "geometry": { "type": "Polygon", "coordinates": [ [ [ 6.389388199897164, 43.742686039349735 ], [ 6.420388667666527, 43.741716294717655 ], [ 6.41904554120201, 43.719241326882312 ], [ 6.38805721673132, 43.720210676766733 ], [ 6.389388199897164, 43.742686039349735 ] ] ] } },
{ "type": "Feature", "properties": { "id": 144, "left": 972993.4, "top": 6344600.1, "right": 975493.4, "bottom": 6342100.1, "grid_row": 8, "grid_col": 5, "id_2": 171, "name_fr": "Thorame-Basse03", "name_nl": "Thorame-Basse03", "population": 0.0, "centroid_lat": 44.134583546000002, "centroid_lon": 6.459672176 }, "geometry": { "type": "Polygon", "coordinates": [ [ [ 6.413525879988396, 44.147292494446255 ], [ 6.444746563008881, 44.146315615479821 ], [ 6.443384254572798, 44.123835564109953 ], [ 6.412175887623569, 44.124812045282013 ], [ 6.413525879988396, 44.147292494446255 ] ] ] } },
{ "type": "Feature", "properties": { "id": 171, "left": 975493.4, "top": 6344600.1, "right": 977993.4, "bottom": 6342100.1, "grid_row": 8, "grid_col": 6, "id_2": 171, "name_fr": "Thorame-Basse03", "name_nl": "Thorame-Basse03", "population": 0.0, "centroid_lat": 44.134583546000002, "centroid_lon": 6.459672176 }, "geometry": { "type": "Polygon", "coordinates": [ [ [ 6.444746563008881, 44.146315615479821 ], [ 6.475966168345782, 44.145329848821397 ], [ 6.474591545114905, 44.122850198857741 ], [ 6.443384254572798, 44.123835564109953 ], [ 6.444746563008881, 44.146315615479821 ] ] ] } },
{ "type": "Feature", "properties": { "id": 172, "left": 975493.4, "top": 6342100.1, "right": 977993.4, "bottom": 6339600.1, "grid_row": 9, "grid_col": 6, "id_2": 171, "name_fr": "Thorame-Basse03", "name_nl": "Thorame-Basse03", "population": 0.0, "centroid_lat": 44.134583546000002, "centroid_lon": 6.459672176 }, "geometry": { "type": "Polygon", "coordinates": [ [ [ 6.443384254572798, 44.123835564109953 ], [ 6.474591545114905, 44.122850198857741 ], [ 6.473218007984218, 44.100370802930485 ], [ 6.442023022544172, 44.101355766948465 ], [ 6.443384254572798, 44.123835564109953 ] ] ] } },
{ "type": "Feature", "properties": { "id": 198, "left": 977993.4, "top": 6344600.1, "right": 980493.4, "bottom": 6342100.1, "grid_row": 8, "grid_col": 7, "id_2": 171, "name_fr": "Thorame-Basse03", "name_nl": "Thorame-Basse03", "population": 0.0, "centroid_lat": 44.134583546000002, "centroid_lon": 6.459672176 }, "geometry": { "type": "Polygon", "coordinates": [ [ [ 6.475966168345782, 44.145329848821397 ], [ 6.507184686294934, 44.144335194947494 ], [ 6.505797749557161, 44.121855950001482 ], [ 6.474591545114905, 44.122850198857741 ], [ 6.475966168345782, 44.145329848821397 ] ] ] } },
{ "type": "Feature", "properties": { "id": 199, "left": 977993.4, "top": 6342100.1, "right": 980493.4, "bottom": 6339600.1, "grid_row": 9, "grid_col": 7, "id_2": 171, "name_fr": "Thorame-Basse03", "name_nl": "Thorame-Basse03", "population": 0.0, "centroid_lat": 44.134583546000002, "centroid_lon": 6.459672176 }, "geometry": { "type": "Polygon", "coordinates": [ [ [ 6.474591545114905, 44.122850198857741 ], [ 6.505797749557161, 44.121855950001482 ], [ 6.504411908610277, 44.099376958918391 ], [ 6.473218007984218, 44.100370802930485 ], [ 6.474591545114905, 44.122850198857741 ] ] ] } },
{ "type": "Feature", "properties": { "id": 144, "left": 972993.4, "top": 6344600.1, "right": 975493.4, "bottom": 6342100.1, "grid_row": 8, "grid_col": 5, "id_2": 172, "name_fr": "Thorame-Basse04", "name_nl": "Thorame-Basse04", "population": 0.0, "centroid_lat": 44.112103822000002, "centroid_lon": 6.458304251 }, "geometry": { "type": "Polygon", "coordinates": [ [ [ 6.413525879988396, 44.147292494446255 ], [ 6.444746563008881, 44.146315615479821 ], [ 6.443384254572798, 44.123835564109953 ], [ 6.412175887623569, 44.124812045282013 ], [ 6.413525879988396, 44.147292494446255 ] ] ] } },
{ "type": "Feature", "properties": { "id": 145, "left": 972993.4, "top": 6342100.1, "right": 975493.4, "bottom": 6339600.1, "grid_row": 9, "grid_col": 5, "id_2": 172, "name_fr": "Thorame-Basse04", "name_nl": "Thorame-Basse04", "population": 0.0, "centroid_lat": 44.112103822000002, "centroid_lon": 6.458304251 }, "geometry": { "type": "Polygon", "coordinates": [ [ [ 6.412175887623569, 44.124812045282013 ], [ 6.443384254572798, 44.123835564109953 ], [ 6.442023022544172, 44.101355766948465 ], [ 6.410826961971452, 44.102331850496604 ], [ 6.412175887623569, 44.124812045282013 ] ] ] } },
{ "type": "Feature", "properties": { "id": 146, "left": 972993.4, "top": 6339600.1, "right": 975493.4, "bottom": 6337100.1, "grid_row": 10, "grid_col": 5, "id_2": 172, "name_fr": "Thorame-Basse04", "name_nl": "Thorame-Basse04", "population": 0.0, "centroid_lat": 44.112103822000002, "centroid_lon": 6.458304251 }, "geometry": { "type": "Polygon", "coordinates": [ [ [ 6.410826961971452, 44.102331850496604 ], [ 6.442023022544172, 44.101355766948465 ], [ 6.440662865648554, 44.078876227321778 ], [ 6.409479101769018, 44.079851913416299 ], [ 6.410826961971452, 44.102331850496604 ] ] ] } },
{ "type": "Feature", "properties": { "id": 171, "left": 975493.4, "top": 6344600.1, "right": 977993.4, "bottom": 6342100.1, "grid_row": 8, "grid_col": 6, "id_2": 172, "name_fr": "Thorame-Basse04", "name_nl": "Thorame-Basse04", "population": 0.0, "centroid_lat": 44.112103822000002, "centroid_lon": 6.458304251 }, "geometry": { "type": "Polygon", "coordinates": [ [ [ 6.444746563008881, 44.146315615479821 ], [ 6.475966168345782, 44.145329848821397 ], [ 6.474591545114905, 44.122850198857741 ], [ 6.443384254572798, 44.123835564109953 ], [ 6.444746563008881, 44.146315615479821 ] ] ] } },
{ "type": "Feature", "properties": { "id": 172, "left": 975493.4, "top": 6342100.1, "right": 977993.4, "bottom": 6339600.1, "grid_row": 9, "grid_col": 6, "id_2": 172, "name_fr": "Thorame-Basse04", "name_nl": "Thorame-Basse04", "population": 0.0, "centroid_lat": 44.112103822000002, "centroid_lon": 6.458304251 }, "geometry": { "type": "Polygon", "coordinates": [ [ [ 6.443384254572798, 44.123835564109953 ], [ 6.474591545114905, 44.122850198857741 ], [ 6.473218007984218, 44.100370802930485 ], [ 6.442023022544172, 44.101355766948465 ], [ 6.443384254572798, 44.123835564109953 ] ] ] } },
{ "type": "Feature", "properties": { "id": 173, "left": 975493.4, "top": 6339600.1, "right": 977993.4, "bottom": 6337100.1, "grid_row": 10, "grid_col": 6, "id_2": 172, "name_fr": "Thorame-Basse04", "name_nl": "Thorame-Basse04", "population": 0.0, "centroid_lat": 44.112103822000002, "centroid_lon": 6.458304251 }, "geometry": { "type": "Polygon", "coordinates": [ [ [ 6.442023022544172, 44.101355766948465 ], [ 6.473218007984218, 44.100370802930485 ], [ 6.471845555667857, 44.077891664366184 ], [ 6.440662865648554, 44.078876227321778 ], [ 6.442023022544172, 44.101355766948465 ] ] ] } },
{ "type": "Feature", "properties": { "id": 173, "left": 975493.4, "top": 6339600.1, "right": 977993.4, "bottom": 6337100.1, "grid_row": 10, "grid_col": 6, "id_2": 173, "name_fr": "Thorame-Basse05", "name_nl": "Thorame-Basse05", "population": 0.0, "centroid_lat": 44.089624354000001, "centroid_lon": 6.456937406 }, "geometry": { "type": "Polygon", "coordinates": [ [ [ 6.442023022544172, 44.101355766948465 ], [ 6.473218007984218, 44.100370802930485 ], [ 6.471845555667857, 44.077891664366184 ], [ 6.440662865648554, 44.078876227321778 ], [ 6.442023022544172, 44.101355766948465 ] ] ] } },
{ "type": "Feature", "properties": { "id": 174, "left": 975493.4, "top": 6337100.1, "right": 977993.4, "bottom": 6334600.1, "grid_row": 11, "grid_col": 6, "id_2": 173, "name_fr": "Thorame-Basse05", "name_nl": "Thorame-Basse05", "population": 0.0, "centroid_lat": 44.089624354000001, "centroid_lon": 6.456937406 }, "geometry": { "type": "Polygon", "coordinates": [ [ [ 6.440662865648554, 44.078876227321778 ], [ 6.471845555667857, 44.077891664366184 ], [ 6.470474186881981, 44.055412786489974 ], [ 6.439303782613507, 44.05639694855487 ], [ 6.440662865648554, 44.078876227321778 ] ] ] } },
{ "type": "Feature", "properties": { "id": 174, "left": 975493.4, "top": 6337100.1, "right": 977993.4, "bottom": 6334600.1, "grid_row": 11, "grid_col": 6, "id_2": 174, "name_fr": "Thorame-Basse06", "name_nl": "Thorame-Basse06", "population": 0.0, "centroid_lat": 44.067145144999998, "centroid_lon": 6.455571641 }, "geometry": { "type": "Polygon", "coordinates": [ [ [ 6.440662865648554, 44.078876227321778 ], [ 6.471845555667857, 44.077891664366184 ], [ 6.470474186881981, 44.055412786489974 ], [ 6.439303782613507, 44.05639694855487 ], [ 6.440662865648554, 44.078876227321778 ] ] ] } },
{ "type": "Feature", "properties": { "id": 175, "left": 975493.4, "top": 6334600.1, "right": 977993.4, "bottom": 6332100.1, "grid_row": 12, "grid_col": 6, "id_2": 174, "name_fr": "Thorame-Basse06", "name_nl": "Thorame-Basse06", "population": 0.0, "centroid_lat": 44.067145144999998, "centroid_lon": 6.455571641 }, "geometry": { "type": "Polygon", "coordinates": [ [ [ 6.439303782613507, 44.05639694855487 ], [ 6.470474186881981, 44.055412786489974 ], [ 6.46910390034478, 44.032934172625545 ], [ 6.437945772168596, 44.033917933971331 ], [ 6.439303782613507, 44.05639694855487 ] ] ] } },
{ "type": "Feature", "properties": { "id": 175, "left": 975493.4, "top": 6334600.1, "right": 977993.4, "bottom": 6332100.1, "grid_row": 12, "grid_col": 6, "id_2": 175, "name_fr": "Lambruisse02", "name_nl": "Lambruisse02", "population": 89.0, "centroid_lat": 44.044666198000002, "centroid_lon": 6.454206954 }, "geometry": { "type": "Polygon", "coordinates": [ [ [ 6.439303782613507, 44.05639694855487 ], [ 6.470474186881981, 44.055412786489974 ], [ 6.46910390034478, 44.032934172625545 ], [ 6.437945772168596, 44.033917933971331 ], [ 6.439303782613507, 44.05639694855487 ] ] ] } },
{ "type": "Feature", "properties": { "id": 176, "left": 975493.4, "top": 6332100.1, "right": 977993.4, "bottom": 6329600.1, "grid_row": 13, "grid_col": 6, "id_2": 175, "name_fr": "Lambruisse02", "name_nl": "Lambruisse02", "population": 89.0, "centroid_lat": 44.044666198000002, "centroid_lon": 6.454206954 }, "geometry": { "type": "Polygon", "coordinates": [ [ [ 6.437945772168596, 44.033917933971331 ], [ 6.46910390034478, 44.032934172625545 ], [ 6.467734694776456, 44.010455826095239 ], [ 6.43658883304539, 44.011439186893298 ], [ 6.437945772168596, 44.033917933971331 ] ] ] } },
{ "type": "Feature", "properties": { "id": 202, "left": 977993.4, "top": 6334600.1, "right": 980493.4, "bottom": 6332100.1, "grid_row": 12, "grid_col": 7, "id_2": 175, "name_fr": "Lambruisse02", "name_nl": "Lambruisse02", "population": 89.0, "centroid_lat": 44.044666198000002, "centroid_lon": 6.454206954 }, "geometry": { "type": "Polygon", "coordinates": [ [ [ 6.470474186881981, 44.055412786489974 ], [ 6.501643508902118, 44.054419751646165 ], [ 6.500260947552419, 44.031941542106175 ], [ 6.46910390034478, 44.032934172625545 ], [ 6.470474186881981, 44.055412786489974 ] ] ] } },
{ "type": "Feature", "properties": { "id": 203, "left": 977993.4, "top": 6332100.1, "right": 980493.4, "bottom": 6329600.1, "grid_row": 13, "grid_col": 7, "id_2": 175, "name_fr": "Lambruisse02", "name_nl": "Lambruisse02", "population": 89.0, "centroid_lat": 44.044666198000002, "centroid_lon": 6.454206954 }, "geometry": { "type": "Polygon", "coordinates": [ [ [ 6.46910390034478, 44.032934172625545 ], [ 6.500260947552419, 44.031941542106175 ], [ 6.498879476816757, 44.009463599727354 ], [ 6.467734694776456, 44.010455826095239 ], [ 6.46910390034478, 44.032934172625545 ] ] ] } },
{ "type": "Feature", "properties": { "id": 149, "left": 972993.4, "top": 6332100.1, "right": 975493.4, "bottom": 6329600.1, "grid_row": 13, "grid_col": 5, "id_2": 176, "name_fr": "Lambruisse03", "name_nl": "Lambruisse03", "population": 0.0, "centroid_lat": 44.022187518000003, "centroid_lon": 6.452843343 }, "geometry": { "type": "Polygon", "coordinates": [ [ [ 6.406786572671041, 44.034892825668976 ], [ 6.437945772168596, 44.033917933971331 ], [ 6.43658883304539, 44.011439186893298 ], [ 6.405441901259385, 44.012413681647409 ], [ 6.406786572671041, 44.034892825668976 ] ] ] } },
{ "type": "Feature", "properties": { "id": 176, "left": 975493.4, "top": 6332100.1, "right": 977993.4, "bottom": 6329600.1, "grid_row": 13, "grid_col": 6, "id_2": 176, "name_fr": "Lambruisse03", "name_nl": "Lambruisse03", "population": 0.0, "centroid_lat": 44.022187518000003, "centroid_lon": 6.452843343 }, "geometry": { "type": "Polygon", "coordinates": [ [ [ 6.437945772168596, 44.033917933971331 ], [ 6.46910390034478, 44.032934172625545 ], [ 6.467734694776456, 44.010455826095239 ], [ 6.43658883304539, 44.011439186893298 ], [ 6.437945772168596, 44.033917933971331 ] ] ] } },
{ "type": "Feature", "properties": { "id": 203, "left": 977993.4, "top": 6332100.1, "right": 980493.4, "bottom": 6329600.1, "grid_row": 13, "grid_col": 7, "id_2": 176, "name_fr": "Lambruisse03", "name_nl": "Lambruisse03", "population": 0.0, "centroid_lat": 44.022187518000003, "centroid_lon": 6.452843343 }, "geometry": { "type": "Polygon", "coordinates": [ [ [ 6.46910390034478, 44.032934172625545 ], [ 6.500260947552419, 44.031941542106175 ], [ 6.498879476816757, 44.009463599727354 ], [ 6.467734694776456, 44.010455826095239 ], [ 6.46910390034478, 44.032934172625545 ] ] ] } },
{ "type": "Feature", "properties": { "id": 150, "left": 972993.4, "top": 6329600.1, "right": 975493.4, "bottom": 6327100.1, "grid_row": 14, "grid_col": 5, "id_2": 177, "name_fr": "Moriez01", "name_nl": "Moriez01", "population": 17.0, "centroid_lat": 43.999709105999997, "centroid_lon": 6.451480808 }, "geometry": { "type": "Polygon", "coordinates": [ [ [ 6.405441901259385, 44.012413681647409 ], [ 6.43658883304539, 44.011439186893298 ], [ 6.435232963977457, 43.988960710641535 ], [ 6.404098290265178, 43.989934808621868 ], [ 6.405441901259385, 44.012413681647409 ] ] ] } },
{ "type": "Feature", "properties": { "id": 177, "left": 975493.4, "top": 6329600.1, "right": 977993.4, "bottom": 6327100.1, "grid_row": 14, "grid_col": 6, "id_2": 177, "name_fr": "Moriez01", "name_nl": "Moriez01", "population": 17.0, "centroid_lat": 43.999709105999997, "centroid_lon": 6.451480808 }, "geometry": { "type": "Polygon", "coordinates": [ [ [ 6.43658883304539, 44.011439186893298 ], [ 6.467734694776456, 44.010455826095239 ], [ 6.466366568899234, 43.987977750219912 ], [ 6.435232963977457, 43.988960710641535 ], [ 6.43658883304539, 44.011439186893298 ] ] ] } },
{ "type": "Feature", "properties": { "id": 178, "left": 975493.4, "top": 6327100.1, "right": 977993.4, "bottom": 6324600.1, "grid_row": 15, "grid_col": 6, "id_2": 177, "name_fr": "Moriez01", "name_nl": "Moriez01", "population": 17.0, "centroid_lat": 43.999709105999997, "centroid_lon": 6.451480808 }, "geometry": { "type": "Polygon", "coordinates": [ [ [ 6.435232963977457, 43.988960710641535 ], [ 6.466366568899234, 43.987977750219912 ], [ 6.464999521437347, 43.965499948319035 ], [ 6.433878163700358, 43.966482508535364 ], [ 6.435232963977457, 43.988960710641535 ] ] ] } },
{ "type": "Feature", "properties": { "id": 151, "left": 972993.4, "top": 6327100.1, "right": 975493.4, "bottom": 6324600.1, "grid_row": 15, "grid_col": 5, "id_2": 178, "name_fr": "Moriez02", "name_nl": "Moriez02", "population": 33.0, "centroid_lat": 43.977230966999997, "centroid_lon": 6.450119348 }, "geometry": { "type": "Polygon", "coordinates": [ [ [ 6.404098290265178, 43.989934808621868 ], [ 6.435232963977457, 43.988960710641535 ], [ 6.433878163700358, 43.966482508535364 ], [ 6.402755738435316, 43.967456209911489 ], [ 6.404098290265178, 43.989934808621868 ] ] ] } },
{ "type": "Feature", "properties": { "id": 152, "left": 972993.4, "top": 6324600.1, "right": 975493.4, "bottom": 6322100.1, "grid_row": 16, "grid_col": 5, "id_2": 178, "name_fr": "Moriez02", "name_nl": "Moriez02", "population": 33.0, "centroid_lat": 43.977230966999997, "centroid_lon": 6.450119348 }, "geometry": { "type": "Polygon", "coordinates": [ [ [ 6.402755738435316, 43.967456209911489 ], [ 6.433878163700358, 43.966482508535364 ], [ 6.432524430951642, 43.944004583892671 ], [ 6.40141424451866, 43.944977888834089 ], [ 6.402755738435316, 43.967456209911489 ] ] ] } },
{ "type": "Feature", "properties": { "id": 178, "left": 975493.4, "top": 6327100.1, "right": 977993.4, "bottom": 6324600.1, "grid_row": 15, "grid_col": 6, "id_2": 178, "name_fr": "Moriez02", "name_nl": "Moriez02", "population": 33.0, "centroid_lat": 43.977230966999997, "centroid_lon": 6.450119348 }, "geometry": { "type": "Polygon", "coordinates": [ [ [ 6.435232963977457, 43.988960710641535 ], [ 6.466366568899234, 43.987977750219912 ], [ 6.464999521437347, 43.965499948319035 ], [ 6.433878163700358, 43.966482508535364 ], [ 6.435232963977457, 43.988960710641535 ] ] ] } },
{ "type": "Feature", "properties": { "id": 179, "left": 975493.4, "top": 6324600.1, "right": 977993.4, "bottom": 6322100.1, "grid_row": 16, "grid_col": 6, "id_2": 178, "name_fr": "Moriez02", "name_nl": "Moriez02", "population": 33.0, "centroid_lat": 43.977230966999997, "centroid_lon": 6.450119348 }, "geometry": { "type": "Polygon", "coordinates": [ [ [ 6.433878163700358, 43.966482508535364 ], [ 6.464999521437347, 43.965499948319035 ], [ 6.463633551117033, 43.943022423710651 ], [ 6.432524430951642, 43.944004583892671 ], [ 6.433878163700358, 43.966482508535364 ] ] ] } },
{ "type": "Feature", "properties": { "id": 152, "left": 972993.4, "top": 6324600.1, "right": 975493.4, "bottom": 6322100.1, "grid_row": 16, "grid_col": 5, "id_2": 179, "name_fr": "Moriez03", "name_nl": "Moriez03", "population": 10.0, "centroid_lat": 43.954753103000002, "centroid_lon": 6.44875896 }, "geometry": { "type": "Polygon", "coordinates": [ [ [ 6.402755738435316, 43.967456209911489 ], [ 6.433878163700358, 43.966482508535364 ], [ 6.432524430951642, 43.944004583892671 ], [ 6.40141424451866, 43.944977888834089 ], [ 6.402755738435316, 43.967456209911489 ] ] ] } },
{ "type": "Feature", "properties": { "id": 153, "left": 972993.4, "top": 6322100.1, "right": 975493.4, "bottom": 6319600.1, "grid_row": 17, "grid_col": 5, "id_2": 179, "name_fr": "Moriez03", "name_nl": "Moriez03", "population": 10.0, "centroid_lat": 43.954753103000002, "centroid_lon": 6.44875896 }, "geometry": { "type": "Polygon", "coordinates": [ [ [ 6.40141424451866, 43.944977888834089 ], [ 6.432524430951642, 43.944004583892671 ], [ 6.431171764470849, 43.92152694002997 ], [ 6.400073807266046, 43.922499848706003 ], [ 6.40141424451866, 43.944977888834089 ] ] ] } },
{ "type": "Feature", "properties": { "id": 179, "left": 975493.4, "top": 6324600.1, "right": 977993.4, "bottom": 6322100.1, "grid_row": 16, "grid_col": 6, "id_2": 179, "name_fr": "Moriez03", "name_nl": "Moriez03", "population": 10.0, "centroid_lat": 43.954753103000002, "centroid_lon": 6.44875896 }, "geometry": { "type": "Polygon", "coordinates": [ [ [ 6.433878163700358, 43.966482508535364 ], [ 6.464999521437347, 43.965499948319035 ], [ 6.463633551117033, 43.943022423710651 ], [ 6.432524430951642, 43.944004583892671 ], [ 6.433878163700358, 43.966482508535364 ] ] ] } },
{ "type": "Feature", "properties": { "id": 180, "left": 975493.4, "top": 6322100.1, "right": 977993.4, "bottom": 6319600.1, "grid_row": 17, "grid_col": 6, "id_2": 179, "name_fr": "Moriez03", "name_nl": "Moriez03", "population": 10.0, "centroid_lat": 43.954753103000002, "centroid_lon": 6.44875896 }, "geometry": { "type": "Polygon", "coordinates": [ [ [ 6.432524430951642, 43.944004583892671 ], [ 6.463633551117033, 43.943022423710651 ], [ 6.462268656666541, 43.920545179711397 ], [ 6.431171764470849, 43.92152694002997 ], [ 6.432524430951642, 43.944004583892671 ] ] ] } },
{ "type": "Feature", "properties": { "id": 206, "left": 977993.4, "top": 6324600.1, "right": 980493.4, "bottom": 6322100.1, "grid_row": 16, "grid_col": 7, "id_2": 179, "name_fr": "Moriez03", "name_nl": "Moriez03", "population": 10.0, "centroid_lat": 43.954753103000002, "centroid_lon": 6.44875896 }, "geometry": { "type": "Polygon", "coordinates": [ [ [ 6.464999521437347, 43.965499948319035 ], [ 6.496119802033093, 43.964508529735866 ], [ 6.494741595412937, 43.942031408760997 ], [ 6.463633551117033, 43.943022423710651 ], [ 6.464999521437347, 43.965499948319035 ] ] ] } },
{ "type": "Feature", "properties": { "id": 207, "left": 977993.4, "top": 6322100.1, "right": 980493.4, "bottom": 6319600.1, "grid_row": 17, "grid_col": 7, "id_2": 179, "name_fr": "Moriez03", "name_nl": "Moriez03", "population": 10.0, "centroid_lat": 43.954753103000002, "centroid_lon": 6.44875896 }, "geometry": { "type": "Polygon", "coordinates": [ [ [ 6.463633551117033, 43.943022423710651 ], [ 6.494741595412937, 43.942031408760997 ], [ 6.493364474262499, 43.919554568222878 ], [ 6.462268656666541, 43.920545179711397 ], [ 6.463633551117033, 43.943022423710651 ] ] ] } },
{ "type": "Feature", "properties": { "id": 153, "left": 972993.4, "top": 6322100.1, "right": 975493.4, "bottom": 6319600.1, "grid_row": 17, "grid_col": 5, "id_2": 180, "name_fr": "Senez13", "name_nl": "Senez13", "population": 0.0, "centroid_lat": 43.932275517999997, "centroid_lon": 6.447399644 }, "geometry": { "type": "Polygon", "coordinates": [ [ [ 6.40141424451866, 43.944977888834089 ], [ 6.432524430951642, 43.944004583892671 ], [ 6.431171764470849, 43.92152694002997 ], [ 6.400073807266046, 43.922499848706003 ], [ 6.40141424451866, 43.944977888834089 ] ] ] } },
{ "type": "Feature", "properties": { "id": 154, "left": 972993.4, "top": 6319600.1, "right": 975493.4, "bottom": 6317100.1, "grid_row": 18, "grid_col": 5, "id_2": 180, "name_fr": "Senez13", "name_nl": "Senez13", "population": 0.0, "centroid_lat": 43.932275517999997, "centroid_lon": 6.447399644 }, "geometry": { "type": "Polygon", "coordinates": [ [ [ 6.400073807266046, 43.922499848706003 ], [ 6.431171764470849, 43.92152694002997 ], [ 6.429820162999497, 43.899049580262336 ], [ 6.398734425430271, 43.900022092842157 ], [ 6.400073807266046, 43.922499848706003 ] ] ] } },
{ "type": "Feature", "properties": { "id": 180, "left": 975493.4, "top": 6322100.1, "right": 977993.4, "bottom": 6319600.1, "grid_row": 17, "grid_col": 6, "id_2": 180, "name_fr": "Senez13", "name_nl": "Senez13", "population": 0.0, "centroid_lat": 43.932275517999997, "centroid_lon": 6.447399644 }, "geometry": { "type": "Polygon", "coordinates": [ [ [ 6.432524430951642, 43.944004583892671 ], [ 6.463633551117033, 43.943022423710651 ], [ 6.462268656666541, 43.920545179711397 ], [ 6.431171764470849, 43.92152694002997 ], [ 6.432524430951642, 43.944004583892671 ] ] ] } },
{ "type": "Feature", "properties": { "id": 181, "left": 975493.4, "top": 6319600.1, "right": 977993.4, "bottom": 6317100.1, "grid_row": 18, "grid_col": 6, "id_2": 180, "name_fr": "Senez13", "name_nl": "Senez13", "population": 0.0, "centroid_lat": 43.932275517999997, "centroid_lon": 6.447399644 }, "geometry": { "type": "Polygon", "coordinates": [ [ [ 6.431171764470849, 43.92152694002997 ], [ 6.462268656666541, 43.920545179711397 ], [ 6.460904836816113, 43.8980682196365 ], [ 6.429820162999497, 43.899049580262336 ], [ 6.431171764470849, 43.92152694002997 ] ] ] } },
{ "type": "Feature", "properties": { "id": 207, "left": 977993.4, "top": 6322100.1, "right": 980493.4, "bottom": 6319600.1, "grid_row": 17, "grid_col": 7, "id_2": 180, "name_fr": "Senez13", "name_nl": "Senez13", "population": 0.0, "centroid_lat": 43.932275517999997, "centroid_lon": 6.447399644 }, "geometry": { "type": "Polygon", "coordinates": [ [ [ 6.463633551117033, 43.943022423710651 ], [ 6.494741595412937, 43.942031408760997 ], [ 6.493364474262499, 43.919554568222878 ], [ 6.462268656666541, 43.920545179711397 ], [ 6.463633551117033, 43.943022423710651 ] ] ] } },
{ "type": "Feature", "properties": { "id": 154, "left": 972993.4, "top": 6319600.1, "right": 975493.4, "bottom": 6317100.1, "grid_row": 18, "grid_col": 5, "id_2": 181, "name_fr": "Senez14", "name_nl": "Senez14", "population": 0.0, "centroid_lat": 43.909798216, "centroid_lon": 6.446041398 }, "geometry": { "type": "Polygon", "coordinates": [ [ [ 6.400073807266046, 43.922499848706003 ], [ 6.431171764470849, 43.92152694002997 ], [ 6.429820162999497, 43.899049580262336 ], [ 6.398734425430271, 43.900022092842157 ], [ 6.400073807266046, 43.922499848706003 ] ] ] } },
{ "type": "Feature", "properties": { "id": 155, "left": 972993.4, "top": 6317100.1, "right": 975493.4, "bottom": 6314600.1, "grid_row": 19, "grid_col": 5, "id_2": 181, "name_fr": "Senez14", "name_nl": "Senez14", "population": 0.0, "centroid_lat": 43.909798216, "centroid_lon": 6.446041398 }, "geometry": { "type": "Polygon", "coordinates": [ [ [ 6.398734425430271, 43.900022092842157 ], [ 6.429820162999497, 43.899049580262336 ], [ 6.428469625281084, 43.876572507903376 ], [ 6.397396097766093, 43.877544624556059 ], [ 6.398734425430271, 43.900022092842157 ] ] ] } },
{ "type": "Feature", "properties": { "id": 181, "left": 975493.4, "top": 6319600.1, "right": 977993.4, "bottom": 6317100.1, "grid_row": 18, "grid_col": 6, "id_2": 181, "name_fr": "Senez14", "name_nl": "Senez14", "population": 0.0, "centroid_lat": 43.909798216, "centroid_lon": 6.446041398 }, "geometry": { "type": "Polygon", "coordinates": [ [ [ 6.431171764470849, 43.92152694002997 ], [ 6.462268656666541, 43.920545179711397 ], [ 6.460904836816113, 43.8980682196365 ], [ 6.429820162999497, 43.899049580262336 ], [ 6.431171764470849, 43.92152694002997 ] ] ] } },
{ "type": "Feature", "properties": { "id": 182, "left": 975493.4, "top": 6317100.1, "right": 977993.4, "bottom": 6314600.1, "grid_row": 19, "grid_col": 6, "id_2": 181, "name_fr": "Senez14", "name_nl": "Senez14", "population": 0.0, "centroid_lat": 43.909798216, "centroid_lon": 6.446041398 }, "geometry": { "type": "Polygon", "coordinates": [ [ [ 6.429820162999497, 43.899049580262336 ], [ 6.460904836816113, 43.8980682196365 ], [ 6.459542090297992, 43.875591546799704 ], [ 6.428469625281084, 43.876572507903376 ], [ 6.429820162999497, 43.899049580262336 ] ] ] } },
{ "type": "Feature", "properties": { "id": 208, "left": 977993.4, "top": 6319600.1, "right": 980493.4, "bottom": 6317100.1, "grid_row": 18, "grid_col": 7, "id_2": 181, "name_fr": "Senez14", "name_nl": "Senez14", "population": 0.0, "centroid_lat": 43.909798216, "centroid_lon": 6.446041398 }, "geometry": { "type": "Polygon", "coordinates": [ [ [ 6.462268656666541, 43.920545179711397 ], [ 6.493364474262499, 43.919554568222878 ], [ 6.491988437300754, 43.897078011436854 ], [ 6.460904836816113, 43.8980682196365 ], [ 6.462268656666541, 43.920545179711397 ] ] ] } },
{ "type": "Feature", "properties": { "id": 209, "left": 977993.4, "top": 6317100.1, "right": 980493.4, "bottom": 6314600.1, "grid_row": 19, "grid_col": 7, "id_2": 181, "name_fr": "Senez14", "name_nl": "Senez14", "population": 0.0, "centroid_lat": 43.909798216, "centroid_lon": 6.446041398 }, "geometry": { "type": "Polygon", "coordinates": [ [ [ 6.460904836816113, 43.8980682196365 ], [ 6.491988437300754, 43.897078011436854 ], [ 6.490613483248691, 43.874601741716845 ], [ 6.459542090297992, 43.875591546799704 ], [ 6.460904836816113, 43.8980682196365 ] ] ] } },
{ "type": "Feature", "properties": { "id": 155, "left": 972993.4, "top": 6317100.1, "right": 975493.4, "bottom": 6314600.1, "grid_row": 19, "grid_col": 5, "id_2": 182, "name_fr": "Senez15", "name_nl": "Senez15", "population": 4.0, "centroid_lat": 43.8873212, "centroid_lon": 6.444684222 }, "geometry": { "type": "Polygon", "coordinates": [ [ [ 6.398734425430271, 43.900022092842157 ], [ 6.429820162999497, 43.899049580262336 ], [ 6.428469625281084, 43.876572507903376 ], [ 6.397396097766093, 43.877544624556059 ], [ 6.398734425430271, 43.900022092842157 ] ] ] } },
{ "type": "Feature", "properties": { "id": 156, "left": 972993.4, "top": 6314600.1, "right": 975493.4, "bottom": 6312100.1, "grid_row": 20, "grid_col": 5, "id_2": 182, "name_fr": "Senez15", "name_nl": "Senez15", "population": 4.0, "centroid_lat": 43.8873212, "centroid_lon": 6.444684222 }, "geometry": { "type": "Polygon", "coordinates": [ [ [ 6.397396097766093, 43.877544624556059 ], [ 6.428469625281084, 43.876572507903376 ], [ 6.427120150061082, 43.854095726265371 ], [ 6.396058823030228, 43.855067447159804 ], [ 6.397396097766093, 43.877544624556059 ] ] ] } },
{ "type": "Feature", "properties": { "id": 182, "left": 975493.4, "top": 6317100.1, "right": 977993.4, "bottom": 6314600.1, "grid_row": 19, "grid_col": 6, "id_2": 182, "name_fr": "Senez15", "name_nl": "Senez15", "population": 4.0, "centroid_lat": 43.8873212, "centroid_lon": 6.444684222 }, "geometry": { "type": "Polygon", "coordinates": [ [ [ 6.429820162999497, 43.899049580262336 ], [ 6.460904836816113, 43.8980682196365 ], [ 6.459542090297992, 43.875591546799704 ], [ 6.428469625281084, 43.876572507903376 ], [ 6.429820162999497, 43.899049580262336 ] ] ] } },
{ "type": "Feature", "properties": { "id": 183, "left": 975493.4, "top": 6314600.1, "right": 977993.4, "bottom": 6312100.1, "grid_row": 20, "grid_col": 6, "id_2": 182, "name_fr": "Senez15", "name_nl": "Senez15", "population": 4.0, "centroid_lat": 43.8873212, "centroid_lon": 6.444684222 }, "geometry": { "type": "Polygon", "coordinates": [ [ [ 6.428469625281084, 43.876572507903376 ], [ 6.459542090297992, 43.875591546799704 ], [ 6.45818041584641, 43.85311516451344 ], [ 6.427120150061082, 43.854095726265371 ], [ 6.428469625281084, 43.876572507903376 ] ] ] } },
{ "type": "Feature", "properties": { "id": 209, "left": 977993.4, "top": 6317100.1, "right": 980493.4, "bottom": 6314600.1, "grid_row": 19, "grid_col": 7, "id_2": 182, "name_fr": "Senez15", "name_nl": "Senez15", "population": 4.0, "centroid_lat": 43.8873212, "centroid_lon": 6.444684222 }, "geometry": { "type": "Polygon", "coordinates": [ [ [ 6.460904836816113, 43.8980682196365 ], [ 6.491988437300754, 43.897078011436854 ], [ 6.490613483248691, 43.874601741716845 ], [ 6.459542090297992, 43.875591546799704 ], [ 6.460904836816113, 43.8980682196365 ] ] ] } },
{ "type": "Feature", "properties": { "id": 210, "left": 977993.4, "top": 6314600.1, "right": 980493.4, "bottom": 6312100.1, "grid_row": 20, "grid_col": 7, "id_2": 182, "name_fr": "Senez15", "name_nl": "Senez15", "population": 4.0, "centroid_lat": 43.8873212, "centroid_lon": 6.444684222 }, "geometry": { "type": "Polygon", "coordinates": [ [ [ 6.459542090297992, 43.875591546799704 ], [ 6.490613483248691, 43.874601741716845 ], [ 6.489239610829307, 43.852125762375401 ], [ 6.45818041584641, 43.85311516451344 ], [ 6.459542090297992, 43.875591546799704 ] ] ] } },
{ "type": "Feature", "properties": { "id": 183, "left": 975493.4, "top": 6314600.1, "right": 977993.4, "bottom": 6312100.1, "grid_row": 20, "grid_col": 6, "id_2": 183, "name_fr": "Castellane02", "name_nl": "Castellane02", "population": 14.0, "centroid_lat": 43.864844472000001, "centroid_lon": 6.443328113 }, "geometry": { "type": "Polygon", "coordinates": [ [ [ 6.428469625281084, 43.876572507903376 ], [ 6.459542090297992, 43.875591546799704 ], [ 6.45818041584641, 43.85311516451344 ], [ 6.427120150061082, 43.854095726265371 ], [ 6.428469625281084, 43.876572507903376 ] ] ] } },
{ "type": "Feature", "properties": { "id": 184, "left": 975493.4, "top": 6312100.1, "right": 977993.4, "bottom": 6309600.1, "grid_row": 21, "grid_col": 6, "id_2": 183, "name_fr": "Castellane02", "name_nl": "Castellane02", "population": 14.0, "centroid_lat": 43.864844472000001, "centroid_lon": 6.443328113 }, "geometry": { "type": "Polygon", "coordinates": [ [ [ 6.427120150061082, 43.854095726265371 ], [ 6.45818041584641, 43.85311516451344 ], [ 6.45681981219759, 43.830639076088595 ], [ 6.425771736086936, 43.831619238659101 ], [ 6.427120150061082, 43.854095726265371 ] ] ] } },
{ "type": "Feature", "properties": { "id": 184, "left": 975493.4, "top": 6312100.1, "right": 977993.4, "bottom": 6309600.1, "grid_row": 21, "grid_col": 6, "id_2": 184, "name_fr": "Castellane03", "name_nl": "Castellane03", "population": 2.0, "centroid_lat": 43.842368037, "centroid_lon": 6.441973071 }, "geometry": { "type": "Polygon", "coordinates": [ [ [ 6.427120150061082, 43.854095726265371 ], [ 6.45818041584641, 43.85311516451344 ], [ 6.45681981219759, 43.830639076088595 ], [ 6.425771736086936, 43.831619238659101 ], [ 6.427120150061082, 43.854095726265371 ] ] ] } },
{ "type": "Feature", "properties": { "id": 185, "left": 975493.4, "top": 6309600.1, "right": 977993.4, "bottom": 6307100.1, "grid_row": 22, "grid_col": 6, "id_2": 184, "name_fr": "Castellane03", "name_nl": "Castellane03", "population": 2.0, "centroid_lat": 43.842368037, "centroid_lon": 6.441973071 }, "geometry": { "type": "Polygon", "coordinates": [ [ [ 6.425771736086936, 43.831619238659101 ], [ 6.45681981219759, 43.830639076088595 ], [ 6.455460278089737, 43.808163284834727 ], [ 6.424424382108056, 43.809143048393942 ], [ 6.425771736086936, 43.831619238659101 ] ] ] } },
{ "type": "Feature", "properties": { "id": 185, "left": 975493.4, "top": 6309600.1, "right": 977993.4, "bottom": 6307100.1, "grid_row": 22, "grid_col": 6, "id_2": 185, "name_fr": "Castellane04", "name_nl": "Castellane04", "population": 9.0, "centroid_lat": 43.819891896999998, "centroid_lon": 6.440619095 }, "geometry": { "type": "Polygon", "coordinates": [ [ [ 6.425771736086936, 43.831619238659101 ], [ 6.45681981219759, 43.830639076088595 ], [ 6.455460278089737, 43.808163284834727 ], [ 6.424424382108056, 43.809143048393942 ], [ 6.425771736086936, 43.831619238659101 ] ] ] } },
{ "type": "Feature", "properties": { "id": 186, "left": 975493.4, "top": 6307100.1, "right": 977993.4, "bottom": 6304600.1, "grid_row": 23, "grid_col": 6, "id_2": 185, "name_fr": "Castellane04", "name_nl": "Castellane04", "population": 9.0, "centroid_lat": 43.819891896999998, "centroid_lon": 6.440619095 }, "geometry": { "type": "Polygon", "coordinates": [ [ [ 6.424424382108056, 43.809143048393942 ], [ 6.455460278089737, 43.808163284834727 ], [ 6.454101812263036, 43.785687794059911 ], [ 6.423078086875814, 43.786667158777867 ], [ 6.424424382108056, 43.809143048393942 ] ] ] } },
{ "type": "Feature", "properties": { "id": 212, "left": 977993.4, "top": 6309600.1, "right": 980493.4, "bottom": 6307100.1, "grid_row": 22, "grid_col": 7, "id_2": 185, "name_fr": "Castellane04", "name_nl": "Castellane04", "population": 9.0, "centroid_lat": 43.819891896999998, "centroid_lon": 6.440619095 }, "geometry": { "type": "Polygon", "coordinates": [ [ [ 6.45681981219759, 43.830639076088595 ], [ 6.487866818767606, 43.829650076723581 ], [ 6.486495105790593, 43.807174688071051 ], [ 6.455460278089737, 43.808163284834727 ], [ 6.45681981219759, 43.830639076088595 ] ] ] } },
{ "type": "Feature", "properties": { "id": 213, "left": 977993.4, "top": 6307100.1, "right": 980493.4, "bottom": 6304600.1, "grid_row": 23, "grid_col": 7, "id_2": 185, "name_fr": "Castellane04", "name_nl": "Castellane04", "population": 9.0, "centroid_lat": 43.819891896999998, "centroid_lon": 6.440619095 }, "geometry": { "type": "Polygon", "coordinates": [ [ [ 6.455460278089737, 43.808163284834727 ], [ 6.486495105790593, 43.807174688071051 ], [ 6.485124470627272, 43.784699599726054 ], [ 6.454101812263036, 43.785687794059911 ], [ 6.455460278089737, 43.808163284834727 ] ] ] } },
{ "type": "Feature", "properties": { "id": 186, "left": 975493.4, "top": 6307100.1, "right": 977993.4, "bottom": 6304600.1, "grid_row": 23, "grid_col": 6, "id_2": 186, "name_fr": "Rougon09", "name_nl": "Rougon09", "population": 9.0, "centroid_lat": 43.797416056000003, "centroid_lon": 6.439266182 }, "geometry": { "type": "Polygon", "coordinates": [ [ [ 6.424424382108056, 43.809143048393942 ], [ 6.455460278089737, 43.808163284834727 ], [ 6.454101812263036, 43.785687794059911 ], [ 6.423078086875814, 43.786667158777867 ], [ 6.424424382108056, 43.809143048393942 ] ] ] } },
{ "type": "Feature", "properties": { "id": 187, "left": 975493.4, "top": 6304600.1, "right": 977993.4, "bottom": 6302100.1, "grid_row": 24, "grid_col": 6, "id_2": 186, "name_fr": "Rougon09", "name_nl": "Rougon09", "population": 9.0, "centroid_lat": 43.797416056000003, "centroid_lon": 6.439266182 }, "geometry": { "type": "Polygon", "coordinates": [ [ [ 6.423078086875814, 43.786667158777867 ], [ 6.454101812263036, 43.785687794059911 ], [ 6.452744413459652, 43.76321260707082 ], [ 6.421732849143542, 43.764191573117401 ], [ 6.423078086875814, 43.786667158777867 ] ] ] } },
{ "type": "Feature", "properties": { "id": 213, "left": 977993.4, "top": 6307100.1, "right": 980493.4, "bottom": 6304600.1, "grid_row": 23, "grid_col": 7, "id_2": 186, "name_fr": "Rougon09", "name_nl": "Rougon09", "population": 9.0, "centroid_lat": 43.797416056000003, "centroid_lon": 6.439266182 }, "geometry": { "type": "Polygon", "coordinates": [ [ [ 6.455460278089737, 43.808163284834727 ], [ 6.486495105790593, 43.807174688071051 ], [ 6.485124470627272, 43.784699599726054 ], [ 6.454101812263036, 43.785687794059911 ], [ 6.455460278089737, 43.808163284834727 ] ] ] } },
{ "type": "Feature", "properties": { "id": 169, "left": 975493.4, "top": 6349600.1, "right": 977993.4, "bottom": 6347100.1, "grid_row": 6, "grid_col": 6, "id_2": 196, "name_fr": "Thorame-Basse07", "name_nl": "Thorame-Basse07", "population": 0.0, "centroid_lat": 44.178552932000002, "centroid_lon": 6.493648826 }, "geometry": { "type": "Polygon", "coordinates": [ [ [ 6.447474414211287, 44.191276467532091 ], [ 6.47871867826173, 44.19028989754473 ], [ 6.477341878964745, 44.167809749493522 ], [ 6.446109949128884, 44.168795917730279 ], [ 6.447474414211287, 44.191276467532091 ] ] ] } },
{ "type": "Feature", "properties": { "id": 170, "left": 975493.4, "top": 6347100.1, "right": 977993.4, "bottom": 6344600.1, "grid_row": 7, "grid_col": 6, "id_2": 196, "name_fr": "Thorame-Basse07", "name_nl": "Thorame-Basse07", "population": 0.0, "centroid_lat": 44.178552932000002, "centroid_lon": 6.493648826 }, "geometry": { "type": "Polygon", "coordinates": [ [ [ 6.446109949128884, 44.168795917730279 ], [ 6.477341878964745, 44.167809749493522 ], [ 6.475966168345782, 44.145329848821397 ], [ 6.444746563008881, 44.146315615479821 ], [ 6.446109949128884, 44.168795917730279 ] ] ] } },
{ "type": "Feature", "properties": { "id": 196, "left": 977993.4, "top": 6349600.1, "right": 980493.4, "bottom": 6347100.1, "grid_row": 6, "grid_col": 7, "id_2": 196, "name_fr": "Thorame-Basse07", "name_nl": "Thorame-Basse07", "population": 0.0, "centroid_lat": 44.178552932000002, "centroid_lon": 6.493648826 }, "geometry": { "type": "Polygon", "coordinates": [ [ [ 6.47871867826173, 44.19028989754473 ], [ 6.509961852342522, 44.189294433114355 ], [ 6.508572720122928, 44.166814690428296 ], [ 6.477341878964745, 44.167809749493522 ], [ 6.47871867826173, 44.19028989754473 ] ] ] } },
{ "type": "Feature", "properties": { "id": 197, "left": 977993.4, "top": 6347100.1, "right": 980493.4, "bottom": 6344600.1, "grid_row": 7, "grid_col": 7, "id_2": 196, "name_fr": "Thorame-Basse07", "name_nl": "Thorame-Basse07", "population": 0.0, "centroid_lat": 44.178552932000002, "centroid_lon": 6.493648826 }, "geometry": { "type": "Polygon", "coordinates": [ [ [ 6.477341878964745, 44.167809749493522 ], [ 6.508572720122928, 44.166814690428296 ], [ 6.507184686294934, 44.144335194947494 ], [ 6.475966168345782, 44.145329848821397 ], [ 6.477341878964745, 44.167809749493522 ] ] ] } },
{ "type": "Feature", "properties": { "id": 223, "left": 980493.4, "top": 6349600.1, "right": 982993.4, "bottom": 6347100.1, "grid_row": 6, "grid_col": 8, "id_2": 196, "name_fr": "Thorame-Basse07", "name_nl": "Thorame-Basse07", "population": 0.0, "centroid_lat": 44.178552932000002, "centroid_lon": 6.493648826 }, "geometry": { "type": "Polygon", "coordinates": [ [ [ 6.509961852342522, 44.189294433114355 ], [ 6.541203926728618, 44.188290074722566 ], [ 6.539802462889853, 44.165810741015747 ], [ 6.508572720122928, 44.166814690428296 ], [ 6.509961852342522, 44.189294433114355 ] ] ] } },
{ "type": "Feature", "properties": { "id": 224, "left": 980493.4, "top": 6347100.1, "right": 982993.4, "bottom": 6344600.1, "grid_row": 7, "grid_col": 8, "id_2": 196, "name_fr": "Thorame-Basse07", "name_nl": "Thorame-Basse07", "population": 0.0, "centroid_lat": 44.178552932000002, "centroid_lon": 6.493648826 }, "geometry": { "type": "Polygon", "coordinates": [ [ [ 6.508572720122928, 44.166814690428296 ], [ 6.539802462889853, 44.165810741015747 ], [ 6.53840210715421, 44.14333165433888 ], [ 6.507184686294934, 44.144335194947494 ], [ 6.508572720122928, 44.166814690428296 ] ] ] } },
{ "type": "Feature", "properties": { "id": 170, "left": 975493.4, "top": 6347100.1, "right": 977993.4, "bottom": 6344600.1, "grid_row": 7, "grid_col": 6, "id_2": 197, "name_fr": "Thorame-Basse08", "name_nl": "Thorame-Basse08", "population": 0.0, "centroid_lat": 44.15607311, "centroid_lon": 6.492266407 }, "geometry": { "type": "Polygon", "coordinates": [ [ [ 6.446109949128884, 44.168795917730279 ], [ 6.477341878964745, 44.167809749493522 ], [ 6.475966168345782, 44.145329848821397 ], [ 6.444746563008881, 44.146315615479821 ], [ 6.446109949128884, 44.168795917730279 ] ] ] } },
{ "type": "Feature", "properties": { "id": 197, "left": 977993.4, "top": 6347100.1, "right": 980493.4, "bottom": 6344600.1, "grid_row": 7, "grid_col": 7, "id_2": 197, "name_fr": "Thorame-Basse08", "name_nl": "Thorame-Basse08", "population": 0.0, "centroid_lat": 44.15607311, "centroid_lon": 6.492266407 }, "geometry": { "type": "Polygon", "coordinates": [ [ [ 6.477341878964745, 44.167809749493522 ], [ 6.508572720122928, 44.166814690428296 ], [ 6.507184686294934, 44.144335194947494 ], [ 6.475966168345782, 44.145329848821397 ], [ 6.477341878964745, 44.167809749493522 ] ] ] } },
{ "type": "Feature", "properties": { "id": 198, "left": 977993.4, "top": 6344600.1, "right": 980493.4, "bottom": 6342100.1, "grid_row": 8, "grid_col": 7, "id_2": 197, "name_fr": "Thorame-Basse08", "name_nl": "Thorame-Basse08", "population": 0.0, "centroid_lat": 44.15607311, "centroid_lon": 6.492266407 }, "geometry": { "type": "Polygon", "coordinates": [ [ [ 6.475966168345782, 44.145329848821397 ], [ 6.507184686294934, 44.144335194947494 ], [ 6.505797749557161, 44.121855950001482 ], [ 6.474591545114905, 44.122850198857741 ], [ 6.475966168345782, 44.145329848821397 ] ] ] } },
{ "type": "Feature", "properties": { "id": 224, "left": 980493.4, "top": 6347100.1, "right": 982993.4, "bottom": 6344600.1, "grid_row": 7, "grid_col": 8, "id_2": 197, "name_fr": "Thorame-Basse08", "name_nl": "Thorame-Basse08", "population": 0.0, "centroid_lat": 44.15607311, "centroid_lon": 6.492266407 }, "geometry": { "type": "Polygon", "coordinates": [ [ [ 6.508572720122928, 44.166814690428296 ], [ 6.539802462889853, 44.165810741015747 ], [ 6.53840210715421, 44.14333165433888 ], [ 6.507184686294934, 44.144335194947494 ], [ 6.508572720122928, 44.166814690428296 ] ] ] } },
{ "type": "Feature", "properties": { "id": 225, "left": 980493.4, "top": 6344600.1, "right": 982993.4, "bottom": 6342100.1, "grid_row": 8, "grid_col": 8, "id_2": 197, "name_fr": "Thorame-Basse08", "name_nl": "Thorame-Basse08", "population": 0.0, "centroid_lat": 44.15607311, "centroid_lon": 6.492266407 }, "geometry": { "type": "Polygon", "coordinates": [ [ [ 6.507184686294934, 44.144335194947494 ], [ 6.53840210715421, 44.14333165433888 ], [ 6.537002858208866, 44.120852818021582 ], [ 6.505797749557161, 44.121855950001482 ], [ 6.507184686294934, 44.144335194947494 ] ] ] } },
{ "type": "Feature", "properties": { "id": 198, "left": 977993.4, "top": 6344600.1, "right": 980493.4, "bottom": 6342100.1, "grid_row": 8, "grid_col": 7, "id_2": 198, "name_fr": "Thorame-Basse09", "name_nl": "Thorame-Basse09", "population": 0.0, "centroid_lat": 44.133593537000003, "centroid_lon": 6.490885081 }, "geometry": { "type": "Polygon", "coordinates": [ [ [ 6.475966168345782, 44.145329848821397 ], [ 6.507184686294934, 44.144335194947494 ], [ 6.505797749557161, 44.121855950001482 ], [ 6.474591545114905, 44.122850198857741 ], [ 6.475966168345782, 44.145329848821397 ] ] ] } },
{ "type": "Feature", "properties": { "id": 199, "left": 977993.4, "top": 6342100.1, "right": 980493.4, "bottom": 6339600.1, "grid_row": 9, "grid_col": 7, "id_2": 198, "name_fr": "Thorame-Basse09", "name_nl": "Thorame-Basse09", "population": 0.0, "centroid_lat": 44.133593537000003, "centroid_lon": 6.490885081 }, "geometry": { "type": "Polygon", "coordinates": [ [ [ 6.474591545114905, 44.122850198857741 ], [ 6.505797749557161, 44.121855950001482 ], [ 6.504411908610277, 44.099376958918391 ], [ 6.473218007984218, 44.100370802930485 ], [ 6.474591545114905, 44.122850198857741 ] ] ] } },
{ "type": "Feature", "properties": { "id": 225, "left": 980493.4, "top": 6344600.1, "right": 982993.4, "bottom": 6342100.1, "grid_row": 8, "grid_col": 8, "id_2": 198, "name_fr": "Thorame-Basse09", "name_nl": "Thorame-Basse09", "population": 0.0, "centroid_lat": 44.133593537000003, "centroid_lon": 6.490885081 }, "geometry": { "type": "Polygon", "coordinates": [ [ [ 6.507184686294934, 44.144335194947494 ], [ 6.53840210715421, 44.14333165433888 ], [ 6.537002858208866, 44.120852818021582 ], [ 6.505797749557161, 44.121855950001482 ], [ 6.507184686294934, 44.144335194947494 ] ] ] } },
{ "type": "Feature", "properties": { "id": 226, "left": 980493.4, "top": 6342100.1, "right": 982993.4, "bottom": 6339600.1, "grid_row": 9, "grid_col": 8, "id_2": 198, "name_fr": "Thorame-Basse09", "name_nl": "Thorame-Basse09", "population": 0.0, "centroid_lat": 44.133593537000003, "centroid_lon": 6.490885081 }, "geometry": { "type": "Polygon", "coordinates": [ [ [ 6.505797749557161, 44.121855950001482 ], [ 6.537002858208866, 44.120852818021582 ], [ 6.535604714743063, 44.098374235392143 ], [ 6.504411908610277, 44.099376958918391 ], [ 6.505797749557161, 44.121855950001482 ] ] ] } },
{ "type": "Feature", "properties": { "id": 172, "left": 975493.4, "top": 6342100.1, "right": 977993.4, "bottom": 6339600.1, "grid_row": 9, "grid_col": 6, "id_2": 199, "name_fr": "Thorame-Basse10", "name_nl": "Thorame-Basse10", "population": 0.0, "centroid_lat": 44.111114215999997, "centroid_lon": 6.489504847 }, "geometry": { "type": "Polygon", "coordinates": [ [ [ 6.443384254572798, 44.123835564109953 ], [ 6.474591545114905, 44.122850198857741 ], [ 6.473218007984218, 44.100370802930485 ], [ 6.442023022544172, 44.101355766948465 ], [ 6.443384254572798, 44.123835564109953 ] ] ] } },
{ "type": "Feature", "properties": { "id": 173, "left": 975493.4, "top": 6339600.1, "right": 977993.4, "bottom": 6337100.1, "grid_row": 10, "grid_col": 6, "id_2": 199, "name_fr": "Thorame-Basse10", "name_nl": "Thorame-Basse10", "population": 0.0, "centroid_lat": 44.111114215999997, "centroid_lon": 6.489504847 }, "geometry": { "type": "Polygon", "coordinates": [ [ [ 6.442023022544172, 44.101355766948465 ], [ 6.473218007984218, 44.100370802930485 ], [ 6.471845555667857, 44.077891664366184 ], [ 6.440662865648554, 44.078876227321778 ], [ 6.442023022544172, 44.101355766948465 ] ] ] } },
{ "type": "Feature", "properties": { "id": 199, "left": 977993.4, "top": 6342100.1, "right": 980493.4, "bottom": 6339600.1, "grid_row": 9, "grid_col": 7, "id_2": 199, "name_fr": "Thorame-Basse10", "name_nl": "Thorame-Basse10", "population": 0.0, "centroid_lat": 44.111114215999997, "centroid_lon": 6.489504847 }, "geometry": { "type": "Polygon", "coordinates": [ [ [ 6.474591545114905, 44.122850198857741 ], [ 6.505797749557161, 44.121855950001482 ], [ 6.504411908610277, 44.099376958918391 ], [ 6.473218007984218, 44.100370802930485 ], [ 6.474591545114905, 44.122850198857741 ] ] ] } },
{ "type": "Feature", "properties": { "id": 200, "left": 977993.4, "top": 6339600.1, "right": 980493.4, "bottom": 6337100.1, "grid_row": 10, "grid_col": 7, "id_2": 199, "name_fr": "Thorame-Basse10", "name_nl": "Thorame-Basse10", "population": 0.0, "centroid_lat": 44.111114215999997, "centroid_lon": 6.489504847 }, "geometry": { "type": "Polygon", "coordinates": [ [ [ 6.473218007984218, 44.100370802930485 ], [ 6.504411908610277, 44.099376958918391 ], [ 6.503027162157007, 44.076898225024856 ], [ 6.471845555667857, 44.077891664366184 ], [ 6.473218007984218, 44.100370802930485 ] ] ] } },
{ "type": "Feature", "properties": { "id": 226, "left": 980493.4, "top": 6342100.1, "right": 982993.4, "bottom": 6339600.1, "grid_row": 9, "grid_col": 8, "id_2": 199, "name_fr": "Thorame-Basse10", "name_nl": "Thorame-Basse10", "population": 0.0, "centroid_lat": 44.111114215999997, "centroid_lon": 6.489504847 }, "geometry": { "type": "Polygon", "coordinates": [ [ [ 6.505797749557161, 44.121855950001482 ], [ 6.537002858208866, 44.120852818021582 ], [ 6.535604714743063, 44.098374235392143 ], [ 6.504411908610277, 44.099376958918391 ], [ 6.505797749557161, 44.121855950001482 ] ] ] } },
{ "type": "Feature", "properties": { "id": 227, "left": 980493.4, "top": 6339600.1, "right": 982993.4, "bottom": 6337100.1, "grid_row": 10, "grid_col": 8, "id_2": 199, "name_fr": "Thorame-Basse10", "name_nl": "Thorame-Basse10", "population": 0.0, "centroid_lat": 44.111114215999997, "centroid_lon": 6.489504847 }, "geometry": { "type": "Polygon", "coordinates": [ [ [ 6.504411908610277, 44.099376958918391 ], [ 6.535604714743063, 44.098374235392143 ], [ 6.534207675448119, 44.075895909777344 ], [ 6.503027162157007, 44.076898225024856 ], [ 6.504411908610277, 44.099376958918391 ] ] ] } },
{ "type": "Feature", "properties": { "id": 173, "left": 975493.4, "top": 6339600.1, "right": 977993.4, "bottom": 6337100.1, "grid_row": 10, "grid_col": 6, "id_2": 200, "name_fr": "Thorame-Basse11", "name_nl": "Thorame-Basse11", "population": 133.0, "centroid_lat": 44.088635150999998, "centroid_lon": 6.488125702 }, "geometry": { "type": "Polygon", "coordinates": [ [ [ 6.442023022544172, 44.101355766948465 ], [ 6.473218007984218, 44.100370802930485 ], [ 6.471845555667857, 44.077891664366184 ], [ 6.440662865648554, 44.078876227321778 ], [ 6.442023022544172, 44.101355766948465 ] ] ] } },
{ "type": "Feature", "properties": { "id": 174, "left": 975493.4, "top": 6337100.1, "right": 977993.4, "bottom": 6334600.1, "grid_row": 11, "grid_col": 6, "id_2": 200, "name_fr": "Thorame-Basse11", "name_nl": "Thorame-Basse11", "population": 133.0, "centroid_lat": 44.088635150999998, "centroid_lon": 6.488125702 }, "geometry": { "type": "Polygon", "coordinates": [ [ [ 6.440662865648554, 44.078876227321778 ], [ 6.471845555667857, 44.077891664366184 ], [ 6.470474186881981, 44.055412786489974 ], [ 6.439303782613507, 44.05639694855487 ], [ 6.440662865648554, 44.078876227321778 ] ] ] } },
{ "type": "Feature", "properties": { "id": 200, "left": 977993.4, "top": 6339600.1, "right": 980493.4, "bottom": 6337100.1, "grid_row": 10, "grid_col": 7, "id_2": 200, "name_fr": "Thorame-Basse11", "name_nl": "Thorame-Basse11", "population": 133.0, "centroid_lat": 44.088635150999998, "centroid_lon": 6.488125702 }, "geometry": { "type": "Polygon", "coordinates": [ [ [ 6.473218007984218, 44.100370802930485 ], [ 6.504411908610277, 44.099376958918391 ], [ 6.503027162157007, 44.076898225024856 ], [ 6.471845555667857, 44.077891664366184 ], [ 6.473218007984218, 44.100370802930485 ] ] ] } },
{ "type": "Feature", "properties": { "id": 201, "left": 977993.4, "top": 6337100.1, "right": 980493.4, "bottom": 6334600.1, "grid_row": 11, "grid_col": 7, "id_2": 200, "name_fr": "Thorame-Basse11", "name_nl": "Thorame-Basse11", "population": 133.0, "centroid_lat": 44.088635150999998, "centroid_lon": 6.488125702 }, "geometry": { "type": "Polygon", "coordinates": [ [ [ 6.471845555667857, 44.077891664366184 ], [ 6.503027162157007, 44.076898225024856 ], [ 6.501643508902118, 44.054419751646165 ], [ 6.470474186881981, 44.055412786489974 ], [ 6.471845555667857, 44.077891664366184 ] ] ] } },
{ "type": "Feature", "properties": { "id": 227, "left": 980493.4, "top": 6339600.1, "right": 982993.4, "bottom": 6337100.1, "grid_row": 10, "grid_col": 8, "id_2": 200, "name_fr": "Thorame-Basse11", "name_nl": "Thorame-Basse11", "population": 133.0, "centroid_lat": 44.088635150999998, "centroid_lon": 6.488125702 }, "geometry": { "type": "Polygon", "coordinates": [ [ [ 6.504411908610277, 44.099376958918391 ], [ 6.535604714743063, 44.098374235392143 ], [ 6.534207675448119, 44.075895909777344 ], [ 6.503027162157007, 44.076898225024856 ], [ 6.504411908610277, 44.099376958918391 ] ] ] } },
{ "type": "Feature", "properties": { "id": 174, "left": 975493.4, "top": 6337100.1, "right": 977993.4, "bottom": 6334600.1, "grid_row": 11, "grid_col": 6, "id_2": 201, "name_fr": "Thorame-Basse12", "name_nl": "Thorame-Basse12", "population": 37.0, "centroid_lat": 44.066156345000003, "centroid_lon": 6.486747647 }, "geometry": { "type": "Polygon", "coordinates": [ [ [ 6.440662865648554, 44.078876227321778 ], [ 6.471845555667857, 44.077891664366184 ], [ 6.470474186881981, 44.055412786489974 ], [ 6.439303782613507, 44.05639694855487 ], [ 6.440662865648554, 44.078876227321778 ] ] ] } },
{ "type": "Feature", "properties": { "id": 175, "left": 975493.4, "top": 6334600.1, "right": 977993.4, "bottom": 6332100.1, "grid_row": 12, "grid_col": 6, "id_2": 201, "name_fr": "Thorame-Basse12", "name_nl": "Thorame-Basse12", "population": 37.0, "centroid_lat": 44.066156345000003, "centroid_lon": 6.486747647 }, "geometry": { "type": "Polygon", "coordinates": [ [ [ 6.439303782613507, 44.05639694855487 ], [ 6.470474186881981, 44.055412786489974 ], [ 6.46910390034478, 44.032934172625545 ], [ 6.437945772168596, 44.033917933971331 ], [ 6.439303782613507, 44.05639694855487 ] ] ] } },
{ "type": "Feature", "properties": { "id": 200, "left": 977993.4, "top": 6339600.1, "right": 980493.4, "bottom": 6337100.1, "grid_row": 10, "grid_col": 7, "id_2": 201, "name_fr": "Thorame-Basse12", "name_nl": "Thorame-Basse12", "population": 37.0, "centroid_lat": 44.066156345000003, "centroid_lon": 6.486747647 }, "geometry": { "type": "Polygon", "coordinates": [ [ [ 6.473218007984218, 44.100370802930485 ], [ 6.504411908610277, 44.099376958918391 ], [ 6.503027162157007, 44.076898225024856 ], [ 6.471845555667857, 44.077891664366184 ], [ 6.473218007984218, 44.100370802930485 ] ] ] } },
{ "type": "Feature", "properties": { "id": 201, "left": 977993.4, "top": 6337100.1, "right": 980493.4, "bottom": 6334600.1, "grid_row": 11, "grid_col": 7, "id_2": 201, "name_fr": "Thorame-Basse12", "name_nl": "Thorame-Basse12", "population": 37.0, "centroid_lat": 44.066156345000003, "centroid_lon": 6.486747647 }, "geometry": { "type": "Polygon", "coordinates": [ [ [ 6.471845555667857, 44.077891664366184 ], [ 6.503027162157007, 44.076898225024856 ], [ 6.501643508902118, 44.054419751646165 ], [ 6.470474186881981, 44.055412786489974 ], [ 6.471845555667857, 44.077891664366184 ] ] ] } },
{ "type": "Feature", "properties": { "id": 202, "left": 977993.4, "top": 6334600.1, "right": 980493.4, "bottom": 6332100.1, "grid_row": 12, "grid_col": 7, "id_2": 201, "name_fr": "Thorame-Basse12", "name_nl": "Thorame-Basse12", "population": 37.0, "centroid_lat": 44.066156345000003, "centroid_lon": 6.486747647 }, "geometry": { "type": "Polygon", "coordinates": [ [ [ 6.470474186881981, 44.055412786489974 ], [ 6.501643508902118, 44.054419751646165 ], [ 6.500260947552419, 44.031941542106175 ], [ 6.46910390034478, 44.032934172625545 ], [ 6.470474186881981, 44.055412786489974 ] ] ] } },
{ "type": "Feature", "properties": { "id": 202, "left": 977993.4, "top": 6334600.1, "right": 980493.4, "bottom": 6332100.1, "grid_row": 12, "grid_col": 7, "id_2": 202, "name_fr": "Thorame-Basse13", "name_nl": "Thorame-Basse13", "population": 0.0, "centroid_lat": 44.043677801000001, "centroid_lon": 6.48537068 }, "geometry": { "type": "Polygon", "coordinates": [ [ [ 6.470474186881981, 44.055412786489974 ], [ 6.501643508902118, 44.054419751646165 ], [ 6.500260947552419, 44.031941542106175 ], [ 6.46910390034478, 44.032934172625545 ], [ 6.470474186881981, 44.055412786489974 ] ] ] } },
{ "type": "Feature", "properties": { "id": 203, "left": 977993.4, "top": 6332100.1, "right": 980493.4, "bottom": 6329600.1, "grid_row": 13, "grid_col": 7, "id_2": 202, "name_fr": "Thorame-Basse13", "name_nl": "Thorame-Basse13", "population": 0.0, "centroid_lat": 44.043677801000001, "centroid_lon": 6.48537068 }, "geometry": { "type": "Polygon", "coordinates": [ [ [ 6.46910390034478, 44.032934172625545 ], [ 6.500260947552419, 44.031941542106175 ], [ 6.498879476816757, 44.009463599727354 ], [ 6.467734694776456, 44.010455826095239 ], [ 6.46910390034478, 44.032934172625545 ] ] ] } },
{ "type": "Feature", "properties": { "id": 229, "left": 980493.4, "top": 6334600.1, "right": 982993.4, "bottom": 6332100.1, "grid_row": 12, "grid_col": 8, "id_2": 202, "name_fr": "Thorame-Basse13", "name_nl": "Thorame-Basse13", "population": 0.0, "centroid_lat": 44.043677801000001, "centroid_lon": 6.48537068 }, "geometry": { "type": "Polygon", "coordinates": [ [ [ 6.501643508902118, 44.054419751646165 ], [ 6.532811739017406, 44.053417844502661 ], [ 6.531416904146362, 44.030940042892034 ], [ 6.500260947552419, 44.031941542106175 ], [ 6.501643508902118, 44.054419751646165 ] ] ] } },
{ "type": "Feature", "properties": { "id": 230, "left": 980493.4, "top": 6332100.1, "right": 982993.4, "bottom": 6329600.1, "grid_row": 13, "grid_col": 8, "id_2": 202, "name_fr": "Thorame-Basse13", "name_nl": "Thorame-Basse13", "population": 0.0, "centroid_lat": 44.043677801000001, "centroid_lon": 6.48537068 }, "geometry": { "type": "Polygon", "coordinates": [ [ [ 6.500260947552419, 44.031941542106175 ], [ 6.531416904146362, 44.030940042892034 ], [ 6.53002316953248, 44.008462508268096 ], [ 6.498879476816757, 44.009463599727354 ], [ 6.500260947552419, 44.031941542106175 ] ] ] } },
{ "type": "Feature", "properties": { "id": 203, "left": 977993.4, "top": 6332100.1, "right": 980493.4, "bottom": 6329600.1, "grid_row": 13, "grid_col": 7, "id_2": 203, "name_fr": "Saint-André-les-Alpes01", "name_nl": "Saint-André-les-Alpes01", "population": 0.0, "centroid_lat": 44.021199523, "centroid_lon": 6.483994798 }, "geometry": { "type": "Polygon", "coordinates": [ [ [ 6.46910390034478, 44.032934172625545 ], [ 6.500260947552419, 44.031941542106175 ], [ 6.498879476816757, 44.009463599727354 ], [ 6.467734694776456, 44.010455826095239 ], [ 6.46910390034478, 44.032934172625545 ] ] ] } },
{ "type": "Feature", "properties": { "id": 204, "left": 977993.4, "top": 6329600.1, "right": 980493.4, "bottom": 6327100.1, "grid_row": 14, "grid_col": 7, "id_2": 203, "name_fr": "Saint-André-les-Alpes01", "name_nl": "Saint-André-les-Alpes01", "population": 0.0, "centroid_lat": 44.021199523, "centroid_lon": 6.483994798 }, "geometry": { "type": "Polygon", "coordinates": [ [ [ 6.467734694776456, 44.010455826095239 ], [ 6.498879476816757, 44.009463599727354 ], [ 6.497499095406011, 43.986985927830723 ], [ 6.466366568899234, 43.987977750219912 ], [ 6.467734694776456, 44.010455826095239 ] ] ] } },
{ "type": "Feature", "properties": { "id": 230, "left": 980493.4, "top": 6332100.1, "right": 982993.4, "bottom": 6329600.1, "grid_row": 13, "grid_col": 8, "id_2": 203, "name_fr": "Saint-André-les-Alpes01", "name_nl": "Saint-André-les-Alpes01", "population": 0.0, "centroid_lat": 44.021199523, "centroid_lon": 6.483994798 }, "geometry": { "type": "Polygon", "coordinates": [ [ [ 6.500260947552419, 44.031941542106175 ], [ 6.531416904146362, 44.030940042892034 ], [ 6.53002316953248, 44.008462508268096 ], [ 6.498879476816757, 44.009463599727354 ], [ 6.500260947552419, 44.031941542106175 ] ] ] } },
{ "type": "Feature", "properties": { "id": 231, "left": 980493.4, "top": 6329600.1, "right": 982993.4, "bottom": 6327100.1, "grid_row": 14, "grid_col": 8, "id_2": 203, "name_fr": "Saint-André-les-Alpes01", "name_nl": "Saint-André-les-Alpes01", "population": 0.0, "centroid_lat": 44.021199523, "centroid_lon": 6.483994798 }, "geometry": { "type": "Polygon", "coordinates": [ [ [ 6.498879476816757, 44.009463599727354 ], [ 6.53002316953248, 44.008462508268096 ], [ 6.5286305338753, 43.985985243952001 ], [ 6.497499095406011, 43.986985927830723 ], [ 6.498879476816757, 44.009463599727354 ] ] ] } },
{ "type": "Feature", "properties": { "id": 177, "left": 975493.4, "top": 6329600.1, "right": 977993.4, "bottom": 6327100.1, "grid_row": 14, "grid_col": 6, "id_2": 204, "name_fr": "Saint-André-les-Alpes02", "name_nl": "Saint-André-les-Alpes02", "population": 0.0, "centroid_lat": 43.998721513, "centroid_lon": 6.482620002 }, "geometry": { "type": "Polygon", "coordinates": [ [ [ 6.43658883304539, 44.011439186893298 ], [ 6.467734694776456, 44.010455826095239 ], [ 6.466366568899234, 43.987977750219912 ], [ 6.435232963977457, 43.988960710641535 ], [ 6.43658883304539, 44.011439186893298 ] ] ] } },
{ "type": "Feature", "properties": { "id": 178, "left": 975493.4, "top": 6327100.1, "right": 977993.4, "bottom": 6324600.1, "grid_row": 15, "grid_col": 6, "id_2": 204, "name_fr": "Saint-André-les-Alpes02", "name_nl": "Saint-André-les-Alpes02", "population": 0.0, "centroid_lat": 43.998721513, "centroid_lon": 6.482620002 }, "geometry": { "type": "Polygon", "coordinates": [ [ [ 6.435232963977457, 43.988960710641535 ], [ 6.466366568899234, 43.987977750219912 ], [ 6.464999521437347, 43.965499948319035 ], [ 6.433878163700358, 43.966482508535364 ], [ 6.435232963977457, 43.988960710641535 ] ] ] } },
{ "type": "Feature", "properties": { "id": 204, "left": 977993.4, "top": 6329600.1, "right": 980493.4, "bottom": 6327100.1, "grid_row": 14, "grid_col": 7, "id_2": 204, "name_fr": "Saint-André-les-Alpes02", "name_nl": "Saint-André-les-Alpes02", "population": 0.0, "centroid_lat": 43.998721513, "centroid_lon": 6.482620002 }, "geometry": { "type": "Polygon", "coordinates": [ [ [ 6.467734694776456, 44.010455826095239 ], [ 6.498879476816757, 44.009463599727354 ], [ 6.497499095406011, 43.986985927830723 ], [ 6.466366568899234, 43.987977750219912 ], [ 6.467734694776456, 44.010455826095239 ] ] ] } },
{ "type": "Feature", "properties": { "id": 205, "left": 977993.4, "top": 6327100.1, "right": 980493.4, "bottom": 6324600.1, "grid_row": 15, "grid_col": 7, "id_2": 204, "name_fr": "Saint-André-les-Alpes02", "name_nl": "Saint-André-les-Alpes02", "population": 0.0, "centroid_lat": 43.998721513, "centroid_lon": 6.482620002 }, "geometry": { "type": "Polygon", "coordinates": [ [ [ 6.466366568899234, 43.987977750219912 ], [ 6.497499095406011, 43.986985927830723 ], [ 6.496119802033093, 43.964508529735866 ], [ 6.464999521437347, 43.965499948319035 ], [ 6.466366568899234, 43.987977750219912 ] ] ] } },
{ "type": "Feature", "properties": { "id": 231, "left": 980493.4, "top": 6329600.1, "right": 982993.4, "bottom": 6327100.1, "grid_row": 14, "grid_col": 8, "id_2": 204, "name_fr": "Saint-André-les-Alpes02", "name_nl": "Saint-André-les-Alpes02", "population": 0.0, "centroid_lat": 43.998721513, "centroid_lon": 6.482620002 }, "geometry": { "type": "Polygon", "coordinates": [ [ [ 6.498879476816757, 44.009463599727354 ], [ 6.53002316953248, 44.008462508268096 ], [ 6.5286305338753, 43.985985243952001 ], [ 6.497499095406011, 43.986985927830723 ], [ 6.498879476816757, 44.009463599727354 ] ] ] } },
{ "type": "Feature", "properties": { "id": 178, "left": 975493.4, "top": 6327100.1, "right": 977993.4, "bottom": 6324600.1, "grid_row": 15, "grid_col": 6, "id_2": 205, "name_fr": "Moriez04", "name_nl": "Moriez04", "population": 3.0, "centroid_lat": 43.976243775999997, "centroid_lon": 6.48124629 }, "geometry": { "type": "Polygon", "coordinates": [ [ [ 6.435232963977457, 43.988960710641535 ], [ 6.466366568899234, 43.987977750219912 ], [ 6.464999521437347, 43.965499948319035 ], [ 6.433878163700358, 43.966482508535364 ], [ 6.435232963977457, 43.988960710641535 ] ] ] } },
{ "type": "Feature", "properties": { "id": 179, "left": 975493.4, "top": 6324600.1, "right": 977993.4, "bottom": 6322100.1, "grid_row": 16, "grid_col": 6, "id_2": 205, "name_fr": "Moriez04", "name_nl": "Moriez04", "population": 3.0, "centroid_lat": 43.976243775999997, "centroid_lon": 6.48124629 }, "geometry": { "type": "Polygon", "coordinates": [ [ [ 6.433878163700358, 43.966482508535364 ], [ 6.464999521437347, 43.965499948319035 ], [ 6.463633551117033, 43.943022423710651 ], [ 6.432524430951642, 43.944004583892671 ], [ 6.433878163700358, 43.966482508535364 ] ] ] } },
{ "type": "Feature", "properties": { "id": 205, "left": 977993.4, "top": 6327100.1, "right": 980493.4, "bottom": 6324600.1, "grid_row": 15, "grid_col": 7, "id_2": 205, "name_fr": "Moriez04", "name_nl": "Moriez04", "population": 3.0, "centroid_lat": 43.976243775999997, "centroid_lon": 6.48124629 }, "geometry": { "type": "Polygon", "coordinates": [ [ [ 6.466366568899234, 43.987977750219912 ], [ 6.497499095406011, 43.986985927830723 ], [ 6.496119802033093, 43.964508529735866 ], [ 6.464999521437347, 43.965499948319035 ], [ 6.466366568899234, 43.987977750219912 ] ] ] } },
{ "type": "Feature", "properties": { "id": 206, "left": 977993.4, "top": 6324600.1, "right": 980493.4, "bottom": 6322100.1, "grid_row": 16, "grid_col": 7, "id_2": 205, "name_fr": "Moriez04", "name_nl": "Moriez04", "population": 3.0, "centroid_lat": 43.976243775999997, "centroid_lon": 6.48124629 }, "geometry": { "type": "Polygon", "coordinates": [ [ [ 6.464999521437347, 43.965499948319035 ], [ 6.496119802033093, 43.964508529735866 ], [ 6.494741595412937, 43.942031408760997 ], [ 6.463633551117033, 43.943022423710651 ], [ 6.464999521437347, 43.965499948319035 ] ] ] } },
{ "type": "Feature", "properties": { "id": 179, "left": 975493.4, "top": 6324600.1, "right": 977993.4, "bottom": 6322100.1, "grid_row": 16, "grid_col": 6, "id_2": 206, "name_fr": "Moriez05", "name_nl": "Moriez05", "population": 156.0, "centroid_lat": 43.953766314, "centroid_lon": 6.479873661 }, "geometry": { "type": "Polygon", "coordinates": [ [ [ 6.433878163700358, 43.966482508535364 ], [ 6.464999521437347, 43.965499948319035 ], [ 6.463633551117033, 43.943022423710651 ], [ 6.432524430951642, 43.944004583892671 ], [ 6.433878163700358, 43.966482508535364 ] ] ] } },
{ "type": "Feature", "properties": { "id": 206, "left": 977993.4, "top": 6324600.1, "right": 980493.4, "bottom": 6322100.1, "grid_row": 16, "grid_col": 7, "id_2": 206, "name_fr": "Moriez05", "name_nl": "Moriez05", "population": 156.0, "centroid_lat": 43.953766314, "centroid_lon": 6.479873661 }, "geometry": { "type": "Polygon", "coordinates": [ [ [ 6.464999521437347, 43.965499948319035 ], [ 6.496119802033093, 43.964508529735866 ], [ 6.494741595412937, 43.942031408760997 ], [ 6.463633551117033, 43.943022423710651 ], [ 6.464999521437347, 43.965499948319035 ] ] ] } },
{ "type": "Feature", "properties": { "id": 207, "left": 977993.4, "top": 6322100.1, "right": 980493.4, "bottom": 6319600.1, "grid_row": 17, "grid_col": 7, "id_2": 206, "name_fr": "Moriez05", "name_nl": "Moriez05", "population": 156.0, "centroid_lat": 43.953766314, "centroid_lon": 6.479873661 }, "geometry": { "type": "Polygon", "coordinates": [ [ [ 6.463633551117033, 43.943022423710651 ], [ 6.494741595412937, 43.942031408760997 ], [ 6.493364474262499, 43.919554568222878 ], [ 6.462268656666541, 43.920545179711397 ], [ 6.463633551117033, 43.943022423710651 ] ] ] } },
{ "type": "Feature", "properties": { "id": 180, "left": 975493.4, "top": 6322100.1, "right": 977993.4, "bottom": 6319600.1, "grid_row": 17, "grid_col": 6, "id_2": 207, "name_fr": "Moriez06", "name_nl": "Moriez06", "population": 0.0, "centroid_lat": 43.931289132000003, "centroid_lon": 6.478502113 }, "geometry": { "type": "Polygon", "coordinates": [ [ [ 6.432524430951642, 43.944004583892671 ], [ 6.463633551117033, 43.943022423710651 ], [ 6.462268656666541, 43.920545179711397 ], [ 6.431171764470849, 43.92152694002997 ], [ 6.432524430951642, 43.944004583892671 ] ] ] } },
{ "type": "Feature", "properties": { "id": 181, "left": 975493.4, "top": 6319600.1, "right": 977993.4, "bottom": 6317100.1, "grid_row": 18, "grid_col": 6, "id_2": 207, "name_fr": "Moriez06", "name_nl": "Moriez06", "population": 0.0, "centroid_lat": 43.931289132000003, "centroid_lon": 6.478502113 }, "geometry": { "type": "Polygon", "coordinates": [ [ [ 6.431171764470849, 43.92152694002997 ], [ 6.462268656666541, 43.920545179711397 ], [ 6.460904836816113, 43.8980682196365 ], [ 6.429820162999497, 43.899049580262336 ], [ 6.431171764470849, 43.92152694002997 ] ] ] } },
{ "type": "Feature", "properties": { "id": 207, "left": 977993.4, "top": 6322100.1, "right": 980493.4, "bottom": 6319600.1, "grid_row": 17, "grid_col": 7, "id_2": 207, "name_fr": "Moriez06", "name_nl": "Moriez06", "population": 0.0, "centroid_lat": 43.931289132000003, "centroid_lon": 6.478502113 }, "geometry": { "type": "Polygon", "coordinates": [ [ [ 6.463633551117033, 43.943022423710651 ], [ 6.494741595412937, 43.942031408760997 ], [ 6.493364474262499, 43.919554568222878 ], [ 6.462268656666541, 43.920545179711397 ], [ 6.463633551117033, 43.943022423710651 ] ] ] } },
{ "type": "Feature", "properties": { "id": 208, "left": 977993.4, "top": 6319600.1, "right": 980493.4, "bottom": 6317100.1, "grid_row": 18, "grid_col": 7, "id_2": 207, "name_fr": "Moriez06", "name_nl": "Moriez06", "population": 0.0, "centroid_lat": 43.931289132000003, "centroid_lon": 6.478502113 }, "geometry": { "type": "Polygon", "coordinates": [ [ [ 6.462268656666541, 43.920545179711397 ], [ 6.493364474262499, 43.919554568222878 ], [ 6.491988437300754, 43.897078011436854 ], [ 6.460904836816113, 43.8980682196365 ], [ 6.462268656666541, 43.920545179711397 ] ] ] } },
{ "type": "Feature", "properties": { "id": 181, "left": 975493.4, "top": 6319600.1, "right": 977993.4, "bottom": 6317100.1, "grid_row": 18, "grid_col": 6, "id_2": 208, "name_fr": "Saint-André-les-Alpes03", "name_nl": "Saint-André-les-Alpes03", "population": 0.0, "centroid_lat": 43.908812231, "centroid_lon": 6.477131645 }, "geometry": { "type": "Polygon", "coordinates": [ [ [ 6.431171764470849, 43.92152694002997 ], [ 6.462268656666541, 43.920545179711397 ], [ 6.460904836816113, 43.8980682196365 ], [ 6.429820162999497, 43.899049580262336 ], [ 6.431171764470849, 43.92152694002997 ] ] ] } },
{ "type": "Feature", "properties": { "id": 208, "left": 977993.4, "top": 6319600.1, "right": 980493.4, "bottom": 6317100.1, "grid_row": 18, "grid_col": 7, "id_2": 208, "name_fr": "Saint-André-les-Alpes03", "name_nl": "Saint-André-les-Alpes03", "population": 0.0, "centroid_lat": 43.908812231, "centroid_lon": 6.477131645 }, "geometry": { "type": "Polygon", "coordinates": [ [ [ 6.462268656666541, 43.920545179711397 ], [ 6.493364474262499, 43.919554568222878 ], [ 6.491988437300754, 43.897078011436854 ], [ 6.460904836816113, 43.8980682196365 ], [ 6.462268656666541, 43.920545179711397 ] ] ] } },
{ "type": "Feature", "properties": { "id": 209, "left": 977993.4, "top": 6317100.1, "right": 980493.4, "bottom": 6314600.1, "grid_row": 19, "grid_col": 7, "id_2": 208, "name_fr": "Saint-André-les-Alpes03", "name_nl": "Saint-André-les-Alpes03", "population": 0.0, "centroid_lat": 43.908812231, "centroid_lon": 6.477131645 }, "geometry": { "type": "Polygon", "coordinates": [ [ [ 6.460904836816113, 43.8980682196365 ], [ 6.491988437300754, 43.897078011436854 ], [ 6.490613483248691, 43.874601741716845 ], [ 6.459542090297992, 43.875591546799704 ], [ 6.460904836816113, 43.8980682196365 ] ] ] } },
{ "type": "Feature", "properties": { "id": 235, "left": 980493.4, "top": 6319600.1, "right": 982993.4, "bottom": 6317100.1, "grid_row": 18, "grid_col": 8, "id_2": 208, "name_fr": "Saint-André-les-Alpes03", "name_nl": "Saint-André-les-Alpes03", "population": 0.0, "centroid_lat": 43.908812231, "centroid_lon": 6.477131645 }, "geometry": { "type": "Polygon", "coordinates": [ [ [ 6.493364474262499, 43.919554568222878 ], [ 6.5244592076701, 43.918555106041232 ], [ 6.52307095487605, 43.896078956139846 ], [ 6.491988437300754, 43.897078011436854 ], [ 6.493364474262499, 43.919554568222878 ] ] ] } },
{ "type": "Feature", "properties": { "id": 236, "left": 980493.4, "top": 6317100.1, "right": 982993.4, "bottom": 6314600.1, "grid_row": 19, "grid_col": 8, "id_2": 208, "name_fr": "Saint-André-les-Alpes03", "name_nl": "Saint-André-les-Alpes03", "population": 0.0, "centroid_lat": 43.908812231, "centroid_lon": 6.477131645 }, "geometry": { "type": "Polygon", "coordinates": [ [ [ 6.491988437300754, 43.897078011436854 ], [ 6.52307095487605, 43.896078956139846 ], [ 6.521683794567045, 43.873603093130882 ], [ 6.490613483248691, 43.874601741716845 ], [ 6.491988437300754, 43.897078011436854 ] ] ] } },
{ "type": "Feature", "properties": { "id": 209, "left": 977993.4, "top": 6317100.1, "right": 980493.4, "bottom": 6314600.1, "grid_row": 19, "grid_col": 7, "id_2": 209, "name_fr": "Castellane05", "name_nl": "Castellane05", "population": 0.0, "centroid_lat": 43.886335615999997, "centroid_lon": 6.475762255 }, "geometry": { "type": "Polygon", "coordinates": [ [ [ 6.460904836816113, 43.8980682196365 ], [ 6.491988437300754, 43.897078011436854 ], [ 6.490613483248691, 43.874601741716845 ], [ 6.459542090297992, 43.875591546799704 ], [ 6.460904836816113, 43.8980682196365 ] ] ] } },
{ "type": "Feature", "properties": { "id": 210, "left": 977993.4, "top": 6314600.1, "right": 980493.4, "bottom": 6312100.1, "grid_row": 20, "grid_col": 7, "id_2": 209, "name_fr": "Castellane05", "name_nl": "Castellane05", "population": 0.0, "centroid_lat": 43.886335615999997, "centroid_lon": 6.475762255 }, "geometry": { "type": "Polygon", "coordinates": [ [ [ 6.459542090297992, 43.875591546799704 ], [ 6.490613483248691, 43.874601741716845 ], [ 6.489239610829307, 43.852125762375401 ], [ 6.45818041584641, 43.85311516451344 ], [ 6.459542090297992, 43.875591546799704 ] ] ] } },
{ "type": "Feature", "properties": { "id": 236, "left": 980493.4, "top": 6317100.1, "right": 982993.4, "bottom": 6314600.1, "grid_row": 19, "grid_col": 8, "id_2": 209, "name_fr": "Castellane05", "name_nl": "Castellane05", "population": 0.0, "centroid_lat": 43.886335615999997, "centroid_lon": 6.475762255 }, "geometry": { "type": "Polygon", "coordinates": [ [ [ 6.491988437300754, 43.897078011436854 ], [ 6.52307095487605, 43.896078956139846 ], [ 6.521683794567045, 43.873603093130882 ], [ 6.490613483248691, 43.874601741716845 ], [ 6.491988437300754, 43.897078011436854 ] ] ] } },
{ "type": "Feature", "properties": { "id": 237, "left": 980493.4, "top": 6314600.1, "right": 982993.4, "bottom": 6312100.1, "grid_row": 20, "grid_col": 8, "id_2": 209, "name_fr": "Castellane05", "name_nl": "Castellane05", "population": 0.0, "centroid_lat": 43.886335615999997, "centroid_lon": 6.475762255 }, "geometry": { "type": "Polygon", "coordinates": [ [ [ 6.490613483248691, 43.874601741716845 ], [ 6.521683794567045, 43.873603093130882 ], [ 6.520297725454856, 43.851127520326976 ], [ 6.489239610829307, 43.852125762375401 ], [ 6.490613483248691, 43.874601741716845 ] ] ] } },
{ "type": "Feature", "properties": { "id": 210, "left": 977993.4, "top": 6314600.1, "right": 980493.4, "bottom": 6312100.1, "grid_row": 20, "grid_col": 7, "id_2": 210, "name_fr": "Castellane06", "name_nl": "Castellane06", "population": 21.0, "centroid_lat": 43.863859288999997, "centroid_lon": 6.474393943 }, "geometry": { "type": "Polygon", "coordinates": [ [ [ 6.459542090297992, 43.875591546799704 ], [ 6.490613483248691, 43.874601741716845 ], [ 6.489239610829307, 43.852125762375401 ], [ 6.45818041584641, 43.85311516451344 ], [ 6.459542090297992, 43.875591546799704 ] ] ] } },
{ "type": "Feature", "properties": { "id": 211, "left": 977993.4, "top": 6312100.1, "right": 980493.4, "bottom": 6309600.1, "grid_row": 21, "grid_col": 7, "id_2": 210, "name_fr": "Castellane06", "name_nl": "Castellane06", "population": 21.0, "centroid_lat": 43.863859288999997, "centroid_lon": 6.474393943 }, "geometry": { "type": "Polygon", "coordinates": [ [ [ 6.45818041584641, 43.85311516451344 ], [ 6.489239610829307, 43.852125762375401 ], [ 6.487866818767606, 43.829650076723581 ], [ 6.45681981219759, 43.830639076088595 ], [ 6.45818041584641, 43.85311516451344 ] ] ] } },
{ "type": "Feature", "properties": { "id": 237, "left": 980493.4, "top": 6314600.1, "right": 982993.4, "bottom": 6312100.1, "grid_row": 20, "grid_col": 8, "id_2": 210, "name_fr": "Castellane06", "name_nl": "Castellane06", "population": 21.0, "centroid_lat": 43.863859288999997, "centroid_lon": 6.474393943 }, "geometry": { "type": "Polygon", "coordinates": [ [ [ 6.490613483248691, 43.874601741716845 ], [ 6.521683794567045, 43.873603093130882 ], [ 6.520297725454856, 43.851127520326976 ], [ 6.489239610829307, 43.852125762375401 ], [ 6.490613483248691, 43.874601741716845 ] ] ] } },
{ "type": "Feature", "properties": { "id": 238, "left": 980493.4, "top": 6312100.1, "right": 982993.4, "bottom": 6309600.1, "grid_row": 21, "grid_col": 8, "id_2": 210, "name_fr": "Castellane06", "name_nl": "Castellane06", "population": 21.0, "centroid_lat": 43.863859288999997, "centroid_lon": 6.474393943 }, "geometry": { "type": "Polygon", "coordinates": [ [ [ 6.489239610829307, 43.852125762375401 ], [ 6.520297725454856, 43.851127520326976 ], [ 6.518912746253267, 43.828652241039357 ], [ 6.487866818767606, 43.829650076723581 ], [ 6.489239610829307, 43.852125762375401 ] ] ] } },
{ "type": "Feature", "properties": { "id": 184, "left": 975493.4, "top": 6312100.1, "right": 977993.4, "bottom": 6309600.1, "grid_row": 21, "grid_col": 6, "id_2": 211, "name_fr": "Castellane07", "name_nl": "Castellane07", "population": 32.0, "centroid_lat": 43.841383254999997, "centroid_lon": 6.473026707 }, "geometry": { "type": "Polygon", "coordinates": [ [ [ 6.427120150061082, 43.854095726265371 ], [ 6.45818041584641, 43.85311516451344 ], [ 6.45681981219759, 43.830639076088595 ], [ 6.425771736086936, 43.831619238659101 ], [ 6.427120150061082, 43.854095726265371 ] ] ] } },
{ "type": "Feature", "properties": { "id": 185, "left": 975493.4, "top": 6309600.1, "right": 977993.4, "bottom": 6307100.1, "grid_row": 22, "grid_col": 6, "id_2": 211, "name_fr": "Castellane07", "name_nl": "Castellane07", "population": 32.0, "centroid_lat": 43.841383254999997, "centroid_lon": 6.473026707 }, "geometry": { "type": "Polygon", "coordinates": [ [ [ 6.425771736086936, 43.831619238659101 ], [ 6.45681981219759, 43.830639076088595 ], [ 6.455460278089737, 43.808163284834727 ], [ 6.424424382108056, 43.809143048393942 ], [ 6.425771736086936, 43.831619238659101 ] ] ] } },
{ "type": "Feature", "properties": { "id": 211, "left": 977993.4, "top": 6312100.1, "right": 980493.4, "bottom": 6309600.1, "grid_row": 21, "grid_col": 7, "id_2": 211, "name_fr": "Castellane07", "name_nl": "Castellane07", "population": 32.0, "centroid_lat": 43.841383254999997, "centroid_lon": 6.473026707 }, "geometry": { "type": "Polygon", "coordinates": [ [ [ 6.45818041584641, 43.85311516451344 ], [ 6.489239610829307, 43.852125762375401 ], [ 6.487866818767606, 43.829650076723581 ], [ 6.45681981219759, 43.830639076088595 ], [ 6.45818041584641, 43.85311516451344 ] ] ] } },
{ "type": "Feature", "properties": { "id": 212, "left": 977993.4, "top": 6309600.1, "right": 980493.4, "bottom": 6307100.1, "grid_row": 22, "grid_col": 7, "id_2": 211, "name_fr": "Castellane07", "name_nl": "Castellane07", "population": 32.0, "centroid_lat": 43.841383254999997, "centroid_lon": 6.473026707 }, "geometry": { "type": "Polygon", "coordinates": [ [ [ 6.45681981219759, 43.830639076088595 ], [ 6.487866818767606, 43.829650076723581 ], [ 6.486495105790593, 43.807174688071051 ], [ 6.455460278089737, 43.808163284834727 ], [ 6.45681981219759, 43.830639076088595 ] ] ] } },
{ "type": "Feature", "properties": { "id": 238, "left": 980493.4, "top": 6312100.1, "right": 982993.4, "bottom": 6309600.1, "grid_row": 21, "grid_col": 8, "id_2": 211, "name_fr": "Castellane07", "name_nl": "Castellane07", "population": 32.0, "centroid_lat": 43.841383254999997, "centroid_lon": 6.473026707 }, "geometry": { "type": "Polygon", "coordinates": [ [ [ 6.489239610829307, 43.852125762375401 ], [ 6.520297725454856, 43.851127520326976 ], [ 6.518912746253267, 43.828652241039357 ], [ 6.487866818767606, 43.829650076723581 ], [ 6.489239610829307, 43.852125762375401 ] ] ] } },
{ "type": "Feature", "properties": { "id": 185, "left": 975493.4, "top": 6309600.1, "right": 977993.4, "bottom": 6307100.1, "grid_row": 22, "grid_col": 6, "id_2": 212, "name_fr": "Castellane08", "name_nl": "Castellane08", "population": 2.0, "centroid_lat": 43.818907516000003, "centroid_lon": 6.471660547 }, "geometry": { "type": "Polygon", "coordinates": [ [ [ 6.425771736086936, 43.831619238659101 ], [ 6.45681981219759, 43.830639076088595 ], [ 6.455460278089737, 43.808163284834727 ], [ 6.424424382108056, 43.809143048393942 ], [ 6.425771736086936, 43.831619238659101 ] ] ] } },
{ "type": "Feature", "properties": { "id": 212, "left": 977993.4, "top": 6309600.1, "right": 980493.4, "bottom": 6307100.1, "grid_row": 22, "grid_col": 7, "id_2": 212, "name_fr": "Castellane08", "name_nl": "Castellane08", "population": 2.0, "centroid_lat": 43.818907516000003, "centroid_lon": 6.471660547 }, "geometry": { "type": "Polygon", "coordinates": [ [ [ 6.45681981219759, 43.830639076088595 ], [ 6.487866818767606, 43.829650076723581 ], [ 6.486495105790593, 43.807174688071051 ], [ 6.455460278089737, 43.808163284834727 ], [ 6.45681981219759, 43.830639076088595 ] ] ] } },
{ "type": "Feature", "properties": { "id": 213, "left": 977993.4, "top": 6307100.1, "right": 980493.4, "bottom": 6304600.1, "grid_row": 23, "grid_col": 7, "id_2": 212, "name_fr": "Castellane08", "name_nl": "Castellane08", "population": 2.0, "centroid_lat": 43.818907516000003, "centroid_lon": 6.471660547 }, "geometry": { "type": "Polygon", "coordinates": [ [ [ 6.455460278089737, 43.808163284834727 ], [ 6.486495105790593, 43.807174688071051 ], [ 6.485124470627272, 43.784699599726054 ], [ 6.454101812263036, 43.785687794059911 ], [ 6.455460278089737, 43.808163284834727 ] ] ] } },
{ "type": "Feature", "properties": { "id": 190, "left": 977993.4, "top": 6364600.1, "right": 980493.4, "bottom": 6362100.1, "grid_row": 0, "grid_col": 7, "id_2": 217, "name_fr": "Allos01", "name_nl": "Allos01", "population": 0.0, "centroid_lat": 44.312434752000001, "centroid_lon": 6.533276992 }, "geometry": { "type": "Polygon", "coordinates": [ [ [ 6.487002408775819, 44.325175794190343 ], [ 6.51831978502084, 44.324177893911113 ], [ 6.516924035007116, 44.301696737992124 ], [ 6.485619050207615, 44.302694231860343 ], [ 6.487002408775819, 44.325175794190343 ] ] ] } },
{ "type": "Feature", "properties": { "id": 191, "left": 977993.4, "top": 6362100.1, "right": 980493.4, "bottom": 6359600.1, "grid_row": 1, "grid_col": 7, "id_2": 217, "name_fr": "Allos01", "name_nl": "Allos01", "population": 0.0, "centroid_lat": 44.312434752000001, "centroid_lon": 6.533276992 }, "geometry": { "type": "Polygon", "coordinates": [ [ [ 6.485619050207615, 44.302694231860343 ], [ 6.516924035007116, 44.301696737992124 ], [ 6.515529391236636, 44.27921580927174 ], [ 6.484236788100004, 44.280212896903613 ], [ 6.485619050207615, 44.302694231860343 ] ] ] } },
{ "type": "Feature", "properties": { "id": 217, "left": 980493.4, "top": 6364600.1, "right": 982993.4, "bottom": 6362100.1, "grid_row": 0, "grid_col": 8, "id_2": 217, "name_fr": "Allos01", "name_nl": "Allos01", "population": 0.0, "centroid_lat": 44.312434752000001, "centroid_lon": 6.533276992 }, "geometry": { "type": "Polygon", "coordinates": [ [ [ 6.51831978502084, 44.324177893911113 ], [ 6.549636053707093, 44.323171077953333 ], [ 6.54822791356372, 44.30069033206874 ], [ 6.516924035007116, 44.301696737992124 ], [ 6.51831978502084, 44.324177893911113 ] ] ] } },
{ "type": "Feature", "properties": { "id": 218, "left": 980493.4, "top": 6362100.1, "right": 982993.4, "bottom": 6359600.1, "grid_row": 1, "grid_col": 8, "id_2": 217, "name_fr": "Allos01", "name_nl": "Allos01", "population": 0.0, "centroid_lat": 44.312434752000001, "centroid_lon": 6.533276992 }, "geometry": { "type": "Polygon", "coordinates": [ [ [ 6.516924035007116, 44.301696737992124 ], [ 6.54822791356372, 44.30069033206874 ], [ 6.54682088944416, 44.27820981320653 ], [ 6.515529391236636, 44.27921580927174 ], [ 6.516924035007116, 44.301696737992124 ] ] ] } },
{ "type": "Feature", "properties": { "id": 191, "left": 977993.4, "top": 6362100.1, "right": 980493.4, "bottom": 6359600.1, "grid_row": 1, "grid_col": 7, "id_2": 218, "name_fr": "Allos02", "name_nl": "Allos02", "population": 0.0, "centroid_lat": 44.289953914000002, "centroid_lon": 6.531875602 }, "geometry": { "type": "Polygon", "coordinates": [ [ [ 6.485619050207615, 44.302694231860343 ], [ 6.516924035007116, 44.301696737992124 ], [ 6.515529391236636, 44.27921580927174 ], [ 6.484236788100004, 44.280212896903613 ], [ 6.485619050207615, 44.302694231860343 ] ] ] } },
{ "type": "Feature", "properties": { "id": 192, "left": 977993.4, "top": 6359600.1, "right": 980493.4, "bottom": 6357100.1, "grid_row": 2, "grid_col": 7, "id_2": 218, "name_fr": "Allos02", "name_nl": "Allos02", "population": 0.0, "centroid_lat": 44.289953914000002, "centroid_lon": 6.531875602 }, "geometry": { "type": "Polygon", "coordinates": [ [ [ 6.484236788100004, 44.280212896903613 ], [ 6.515529391236636, 44.27921580927174 ], [ 6.514135852395611, 44.256735111087913 ], [ 6.482855621150756, 44.257731792657978 ], [ 6.484236788100004, 44.280212896903613 ] ] ] } },
{ "type": "Feature", "properties": { "id": 218, "left": 980493.4, "top": 6362100.1, "right": 982993.4, "bottom": 6359600.1, "grid_row": 1, "grid_col": 8, "id_2": 218, "name_fr": "Allos02", "name_nl": "Allos02", "population": 0.0, "centroid_lat": 44.289953914000002, "centroid_lon": 6.531875602 }, "geometry": { "type": "Polygon", "coordinates": [ [ [ 6.516924035007116, 44.301696737992124 ], [ 6.54822791356372, 44.30069033206874 ], [ 6.54682088944416, 44.27820981320653 ], [ 6.515529391236636, 44.27921580927174 ], [ 6.516924035007116, 44.301696737992124 ] ] ] } },
{ "type": "Feature", "properties": { "id": 219, "left": 980493.4, "top": 6359600.1, "right": 982993.4, "bottom": 6357100.1, "grid_row": 2, "grid_col": 8, "id_2": 218, "name_fr": "Allos02", "name_nl": "Allos02", "population": 0.0, "centroid_lat": 44.289953914000002, "centroid_lon": 6.531875602 }, "geometry": { "type": "Polygon", "coordinates": [ [ [ 6.515529391236636, 44.27921580927174 ], [ 6.54682088944416, 44.27820981320653 ], [ 6.545414980023069, 44.255729524704812 ], [ 6.514135852395611, 44.256735111087913 ], [ 6.515529391236636, 44.27921580927174 ] ] ] } },
{ "type": "Feature", "properties": { "id": 219, "left": 980493.4, "top": 6359600.1, "right": 982993.4, "bottom": 6357100.1, "grid_row": 2, "grid_col": 8, "id_2": 219, "name_fr": "Allos03", "name_nl": "Allos03", "population": 0.0, "centroid_lat": 44.267473305000003, "centroid_lon": 6.530475323 }, "geometry": { "type": "Polygon", "coordinates": [ [ [ 6.515529391236636, 44.27921580927174 ], [ 6.54682088944416, 44.27820981320653 ], [ 6.545414980023069, 44.255729524704812 ], [ 6.514135852395611, 44.256735111087913 ], [ 6.515529391236636, 44.27921580927174 ] ] ] } },
{ "type": "Feature", "properties": { "id": 220, "left": 980493.4, "top": 6357100.1, "right": 982993.4, "bottom": 6354600.1, "grid_row": 3, "grid_col": 8, "id_2": 219, "name_fr": "Allos03", "name_nl": "Allos03", "population": 0.0, "centroid_lat": 44.267473305000003, "centroid_lon": 6.530475323 }, "geometry": { "type": "Polygon", "coordinates": [ [ [ 6.514135852395611, 44.256735111087913 ], [ 6.545414980023069, 44.255729524704812 ], [ 6.544010183977203, 44.233249469900279 ], [ 6.51274341717233, 44.23425464677721 ], [ 6.514135852395611, 44.256735111087913 ] ] ] } },
{ "type": "Feature", "properties": { "id": 246, "left": 982993.4, "top": 6359600.1, "right": 985493.4, "bottom": 6357100.1, "grid_row": 2, "grid_col": 9, "id_2": 219, "name_fr": "Allos03", "name_nl": "Allos03", "population": 0.0, "centroid_lat": 44.267473305000003, "centroid_lon": 6.530475323 }, "geometry": { "type": "Polygon", "coordinates": [ [ [ 6.54682088944416, 44.27820981320653 ], [ 6.578111272953564, 44.277194909195437 ], [ 6.576692994275652, 44.254715033995701 ], [ 6.545414980023069, 44.255729524704812 ], [ 6.54682088944416, 44.27820981320653 ] ] ] } },
{ "type": "Feature", "properties": { "id": 247, "left": 982993.4, "top": 6357100.1, "right": 985493.4, "bottom": 6354600.1, "grid_row": 3, "grid_col": 9, "id_2": 219, "name_fr": "Allos03", "name_nl": "Allos03", "population": 0.0, "centroid_lat": 44.267473305000003, "centroid_lon": 6.530475323 }, "geometry": { "type": "Polygon", "coordinates": [ [ [ 6.545414980023069, 44.255729524704812 ], [ 6.576692994275652, 44.254715033995701 ], [ 6.575275838728353, 44.232235392315687 ], [ 6.544010183977203, 44.233249469900279 ], [ 6.545414980023069, 44.255729524704812 ] ] ] } },
{ "type": "Feature", "properties": { "id": 193, "left": 977993.4, "top": 6357100.1, "right": 980493.4, "bottom": 6354600.1, "grid_row": 3, "grid_col": 7, "id_2": 220, "name_fr": "Allos04", "name_nl": "Allos04", "population": 0.0, "centroid_lat": 44.244992929, "centroid_lon": 6.529076153 }, "geometry": { "type": "Polygon", "coordinates": [ [ [ 6.482855621150756, 44.257731792657978 ], [ 6.514135852395611, 44.256735111087913 ], [ 6.51274341717233, 44.23425464677721 ], [ 6.481475548059695, 44.235250922459855 ], [ 6.482855621150756, 44.257731792657978 ] ] ] } },
{ "type": "Feature", "properties": { "id": 194, "left": 977993.4, "top": 6354600.1, "right": 980493.4, "bottom": 6352100.1, "grid_row": 4, "grid_col": 7, "id_2": 220, "name_fr": "Allos04", "name_nl": "Allos04", "population": 0.0, "centroid_lat": 44.244992929, "centroid_lon": 6.529076153 }, "geometry": { "type": "Polygon", "coordinates": [ [ [ 6.481475548059695, 44.235250922459855 ], [ 6.51274341717233, 44.23425464677721 ], [ 6.511352084257156, 44.211774419674775 ], [ 6.480096567528708, 44.212770289644226 ], [ 6.481475548059695, 44.235250922459855 ] ] ] } },
{ "type": "Feature", "properties": { "id": 220, "left": 980493.4, "top": 6357100.1, "right": 982993.4, "bottom": 6354600.1, "grid_row": 3, "grid_col": 8, "id_2": 220, "name_fr": "Allos04", "name_nl": "Allos04", "population": 0.0, "centroid_lat": 44.244992929, "centroid_lon": 6.529076153 }, "geometry": { "type": "Polygon", "coordinates": [ [ [ 6.514135852395611, 44.256735111087913 ], [ 6.545414980023069, 44.255729524704812 ], [ 6.544010183977203, 44.233249469900279 ], [ 6.51274341717233, 44.23425464677721 ], [ 6.514135852395611, 44.256735111087913 ] ] ] } },
{ "type": "Feature", "properties": { "id": 221, "left": 980493.4, "top": 6354600.1, "right": 982993.4, "bottom": 6352100.1, "grid_row": 4, "grid_col": 8, "id_2": 220, "name_fr": "Allos04", "name_nl": "Allos04", "population": 0.0, "centroid_lat": 44.244992929, "centroid_lon": 6.529076153 }, "geometry": { "type": "Polygon", "coordinates": [ [ [ 6.51274341717233, 44.23425464677721 ], [ 6.544010183977203, 44.233249469900279 ], [ 6.542606499985408, 44.210769652128228 ], [ 6.511352084257156, 44.211774419674775 ], [ 6.51274341717233, 44.23425464677721 ] ] ] } },
{ "type": "Feature", "properties": { "id": 247, "left": 982993.4, "top": 6357100.1, "right": 985493.4, "bottom": 6354600.1, "grid_row": 3, "grid_col": 9, "id_2": 220, "name_fr": "Allos04", "name_nl": "Allos04", "population": 0.0, "centroid_lat": 44.244992929, "centroid_lon": 6.529076153 }, "geometry": { "type": "Polygon", "coordinates": [ [ [ 6.545414980023069, 44.255729524704812 ], [ 6.576692994275652, 44.254715033995701 ], [ 6.575275838728353, 44.232235392315687 ], [ 6.544010183977203, 44.233249469900279 ], [ 6.545414980023069, 44.255729524704812 ] ] ] } },
{ "type": "Feature", "properties": { "id": 194, "left": 977993.4, "top": 6354600.1, "right": 980493.4, "bottom": 6352100.1, "grid_row": 4, "grid_col": 7, "id_2": 221, "name_fr": "Villars-Colmars01", "name_nl": "Villars-Colmars01", "population": 0.0, "centroid_lat": 44.222512787, "centroid_lon": 6.527678091 }, "geometry": { "type": "Polygon", "coordinates": [ [ [ 6.481475548059695, 44.235250922459855 ], [ 6.51274341717233, 44.23425464677721 ], [ 6.511352084257156, 44.211774419674775 ], [ 6.480096567528708, 44.212770289644226 ], [ 6.481475548059695, 44.235250922459855 ] ] ] } },
{ "type": "Feature", "properties": { "id": 221, "left": 980493.4, "top": 6354600.1, "right": 982993.4, "bottom": 6352100.1, "grid_row": 4, "grid_col": 8, "id_2": 221, "name_fr": "Villars-Colmars01", "name_nl": "Villars-Colmars01", "population": 0.0, "centroid_lat": 44.222512787, "centroid_lon": 6.527678091 }, "geometry": { "type": "Polygon", "coordinates": [ [ [ 6.51274341717233, 44.23425464677721 ], [ 6.544010183977203, 44.233249469900279 ], [ 6.542606499985408, 44.210769652128228 ], [ 6.511352084257156, 44.211774419674775 ], [ 6.51274341717233, 44.23425464677721 ] ] ] } },
{ "type": "Feature", "properties": { "id": 195, "left": 977993.4, "top": 6352100.1, "right": 980493.4, "bottom": 6349600.1, "grid_row": 5, "grid_col": 7, "id_2": 222, "name_fr": "Villars-Colmars02", "name_nl": "Villars-Colmars02", "population": 0.0, "centroid_lat": 44.200032885, "centroid_lon": 6.526281135 }, "geometry": { "type": "Polygon", "coordinates": [ [ [ 6.480096567528708, 44.212770289644226 ], [ 6.511352084257156, 44.211774419674775 ], [ 6.509961852342522, 44.189294433114355 ], [ 6.47871867826173, 44.19028989754473 ], [ 6.480096567528708, 44.212770289644226 ] ] ] } },
{ "type": "Feature", "properties": { "id": 196, "left": 977993.4, "top": 6349600.1, "right": 980493.4, "bottom": 6347100.1, "grid_row": 6, "grid_col": 7, "id_2": 222, "name_fr": "Villars-Colmars02", "name_nl": "Villars-Colmars02", "population": 0.0, "centroid_lat": 44.200032885, "centroid_lon": 6.526281135 }, "geometry": { "type": "Polygon", "coordinates": [ [ [ 6.47871867826173, 44.19028989754473 ], [ 6.509961852342522, 44.189294433114355 ], [ 6.508572720122928, 44.166814690428296 ], [ 6.477341878964745, 44.167809749493522 ], [ 6.47871867826173, 44.19028989754473 ] ] ] } },
{ "type": "Feature", "properties": { "id": 222, "left": 980493.4, "top": 6352100.1, "right": 982993.4, "bottom": 6349600.1, "grid_row": 5, "grid_col": 8, "id_2": 222, "name_fr": "Villars-Colmars02", "name_nl": "Villars-Colmars02", "population": 0.0, "centroid_lat": 44.200032885, "centroid_lon": 6.526281135 }, "geometry": { "type": "Polygon", "coordinates": [ [ [ 6.511352084257156, 44.211774419674775 ], [ 6.542606499985408, 44.210769652128228 ], [ 6.541203926728618, 44.188290074722566 ], [ 6.509961852342522, 44.189294433114355 ], [ 6.511352084257156, 44.211774419674775 ] ] ] } },
{ "type": "Feature", "properties": { "id": 223, "left": 980493.4, "top": 6349600.1, "right": 982993.4, "bottom": 6347100.1, "grid_row": 6, "grid_col": 8, "id_2": 222, "name_fr": "Villars-Colmars02", "name_nl": "Villars-Colmars02", "population": 0.0, "centroid_lat": 44.200032885, "centroid_lon": 6.526281135 }, "geometry": { "type": "Polygon", "coordinates": [ [ [ 6.509961852342522, 44.189294433114355 ], [ 6.541203926728618, 44.188290074722566 ], [ 6.539802462889853, 44.165810741015747 ], [ 6.508572720122928, 44.166814690428296 ], [ 6.509961852342522, 44.189294433114355 ] ] ] } },
{ "type": "Feature", "properties": { "id": 196, "left": 977993.4, "top": 6349600.1, "right": 980493.4, "bottom": 6347100.1, "grid_row": 6, "grid_col": 7, "id_2": 223, "name_fr": "Thorame-Basse14", "name_nl": "Thorame-Basse14", "population": 0.0, "centroid_lat": 44.177553224, "centroid_lon": 6.524885285 }, "geometry": { "type": "Polygon", "coordinates": [ [ [ 6.47871867826173, 44.19028989754473 ], [ 6.509961852342522, 44.189294433114355 ], [ 6.508572720122928, 44.166814690428296 ], [ 6.477341878964745, 44.167809749493522 ], [ 6.47871867826173, 44.19028989754473 ] ] ] } },
{ "type": "Feature", "properties": { "id": 223, "left": 980493.4, "top": 6349600.1, "right": 982993.4, "bottom": 6347100.1, "grid_row": 6, "grid_col": 8, "id_2": 223, "name_fr": "Thorame-Basse14", "name_nl": "Thorame-Basse14", "population": 0.0, "centroid_lat": 44.177553224, "centroid_lon": 6.524885285 }, "geometry": { "type": "Polygon", "coordinates": [ [ [ 6.509961852342522, 44.189294433114355 ], [ 6.541203926728618, 44.188290074722566 ], [ 6.539802462889853, 44.165810741015747 ], [ 6.508572720122928, 44.166814690428296 ], [ 6.509961852342522, 44.189294433114355 ] ] ] } },
{ "type": "Feature", "properties": { "id": 224, "left": 980493.4, "top": 6347100.1, "right": 982993.4, "bottom": 6344600.1, "grid_row": 7, "grid_col": 8, "id_2": 223, "name_fr": "Thorame-Basse14", "name_nl": "Thorame-Basse14", "population": 0.0, "centroid_lat": 44.177553224, "centroid_lon": 6.524885285 }, "geometry": { "type": "Polygon", "coordinates": [ [ [ 6.508572720122928, 44.166814690428296 ], [ 6.539802462889853, 44.165810741015747 ], [ 6.53840210715421, 44.14333165433888 ], [ 6.507184686294934, 44.144335194947494 ], [ 6.508572720122928, 44.166814690428296 ] ] ] } },
{ "type": "Feature", "properties": { "id": 224, "left": 980493.4, "top": 6347100.1, "right": 982993.4, "bottom": 6344600.1, "grid_row": 7, "grid_col": 8, "id_2": 224, "name_fr": "Thorame-Basse15", "name_nl": "Thorame-Basse15", "population": 0.0, "centroid_lat": 44.15507381, "centroid_lon": 6.523490539 }, "geometry": { "type": "Polygon", "coordinates": [ [ [ 6.508572720122928, 44.166814690428296 ], [ 6.539802462889853, 44.165810741015747 ], [ 6.53840210715421, 44.14333165433888 ], [ 6.507184686294934, 44.144335194947494 ], [ 6.508572720122928, 44.166814690428296 ] ] ] } },
{ "type": "Feature", "properties": { "id": 225, "left": 980493.4, "top": 6344600.1, "right": 982993.4, "bottom": 6342100.1, "grid_row": 8, "grid_col": 8, "id_2": 224, "name_fr": "Thorame-Basse15", "name_nl": "Thorame-Basse15", "population": 0.0, "centroid_lat": 44.15507381, "centroid_lon": 6.523490539 }, "geometry": { "type": "Polygon", "coordinates": [ [ [ 6.507184686294934, 44.144335194947494 ], [ 6.53840210715421, 44.14333165433888 ], [ 6.537002858208866, 44.120852818021582 ], [ 6.505797749557161, 44.121855950001482 ], [ 6.507184686294934, 44.144335194947494 ] ] ] } },
{ "type": "Feature", "properties": { "id": 225, "left": 980493.4, "top": 6344600.1, "right": 982993.4, "bottom": 6342100.1, "grid_row": 8, "grid_col": 8, "id_2": 225, "name_fr": "Thorame-Basse16", "name_nl": "Thorame-Basse16", "population": 14.0, "centroid_lat": 44.132594642999997, "centroid_lon": 6.522096895 }, "geometry": { "type": "Polygon", "coordinates": [ [ [ 6.507184686294934, 44.144335194947494 ], [ 6.53840210715421, 44.14333165433888 ], [ 6.537002858208866, 44.120852818021582 ], [ 6.505797749557161, 44.121855950001482 ], [ 6.507184686294934, 44.144335194947494 ] ] ] } },
{ "type": "Feature", "properties": { "id": 226, "left": 980493.4, "top": 6342100.1, "right": 982993.4, "bottom": 6339600.1, "grid_row": 9, "grid_col": 8, "id_2": 225, "name_fr": "Thorame-Basse16", "name_nl": "Thorame-Basse16", "population": 14.0, "centroid_lat": 44.132594642999997, "centroid_lon": 6.522096895 }, "geometry": { "type": "Polygon", "coordinates": [ [ [ 6.505797749557161, 44.121855950001482 ], [ 6.537002858208866, 44.120852818021582 ], [ 6.535604714743063, 44.098374235392143 ], [ 6.504411908610277, 44.099376958918391 ], [ 6.505797749557161, 44.121855950001482 ] ] ] } },
{ "type": "Feature", "properties": { "id": 226, "left": 980493.4, "top": 6342100.1, "right": 982993.4, "bottom": 6339600.1, "grid_row": 9, "grid_col": 8, "id_2": 226, "name_fr": "Thorame-Basse17", "name_nl": "Thorame-Basse17", "population": 2.0, "centroid_lat": 44.110115729, "centroid_lon": 6.520704352 }, "geometry": { "type": "Polygon", "coordinates": [ [ [ 6.505797749557161, 44.121855950001482 ], [ 6.537002858208866, 44.120852818021582 ], [ 6.535604714743063, 44.098374235392143 ], [ 6.504411908610277, 44.099376958918391 ], [ 6.505797749557161, 44.121855950001482 ] ] ] } },
{ "type": "Feature", "properties": { "id": 227, "left": 980493.4, "top": 6339600.1, "right": 982993.4, "bottom": 6337100.1, "grid_row": 10, "grid_col": 8, "id_2": 226, "name_fr": "Thorame-Basse17", "name_nl": "Thorame-Basse17", "population": 2.0, "centroid_lat": 44.110115729, "centroid_lon": 6.520704352 }, "geometry": { "type": "Polygon", "coordinates": [ [ [ 6.504411908610277, 44.099376958918391 ], [ 6.535604714743063, 44.098374235392143 ], [ 6.534207675448119, 44.075895909777344 ], [ 6.503027162157007, 44.076898225024856 ], [ 6.504411908610277, 44.099376958918391 ] ] ] } },
{ "type": "Feature", "properties": { "id": 253, "left": 982993.4, "top": 6342100.1, "right": 985493.4, "bottom": 6339600.1, "grid_row": 9, "grid_col": 9, "id_2": 226, "name_fr": "Thorame-Basse17", "name_nl": "Thorame-Basse17", "population": 2.0, "centroid_lat": 44.110115729, "centroid_lon": 6.520704352 }, "geometry": { "type": "Polygon", "coordinates": [ [ [ 6.537002858208866, 44.120852818021582 ], [ 6.568206861381373, 44.119840803402674 ], [ 6.566796416705339, 44.097362632836003 ], [ 6.535604714743063, 44.098374235392143 ], [ 6.537002858208866, 44.120852818021582 ] ] ] } },
{ "type": "Feature", "properties": { "id": 254, "left": 982993.4, "top": 6339600.1, "right": 985493.4, "bottom": 6337100.1, "grid_row": 10, "grid_col": 9, "id_2": 226, "name_fr": "Thorame-Basse17", "name_nl": "Thorame-Basse17", "population": 2.0, "centroid_lat": 44.110115729, "centroid_lon": 6.520704352 }, "geometry": { "type": "Polygon", "coordinates": [ [ [ 6.535604714743063, 44.098374235392143 ], [ 6.566796416705339, 44.097362632836003 ], [ 6.56538708587534, 44.074884719107551 ], [ 6.534207675448119, 44.075895909777344 ], [ 6.535604714743063, 44.098374235392143 ] ] ] } },
{ "type": "Feature", "properties": { "id": 200, "left": 977993.4, "top": 6339600.1, "right": 980493.4, "bottom": 6337100.1, "grid_row": 10, "grid_col": 7, "id_2": 227, "name_fr": "Thorame-Basse18", "name_nl": "Thorame-Basse18", "population": 33.0, "centroid_lat": 44.087637071000003, "centroid_lon": 6.519312909 }, "geometry": { "type": "Polygon", "coordinates": [ [ [ 6.473218007984218, 44.100370802930485 ], [ 6.504411908610277, 44.099376958918391 ], [ 6.503027162157007, 44.076898225024856 ], [ 6.471845555667857, 44.077891664366184 ], [ 6.473218007984218, 44.100370802930485 ] ] ] } },
{ "type": "Feature", "properties": { "id": 227, "left": 980493.4, "top": 6339600.1, "right": 982993.4, "bottom": 6337100.1, "grid_row": 10, "grid_col": 8, "id_2": 227, "name_fr": "Thorame-Basse18", "name_nl": "Thorame-Basse18", "population": 33.0, "centroid_lat": 44.087637071000003, "centroid_lon": 6.519312909 }, "geometry": { "type": "Polygon", "coordinates": [ [ [ 6.504411908610277, 44.099376958918391 ], [ 6.535604714743063, 44.098374235392143 ], [ 6.534207675448119, 44.075895909777344 ], [ 6.503027162157007, 44.076898225024856 ], [ 6.504411908610277, 44.099376958918391 ] ] ] } },
{ "type": "Feature", "properties": { "id": 228, "left": 980493.4, "top": 6337100.1, "right": 982993.4, "bottom": 6334600.1, "grid_row": 11, "grid_col": 8, "id_2": 227, "name_fr": "Thorame-Basse18", "name_nl": "Thorame-Basse18", "population": 33.0, "centroid_lat": 44.087637071000003, "centroid_lon": 6.519312909 }, "geometry": { "type": "Polygon", "coordinates": [ [ [ 6.503027162157007, 44.076898225024856 ], [ 6.534207675448119, 44.075895909777344 ], [ 6.532811739017406, 44.053417844502661 ], [ 6.501643508902118, 44.054419751646165 ], [ 6.503027162157007, 44.076898225024856 ] ] ] } },
{ "type": "Feature", "properties": { "id": 254, "left": 982993.4, "top": 6339600.1, "right": 985493.4, "bottom": 6337100.1, "grid_row": 10, "grid_col": 9, "id_2": 227, "name_fr": "Thorame-Basse18", "name_nl": "Thorame-Basse18", "population": 33.0, "centroid_lat": 44.087637071000003, "centroid_lon": 6.519312909 }, "geometry": { "type": "Polygon", "coordinates": [ [ [ 6.535604714743063, 44.098374235392143 ], [ 6.566796416705339, 44.097362632836003 ], [ 6.56538708587534, 44.074884719107551 ], [ 6.534207675448119, 44.075895909777344 ], [ 6.535604714743063, 44.098374235392143 ] ] ] } },
{ "type": "Feature", "properties": { "id": 200, "left": 977993.4, "top": 6339600.1, "right": 980493.4, "bottom": 6337100.1, "grid_row": 10, "grid_col": 7, "id_2": 228, "name_fr": "Thorame-Basse19", "name_nl": "Thorame-Basse19", "population": 0.0, "centroid_lat": 44.065158671, "centroid_lon": 6.517922565 }, "geometry": { "type": "Polygon", "coordinates": [ [ [ 6.473218007984218, 44.100370802930485 ], [ 6.504411908610277, 44.099376958918391 ], [ 6.503027162157007, 44.076898225024856 ], [ 6.471845555667857, 44.077891664366184 ], [ 6.473218007984218, 44.100370802930485 ] ] ] } },
{ "type": "Feature", "properties": { "id": 201, "left": 977993.4, "top": 6337100.1, "right": 980493.4, "bottom": 6334600.1, "grid_row": 11, "grid_col": 7, "id_2": 228, "name_fr": "Thorame-Basse19", "name_nl": "Thorame-Basse19", "population": 0.0, "centroid_lat": 44.065158671, "centroid_lon": 6.517922565 }, "geometry": { "type": "Polygon", "coordinates": [ [ [ 6.471845555667857, 44.077891664366184 ], [ 6.503027162157007, 44.076898225024856 ], [ 6.501643508902118, 44.054419751646165 ], [ 6.470474186881981, 44.055412786489974 ], [ 6.471845555667857, 44.077891664366184 ] ] ] } },
{ "type": "Feature", "properties": { "id": 202, "left": 977993.4, "top": 6334600.1, "right": 980493.4, "bottom": 6332100.1, "grid_row": 12, "grid_col": 7, "id_2": 228, "name_fr": "Thorame-Basse19", "name_nl": "Thorame-Basse19", "population": 0.0, "centroid_lat": 44.065158671, "centroid_lon": 6.517922565 }, "geometry": { "type": "Polygon", "coordinates": [ [ [ 6.470474186881981, 44.055412786489974 ], [ 6.501643508902118, 44.054419751646165 ], [ 6.500260947552419, 44.031941542106175 ], [ 6.46910390034478, 44.032934172625545 ], [ 6.470474186881981, 44.055412786489974 ] ] ] } },
{ "type": "Feature", "properties": { "id": 227, "left": 980493.4, "top": 6339600.1, "right": 982993.4, "bottom": 6337100.1, "grid_row": 10, "grid_col": 8, "id_2": 228, "name_fr": "Thorame-Basse19", "name_nl": "Thorame-Basse19", "population": 0.0, "centroid_lat": 44.065158671, "centroid_lon": 6.517922565 }, "geometry": { "type": "Polygon", "coordinates": [ [ [ 6.504411908610277, 44.099376958918391 ], [ 6.535604714743063, 44.098374235392143 ], [ 6.534207675448119, 44.075895909777344 ], [ 6.503027162157007, 44.076898225024856 ], [ 6.504411908610277, 44.099376958918391 ] ] ] } },
{ "type": "Feature", "properties": { "id": 228, "left": 980493.4, "top": 6337100.1, "right": 982993.4, "bottom": 6334600.1, "grid_row": 11, "grid_col": 8, "id_2": 228, "name_fr": "Thorame-Basse19", "name_nl": "Thorame-Basse19", "population": 0.0, "centroid_lat": 44.065158671, "centroid_lon": 6.517922565 }, "geometry": { "type": "Polygon", "coordinates": [ [ [ 6.503027162157007, 44.076898225024856 ], [ 6.534207675448119, 44.075895909777344 ], [ 6.532811739017406, 44.053417844502661 ], [ 6.501643508902118, 44.054419751646165 ], [ 6.503027162157007, 44.076898225024856 ] ] ] } },
{ "type": "Feature", "properties": { "id": 229, "left": 980493.4, "top": 6334600.1, "right": 982993.4, "bottom": 6332100.1, "grid_row": 12, "grid_col": 8, "id_2": 228, "name_fr": "Thorame-Basse19", "name_nl": "Thorame-Basse19", "population": 0.0, "centroid_lat": 44.065158671, "centroid_lon": 6.517922565 }, "geometry": { "type": "Polygon", "coordinates": [ [ [ 6.501643508902118, 44.054419751646165 ], [ 6.532811739017406, 44.053417844502661 ], [ 6.531416904146362, 44.030940042892034 ], [ 6.500260947552419, 44.031941542106175 ], [ 6.501643508902118, 44.054419751646165 ] ] ] } },
{ "type": "Feature", "properties": { "id": 229, "left": 980493.4, "top": 6334600.1, "right": 982993.4, "bottom": 6332100.1, "grid_row": 12, "grid_col": 8, "id_2": 229, "name_fr": "La Mure-Argens01", "name_nl": "La Mure-Argens01", "population": 14.0, "centroid_lat": 44.042680533000002, "centroid_lon": 6.516533319 }, "geometry": { "type": "Polygon", "coordinates": [ [ [ 6.501643508902118, 44.054419751646165 ], [ 6.532811739017406, 44.053417844502661 ], [ 6.531416904146362, 44.030940042892034 ], [ 6.500260947552419, 44.031941542106175 ], [ 6.501643508902118, 44.054419751646165 ] ] ] } },
{ "type": "Feature", "properties": { "id": 230, "left": 980493.4, "top": 6332100.1, "right": 982993.4, "bottom": 6329600.1, "grid_row": 13, "grid_col": 8, "id_2": 229, "name_fr": "La Mure-Argens01", "name_nl": "La Mure-Argens01", "population": 14.0, "centroid_lat": 44.042680533000002, "centroid_lon": 6.516533319 }, "geometry": { "type": "Polygon", "coordinates": [ [ [ 6.500260947552419, 44.031941542106175 ], [ 6.531416904146362, 44.030940042892034 ], [ 6.53002316953248, 44.008462508268096 ], [ 6.498879476816757, 44.009463599727354 ], [ 6.500260947552419, 44.031941542106175 ] ] ] } },
{ "type": "Feature", "properties": { "id": 229, "left": 980493.4, "top": 6334600.1, "right": 982993.4, "bottom": 6332100.1, "grid_row": 12, "grid_col": 8, "id_2": 230, "name_fr": "La Mure-Argens02", "name_nl": "La Mure-Argens02", "population": 0.0, "centroid_lat": 44.020202661, "centroid_lon": 6.515145168 }, "geometry": { "type": "Polygon", "coordinates": [ [ [ 6.501643508902118, 44.054419751646165 ], [ 6.532811739017406, 44.053417844502661 ], [ 6.531416904146362, 44.030940042892034 ], [ 6.500260947552419, 44.031941542106175 ], [ 6.501643508902118, 44.054419751646165 ] ] ] } },
{ "type": "Feature", "properties": { "id": 230, "left": 980493.4, "top": 6332100.1, "right": 982993.4, "bottom": 6329600.1, "grid_row": 13, "grid_col": 8, "id_2": 230, "name_fr": "La Mure-Argens02", "name_nl": "La Mure-Argens02", "population": 0.0, "centroid_lat": 44.020202661, "centroid_lon": 6.515145168 }, "geometry": { "type": "Polygon", "coordinates": [ [ [ 6.500260947552419, 44.031941542106175 ], [ 6.531416904146362, 44.030940042892034 ], [ 6.53002316953248, 44.008462508268096 ], [ 6.498879476816757, 44.009463599727354 ], [ 6.500260947552419, 44.031941542106175 ] ] ] } },
{ "type": "Feature", "properties": { "id": 231, "left": 980493.4, "top": 6329600.1, "right": 982993.4, "bottom": 6327100.1, "grid_row": 14, "grid_col": 8, "id_2": 230, "name_fr": "La Mure-Argens02", "name_nl": "La Mure-Argens02", "population": 0.0, "centroid_lat": 44.020202661, "centroid_lon": 6.515145168 }, "geometry": { "type": "Polygon", "coordinates": [ [ [ 6.498879476816757, 44.009463599727354 ], [ 6.53002316953248, 44.008462508268096 ], [ 6.5286305338753, 43.985985243952001 ], [ 6.497499095406011, 43.986985927830723 ], [ 6.498879476816757, 44.009463599727354 ] ] ] } },
{ "type": "Feature", "properties": { "id": 204, "left": 977993.4, "top": 6329600.1, "right": 980493.4, "bottom": 6327100.1, "grid_row": 14, "grid_col": 7, "id_2": 231, "name_fr": "Saint-André-les-Alpes04", "name_nl": "Saint-André-les-Alpes04", "population": 0.0, "centroid_lat": 43.997725056999997, "centroid_lon": 6.513758113 }, "geometry": { "type": "Polygon", "coordinates": [ [ [ 6.467734694776456, 44.010455826095239 ], [ 6.498879476816757, 44.009463599727354 ], [ 6.497499095406011, 43.986985927830723 ], [ 6.466366568899234, 43.987977750219912 ], [ 6.467734694776456, 44.010455826095239 ] ] ] } },
{ "type": "Feature", "properties": { "id": 205, "left": 977993.4, "top": 6327100.1, "right": 980493.4, "bottom": 6324600.1, "grid_row": 15, "grid_col": 7, "id_2": 231, "name_fr": "Saint-André-les-Alpes04", "name_nl": "Saint-André-les-Alpes04", "population": 0.0, "centroid_lat": 43.997725056999997, "centroid_lon": 6.513758113 }, "geometry": { "type": "Polygon", "coordinates": [ [ [ 6.466366568899234, 43.987977750219912 ], [ 6.497499095406011, 43.986985927830723 ], [ 6.496119802033093, 43.964508529735866 ], [ 6.464999521437347, 43.965499948319035 ], [ 6.466366568899234, 43.987977750219912 ] ] ] } },
{ "type": "Feature", "properties": { "id": 231, "left": 980493.4, "top": 6329600.1, "right": 982993.4, "bottom": 6327100.1, "grid_row": 14, "grid_col": 8, "id_2": 231, "name_fr": "Saint-André-les-Alpes04", "name_nl": "Saint-André-les-Alpes04", "population": 0.0, "centroid_lat": 43.997725056999997, "centroid_lon": 6.513758113 }, "geometry": { "type": "Polygon", "coordinates": [ [ [ 6.498879476816757, 44.009463599727354 ], [ 6.53002316953248, 44.008462508268096 ], [ 6.5286305338753, 43.985985243952001 ], [ 6.497499095406011, 43.986985927830723 ], [ 6.498879476816757, 44.009463599727354 ] ] ] } },
{ "type": "Feature", "properties": { "id": 232, "left": 980493.4, "top": 6327100.1, "right": 982993.4, "bottom": 6324600.1, "grid_row": 15, "grid_col": 8, "id_2": 231, "name_fr": "Saint-André-les-Alpes04", "name_nl": "Saint-André-les-Alpes04", "population": 0.0, "centroid_lat": 43.997725056999997, "centroid_lon": 6.513758113 }, "geometry": { "type": "Polygon", "coordinates": [ [ [ 6.497499095406011, 43.986985927830723 ], [ 6.5286305338753, 43.985985243952001 ], [ 6.527238995876416, 43.963508253263505 ], [ 6.496119802033093, 43.964508529735866 ], [ 6.497499095406011, 43.986985927830723 ] ] ] } },
{ "type": "Feature", "properties": { "id": 205, "left": 977993.4, "top": 6327100.1, "right": 980493.4, "bottom": 6324600.1, "grid_row": 15, "grid_col": 7, "id_2": 232, "name_fr": "Saint-André-les-Alpes05", "name_nl": "Saint-André-les-Alpes05", "population": 877.0, "centroid_lat": 43.975247726, "centroid_lon": 6.512372151 }, "geometry": { "type": "Polygon", "coordinates": [ [ [ 6.466366568899234, 43.987977750219912 ], [ 6.497499095406011, 43.986985927830723 ], [ 6.496119802033093, 43.964508529735866 ], [ 6.464999521437347, 43.965499948319035 ], [ 6.466366568899234, 43.987977750219912 ] ] ] } },
{ "type": "Feature", "properties": { "id": 206, "left": 977993.4, "top": 6324600.1, "right": 980493.4, "bottom": 6322100.1, "grid_row": 16, "grid_col": 7, "id_2": 232, "name_fr": "Saint-André-les-Alpes05", "name_nl": "Saint-André-les-Alpes05", "population": 877.0, "centroid_lat": 43.975247726, "centroid_lon": 6.512372151 }, "geometry": { "type": "Polygon", "coordinates": [ [ [ 6.464999521437347, 43.965499948319035 ], [ 6.496119802033093, 43.964508529735866 ], [ 6.494741595412937, 43.942031408760997 ], [ 6.463633551117033, 43.943022423710651 ], [ 6.464999521437347, 43.965499948319035 ] ] ] } },
{ "type": "Feature", "properties": { "id": 232, "left": 980493.4, "top": 6327100.1, "right": 982993.4, "bottom": 6324600.1, "grid_row": 15, "grid_col": 8, "id_2": 232, "name_fr": "Saint-André-les-Alpes05", "name_nl": "Saint-André-les-Alpes05", "population": 877.0, "centroid_lat": 43.975247726, "centroid_lon": 6.512372151 }, "geometry": { "type": "Polygon", "coordinates": [ [ [ 6.497499095406011, 43.986985927830723 ], [ 6.5286305338753, 43.985985243952001 ], [ 6.527238995876416, 43.963508253263505 ], [ 6.496119802033093, 43.964508529735866 ], [ 6.497499095406011, 43.986985927830723 ] ] ] } },
{ "type": "Feature", "properties": { "id": 233, "left": 980493.4, "top": 6324600.1, "right": 982993.4, "bottom": 6322100.1, "grid_row": 16, "grid_col": 8, "id_2": 232, "name_fr": "Saint-André-les-Alpes05", "name_nl": "Saint-André-les-Alpes05", "population": 877.0, "centroid_lat": 43.975247726, "centroid_lon": 6.512372151 }, "geometry": { "type": "Polygon", "coordinates": [ [ [ 6.496119802033093, 43.964508529735866 ], [ 6.527238995876416, 43.963508253263505 ], [ 6.525848554239458, 43.941031539520949 ], [ 6.494741595412937, 43.942031408760997 ], [ 6.496119802033093, 43.964508529735866 ] ] ] } },
{ "type": "Feature", "properties": { "id": 259, "left": 982993.4, "top": 6327100.1, "right": 985493.4, "bottom": 6324600.1, "grid_row": 15, "grid_col": 9, "id_2": 232, "name_fr": "Saint-André-les-Alpes05", "name_nl": "Saint-André-les-Alpes05", "population": 877.0, "centroid_lat": 43.975247726, "centroid_lon": 6.512372151 }, "geometry": { "type": "Polygon", "coordinates": [ [ [ 6.5286305338753, 43.985985243952001 ], [ 6.559760874686637, 43.984975699066005 ], [ 6.558357093358151, 43.962499119383814 ], [ 6.527238995876416, 43.963508253263505 ], [ 6.5286305338753, 43.985985243952001 ] ] ] } },
{ "type": "Feature", "properties": { "id": 260, "left": 982993.4, "top": 6324600.1, "right": 985493.4, "bottom": 6322100.1, "grid_row": 16, "grid_col": 9, "id_2": 232, "name_fr": "Saint-André-les-Alpes05", "name_nl": "Saint-André-les-Alpes05", "population": 877.0, "centroid_lat": 43.975247726, "centroid_lon": 6.512372151 }, "geometry": { "type": "Polygon", "coordinates": [ [ [ 6.527238995876416, 43.963508253263505 ], [ 6.558357093358151, 43.962499119383814 ], [ 6.556954417998718, 43.940022816471966 ], [ 6.525848554239458, 43.941031539520949 ], [ 6.527238995876416, 43.963508253263505 ] ] ] } },
{ "type": "Feature", "properties": { "id": 206, "left": 977993.4, "top": 6324600.1, "right": 980493.4, "bottom": 6322100.1, "grid_row": 16, "grid_col": 7, "id_2": 233, "name_fr": "Saint-André-les-Alpes06", "name_nl": "Saint-André-les-Alpes06", "population": 223.0, "centroid_lat": 43.952770669000003, "centroid_lon": 6.510987281 }, "geometry": { "type": "Polygon", "coordinates": [ [ [ 6.464999521437347, 43.965499948319035 ], [ 6.496119802033093, 43.964508529735866 ], [ 6.494741595412937, 43.942031408760997 ], [ 6.463633551117033, 43.943022423710651 ], [ 6.464999521437347, 43.965499948319035 ] ] ] } },
{ "type": "Feature", "properties": { "id": 207, "left": 977993.4, "top": 6322100.1, "right": 980493.4, "bottom": 6319600.1, "grid_row": 17, "grid_col": 7, "id_2": 233, "name_fr": "Saint-André-les-Alpes06", "name_nl": "Saint-André-les-Alpes06", "population": 223.0, "centroid_lat": 43.952770669000003, "centroid_lon": 6.510987281 }, "geometry": { "type": "Polygon", "coordinates": [ [ [ 6.463633551117033, 43.943022423710651 ], [ 6.494741595412937, 43.942031408760997 ], [ 6.493364474262499, 43.919554568222878 ], [ 6.462268656666541, 43.920545179711397 ], [ 6.463633551117033, 43.943022423710651 ] ] ] } },
{ "type": "Feature", "properties": { "id": 233, "left": 980493.4, "top": 6324600.1, "right": 982993.4, "bottom": 6322100.1, "grid_row": 16, "grid_col": 8, "id_2": 233, "name_fr": "Saint-André-les-Alpes06", "name_nl": "Saint-André-les-Alpes06", "population": 223.0, "centroid_lat": 43.952770669000003, "centroid_lon": 6.510987281 }, "geometry": { "type": "Polygon", "coordinates": [ [ [ 6.496119802033093, 43.964508529735866 ], [ 6.527238995876416, 43.963508253263505 ], [ 6.525848554239458, 43.941031539520949 ], [ 6.494741595412937, 43.942031408760997 ], [ 6.496119802033093, 43.964508529735866 ] ] ] } },
{ "type": "Feature", "properties": { "id": 234, "left": 980493.4, "top": 6322100.1, "right": 982993.4, "bottom": 6319600.1, "grid_row": 17, "grid_col": 8, "id_2": 233, "name_fr": "Saint-André-les-Alpes06", "name_nl": "Saint-André-les-Alpes06", "population": 223.0, "centroid_lat": 43.952770669000003, "centroid_lon": 6.510987281 }, "geometry": { "type": "Polygon", "coordinates": [ [ [ 6.494741595412937, 43.942031408760997 ], [ 6.525848554239458, 43.941031539520949 ], [ 6.5244592076701, 43.918555106041232 ], [ 6.493364474262499, 43.919554568222878 ], [ 6.494741595412937, 43.942031408760997 ] ] ] } },
{ "type": "Feature", "properties": { "id": 260, "left": 982993.4, "top": 6324600.1, "right": 985493.4, "bottom": 6322100.1, "grid_row": 16, "grid_col": 9, "id_2": 233, "name_fr": "Saint-André-les-Alpes06", "name_nl": "Saint-André-les-Alpes06", "population": 223.0, "centroid_lat": 43.952770669000003, "centroid_lon": 6.510987281 }, "geometry": { "type": "Polygon", "coordinates": [ [ [ 6.527238995876416, 43.963508253263505 ], [ 6.558357093358151, 43.962499119383814 ], [ 6.556954417998718, 43.940022816471966 ], [ 6.525848554239458, 43.941031539520949 ], [ 6.527238995876416, 43.963508253263505 ] ] ] } },
{ "type": "Feature", "properties": { "id": 207, "left": 977993.4, "top": 6322100.1, "right": 980493.4, "bottom": 6319600.1, "grid_row": 17, "grid_col": 7, "id_2": 234, "name_fr": "Saint-André-les-Alpes07", "name_nl": "Saint-André-les-Alpes07", "population": 3.0, "centroid_lat": 43.930293892000002, "centroid_lon": 6.509603502 }, "geometry": { "type": "Polygon", "coordinates": [ [ [ 6.463633551117033, 43.943022423710651 ], [ 6.494741595412937, 43.942031408760997 ], [ 6.493364474262499, 43.919554568222878 ], [ 6.462268656666541, 43.920545179711397 ], [ 6.463633551117033, 43.943022423710651 ] ] ] } },
{ "type": "Feature", "properties": { "id": 208, "left": 977993.4, "top": 6319600.1, "right": 980493.4, "bottom": 6317100.1, "grid_row": 18, "grid_col": 7, "id_2": 234, "name_fr": "Saint-André-les-Alpes07", "name_nl": "Saint-André-les-Alpes07", "population": 3.0, "centroid_lat": 43.930293892000002, "centroid_lon": 6.509603502 }, "geometry": { "type": "Polygon", "coordinates": [ [ [ 6.462268656666541, 43.920545179711397 ], [ 6.493364474262499, 43.919554568222878 ], [ 6.491988437300754, 43.897078011436854 ], [ 6.460904836816113, 43.8980682196365 ], [ 6.462268656666541, 43.920545179711397 ] ] ] } },
{ "type": "Feature", "properties": { "id": 234, "left": 980493.4, "top": 6322100.1, "right": 982993.4, "bottom": 6319600.1, "grid_row": 17, "grid_col": 8, "id_2": 234, "name_fr": "Saint-André-les-Alpes07", "name_nl": "Saint-André-les-Alpes07", "population": 3.0, "centroid_lat": 43.930293892000002, "centroid_lon": 6.509603502 }, "geometry": { "type": "Polygon", "coordinates": [ [ [ 6.494741595412937, 43.942031408760997 ], [ 6.525848554239458, 43.941031539520949 ], [ 6.5244592076701, 43.918555106041232 ], [ 6.493364474262499, 43.919554568222878 ], [ 6.494741595412937, 43.942031408760997 ] ] ] } },
{ "type": "Feature", "properties": { "id": 235, "left": 980493.4, "top": 6319600.1, "right": 982993.4, "bottom": 6317100.1, "grid_row": 18, "grid_col": 8, "id_2": 234, "name_fr": "Saint-André-les-Alpes07", "name_nl": "Saint-André-les-Alpes07", "population": 3.0, "centroid_lat": 43.930293892000002, "centroid_lon": 6.509603502 }, "geometry": { "type": "Polygon", "coordinates": [ [ [ 6.493364474262499, 43.919554568222878 ], [ 6.5244592076701, 43.918555106041232 ], [ 6.52307095487605, 43.896078956139846 ], [ 6.491988437300754, 43.897078011436854 ], [ 6.493364474262499, 43.919554568222878 ] ] ] } },
{ "type": "Feature", "properties": { "id": 261, "left": 982993.4, "top": 6322100.1, "right": 985493.4, "bottom": 6319600.1, "grid_row": 17, "grid_col": 9, "id_2": 234, "name_fr": "Saint-André-les-Alpes07", "name_nl": "Saint-André-les-Alpes07", "population": 3.0, "centroid_lat": 43.930293892000002, "centroid_lon": 6.509603502 }, "geometry": { "type": "Polygon", "coordinates": [ [ [ 6.525848554239458, 43.941031539520949 ], [ 6.556954417998718, 43.940022816471966 ], [ 6.555552847302732, 43.917546793647546 ], [ 6.5244592076701, 43.918555106041232 ], [ 6.525848554239458, 43.941031539520949 ] ] ] } },
{ "type": "Feature", "properties": { "id": 262, "left": 982993.4, "top": 6319600.1, "right": 985493.4, "bottom": 6317100.1, "grid_row": 18, "grid_col": 9, "id_2": 234, "name_fr": "Saint-André-les-Alpes07", "name_nl": "Saint-André-les-Alpes07", "population": 3.0, "centroid_lat": 43.930293892000002, "centroid_lon": 6.509603502 }, "geometry": { "type": "Polygon", "coordinates": [ [ [ 6.5244592076701, 43.918555106041232 ], [ 6.555552847302732, 43.917546793647546 ], [ 6.554152379966637, 43.895071054226165 ], [ 6.52307095487605, 43.896078956139846 ], [ 6.5244592076701, 43.918555106041232 ] ] ] } },
{ "type": "Feature", "properties": { "id": 208, "left": 977993.4, "top": 6319600.1, "right": 980493.4, "bottom": 6317100.1, "grid_row": 18, "grid_col": 7, "id_2": 235, "name_fr": "Castellane10", "name_nl": "Castellane10", "population": 1.0, "centroid_lat": 43.907817397000002, "centroid_lon": 6.508220812 }, "geometry": { "type": "Polygon", "coordinates": [ [ [ 6.462268656666541, 43.920545179711397 ], [ 6.493364474262499, 43.919554568222878 ], [ 6.491988437300754, 43.897078011436854 ], [ 6.460904836816113, 43.8980682196365 ], [ 6.462268656666541, 43.920545179711397 ] ] ] } },
{ "type": "Feature", "properties": { "id": 235, "left": 980493.4, "top": 6319600.1, "right": 982993.4, "bottom": 6317100.1, "grid_row": 18, "grid_col": 8, "id_2": 235, "name_fr": "Castellane10", "name_nl": "Castellane10", "population": 1.0, "centroid_lat": 43.907817397000002, "centroid_lon": 6.508220812 }, "geometry": { "type": "Polygon", "coordinates": [ [ [ 6.493364474262499, 43.919554568222878 ], [ 6.5244592076701, 43.918555106041232 ], [ 6.52307095487605, 43.896078956139846 ], [ 6.491988437300754, 43.897078011436854 ], [ 6.493364474262499, 43.919554568222878 ] ] ] } },
{ "type": "Feature", "properties": { "id": 236, "left": 980493.4, "top": 6317100.1, "right": 982993.4, "bottom": 6314600.1, "grid_row": 19, "grid_col": 8, "id_2": 235, "name_fr": "Castellane10", "name_nl": "Castellane10", "population": 1.0, "centroid_lat": 43.907817397000002, "centroid_lon": 6.508220812 }, "geometry": { "type": "Polygon", "coordinates": [ [ [ 6.491988437300754, 43.897078011436854 ], [ 6.52307095487605, 43.896078956139846 ], [ 6.521683794567045, 43.873603093130882 ], [ 6.490613483248691, 43.874601741716845 ], [ 6.491988437300754, 43.897078011436854 ] ] ] } },
{ "type": "Feature", "properties": { "id": 262, "left": 982993.4, "top": 6319600.1, "right": 985493.4, "bottom": 6317100.1, "grid_row": 18, "grid_col": 9, "id_2": 235, "name_fr": "Castellane10", "name_nl": "Castellane10", "population": 1.0, "centroid_lat": 43.907817397000002, "centroid_lon": 6.508220812 }, "geometry": { "type": "Polygon", "coordinates": [ [ [ 6.5244592076701, 43.918555106041232 ], [ 6.555552847302732, 43.917546793647546 ], [ 6.554152379966637, 43.895071054226165 ], [ 6.52307095487605, 43.896078956139846 ], [ 6.5244592076701, 43.918555106041232 ] ] ] } },
{ "type": "Feature", "properties": { "id": 236, "left": 980493.4, "top": 6317100.1, "right": 982993.4, "bottom": 6314600.1, "grid_row": 19, "grid_col": 8, "id_2": 236, "name_fr": "Castellane11", "name_nl": "Castellane11", "population": 52.0, "centroid_lat": 43.885341185999998, "centroid_lon": 6.506839211 }, "geometry": { "type": "Polygon", "coordinates": [ [ [ 6.491988437300754, 43.897078011436854 ], [ 6.52307095487605, 43.896078956139846 ], [ 6.521683794567045, 43.873603093130882 ], [ 6.490613483248691, 43.874601741716845 ], [ 6.491988437300754, 43.897078011436854 ] ] ] } },
{ "type": "Feature", "properties": { "id": 237, "left": 980493.4, "top": 6314600.1, "right": 982993.4, "bottom": 6312100.1, "grid_row": 20, "grid_col": 8, "id_2": 236, "name_fr": "Castellane11", "name_nl": "Castellane11", "population": 52.0, "centroid_lat": 43.885341185999998, "centroid_lon": 6.506839211 }, "geometry": { "type": "Polygon", "coordinates": [ [ [ 6.490613483248691, 43.874601741716845 ], [ 6.521683794567045, 43.873603093130882 ], [ 6.520297725454856, 43.851127520326976 ], [ 6.489239610829307, 43.852125762375401 ], [ 6.490613483248691, 43.874601741716845 ] ] ] } },
{ "type": "Feature", "properties": { "id": 237, "left": 980493.4, "top": 6314600.1, "right": 982993.4, "bottom": 6312100.1, "grid_row": 20, "grid_col": 8, "id_2": 237, "name_fr": "Castellane12", "name_nl": "Castellane12", "population": 237.0, "centroid_lat": 43.862865265000003, "centroid_lon": 6.505458697 }, "geometry": { "type": "Polygon", "coordinates": [ [ [ 6.490613483248691, 43.874601741716845 ], [ 6.521683794567045, 43.873603093130882 ], [ 6.520297725454856, 43.851127520326976 ], [ 6.489239610829307, 43.852125762375401 ], [ 6.490613483248691, 43.874601741716845 ] ] ] } },
{ "type": "Feature", "properties": { "id": 238, "left": 980493.4, "top": 6312100.1, "right": 982993.4, "bottom": 6309600.1, "grid_row": 21, "grid_col": 8, "id_2": 237, "name_fr": "Castellane12", "name_nl": "Castellane12", "population": 237.0, "centroid_lat": 43.862865265000003, "centroid_lon": 6.505458697 }, "geometry": { "type": "Polygon", "coordinates": [ [ [ 6.489239610829307, 43.852125762375401 ], [ 6.520297725454856, 43.851127520326976 ], [ 6.518912746253267, 43.828652241039357 ], [ 6.487866818767606, 43.829650076723581 ], [ 6.489239610829307, 43.852125762375401 ] ] ] } },
{ "type": "Feature", "properties": { "id": 211, "left": 977993.4, "top": 6312100.1, "right": 980493.4, "bottom": 6309600.1, "grid_row": 21, "grid_col": 7, "id_2": 238, "name_fr": "Castellane13", "name_nl": "Castellane13", "population": 842.0, "centroid_lat": 43.840389635000001, "centroid_lon": 6.504079269 }, "geometry": { "type": "Polygon", "coordinates": [ [ [ 6.45818041584641, 43.85311516451344 ], [ 6.489239610829307, 43.852125762375401 ], [ 6.487866818767606, 43.829650076723581 ], [ 6.45681981219759, 43.830639076088595 ], [ 6.45818041584641, 43.85311516451344 ] ] ] } },
{ "type": "Feature", "properties": { "id": 212, "left": 977993.4, "top": 6309600.1, "right": 980493.4, "bottom": 6307100.1, "grid_row": 22, "grid_col": 7, "id_2": 238, "name_fr": "Castellane13", "name_nl": "Castellane13", "population": 842.0, "centroid_lat": 43.840389635000001, "centroid_lon": 6.504079269 }, "geometry": { "type": "Polygon", "coordinates": [ [ [ 6.45681981219759, 43.830639076088595 ], [ 6.487866818767606, 43.829650076723581 ], [ 6.486495105790593, 43.807174688071051 ], [ 6.455460278089737, 43.808163284834727 ], [ 6.45681981219759, 43.830639076088595 ] ] ] } },
{ "type": "Feature", "properties": { "id": 238, "left": 980493.4, "top": 6312100.1, "right": 982993.4, "bottom": 6309600.1, "grid_row": 21, "grid_col": 8, "id_2": 238, "name_fr": "Castellane13", "name_nl": "Castellane13", "population": 842.0, "centroid_lat": 43.840389635000001, "centroid_lon": 6.504079269 }, "geometry": { "type": "Polygon", "coordinates": [ [ [ 6.489239610829307, 43.852125762375401 ], [ 6.520297725454856, 43.851127520326976 ], [ 6.518912746253267, 43.828652241039357 ], [ 6.487866818767606, 43.829650076723581 ], [ 6.489239610829307, 43.852125762375401 ] ] ] } },
{ "type": "Feature", "properties": { "id": 239, "left": 980493.4, "top": 6309600.1, "right": 982993.4, "bottom": 6307100.1, "grid_row": 22, "grid_col": 8, "id_2": 238, "name_fr": "Castellane13", "name_nl": "Castellane13", "population": 842.0, "centroid_lat": 43.840389635000001, "centroid_lon": 6.504079269 }, "geometry": { "type": "Polygon", "coordinates": [ [ [ 6.487866818767606, 43.829650076723581 ], [ 6.518912746253267, 43.828652241039357 ], [ 6.517528855678091, 43.806177258577847 ], [ 6.486495105790593, 43.807174688071051 ], [ 6.487866818767606, 43.829650076723581 ] ] ] } },
{ "type": "Feature", "properties": { "id": 265, "left": 982993.4, "top": 6312100.1, "right": 985493.4, "bottom": 6309600.1, "grid_row": 21, "grid_col": 9, "id_2": 238, "name_fr": "Castellane13", "name_nl": "Castellane13", "population": 842.0, "centroid_lat": 43.840389635000001, "centroid_lon": 6.504079269 }, "geometry": { "type": "Polygon", "coordinates": [ [ [ 6.520297725454856, 43.851127520326976 ], [ 6.551354750170137, 43.850120438848023 ], [ 6.549957585112853, 43.827645569515418 ], [ 6.518912746253267, 43.828652241039357 ], [ 6.520297725454856, 43.851127520326976 ] ] ] } },
{ "type": "Feature", "properties": { "id": 266, "left": 982993.4, "top": 6309600.1, "right": 985493.4, "bottom": 6307100.1, "grid_row": 22, "grid_col": 9, "id_2": 238, "name_fr": "Castellane13", "name_nl": "Castellane13", "population": 842.0, "centroid_lat": 43.840389635000001, "centroid_lon": 6.504079269 }, "geometry": { "type": "Polygon", "coordinates": [ [ [ 6.518912746253267, 43.828652241039357 ], [ 6.549957585112853, 43.827645569515418 ], [ 6.548561518221687, 43.8051709968342 ], [ 6.517528855678091, 43.806177258577847 ], [ 6.518912746253267, 43.828652241039357 ] ] ] } },
{ "type": "Feature", "properties": { "id": 212, "left": 977993.4, "top": 6309600.1, "right": 980493.4, "bottom": 6307100.1, "grid_row": 22, "grid_col": 7, "id_2": 239, "name_fr": "Castellane14", "name_nl": "Castellane14", "population": 26.0, "centroid_lat": 43.817914301000002, "centroid_lon": 6.502700925 }, "geometry": { "type": "Polygon", "coordinates": [ [ [ 6.45681981219759, 43.830639076088595 ], [ 6.487866818767606, 43.829650076723581 ], [ 6.486495105790593, 43.807174688071051 ], [ 6.455460278089737, 43.808163284834727 ], [ 6.45681981219759, 43.830639076088595 ] ] ] } },
{ "type": "Feature", "properties": { "id": 213, "left": 977993.4, "top": 6307100.1, "right": 980493.4, "bottom": 6304600.1, "grid_row": 23, "grid_col": 7, "id_2": 239, "name_fr": "Castellane14", "name_nl": "Castellane14", "population": 26.0, "centroid_lat": 43.817914301000002, "centroid_lon": 6.502700925 }, "geometry": { "type": "Polygon", "coordinates": [ [ [ 6.455460278089737, 43.808163284834727 ], [ 6.486495105790593, 43.807174688071051 ], [ 6.485124470627272, 43.784699599726054 ], [ 6.454101812263036, 43.785687794059911 ], [ 6.455460278089737, 43.808163284834727 ] ] ] } },
{ "type": "Feature", "properties": { "id": 239, "left": 980493.4, "top": 6309600.1, "right": 982993.4, "bottom": 6307100.1, "grid_row": 22, "grid_col": 8, "id_2": 239, "name_fr": "Castellane14", "name_nl": "Castellane14", "population": 26.0, "centroid_lat": 43.817914301000002, "centroid_lon": 6.502700925 }, "geometry": { "type": "Polygon", "coordinates": [ [ [ 6.487866818767606, 43.829650076723581 ], [ 6.518912746253267, 43.828652241039357 ], [ 6.517528855678091, 43.806177258577847 ], [ 6.486495105790593, 43.807174688071051 ], [ 6.487866818767606, 43.829650076723581 ] ] ] } },
{ "type": "Feature", "properties": { "id": 240, "left": 980493.4, "top": 6307100.1, "right": 982993.4, "bottom": 6304600.1, "grid_row": 23, "grid_col": 8, "id_2": 239, "name_fr": "Castellane14", "name_nl": "Castellane14", "population": 26.0, "centroid_lat": 43.817914301000002, "centroid_lon": 6.502700925 }, "geometry": { "type": "Polygon", "coordinates": [ [ [ 6.486495105790593, 43.807174688071051 ], [ 6.517528855678091, 43.806177258577847 ], [ 6.516146052447151, 43.783702576250803 ], [ 6.485124470627272, 43.784699599726054 ], [ 6.486495105790593, 43.807174688071051 ] ] ] } },
{ "type": "Feature", "properties": { "id": 266, "left": 982993.4, "top": 6309600.1, "right": 985493.4, "bottom": 6307100.1, "grid_row": 22, "grid_col": 9, "id_2": 239, "name_fr": "Castellane14", "name_nl": "Castellane14", "population": 26.0, "centroid_lat": 43.817914301000002, "centroid_lon": 6.502700925 }, "geometry": { "type": "Polygon", "coordinates": [ [ [ 6.518912746253267, 43.828652241039357 ], [ 6.549957585112853, 43.827645569515418 ], [ 6.548561518221687, 43.8051709968342 ], [ 6.517528855678091, 43.806177258577847 ], [ 6.518912746253267, 43.828652241039357 ] ] ] } },
{ "type": "Feature", "properties": { "id": 267, "left": 982993.4, "top": 6307100.1, "right": 985493.4, "bottom": 6304600.1, "grid_row": 23, "grid_col": 9, "id_2": 239, "name_fr": "Castellane14", "name_nl": "Castellane14", "population": 26.0, "centroid_lat": 43.817914301000002, "centroid_lon": 6.502700925 }, "geometry": { "type": "Polygon", "coordinates": [ [ [ 6.517528855678091, 43.806177258577847 ], [ 6.548561518221687, 43.8051709968342 ], [ 6.547166548203292, 43.782696724112874 ], [ 6.516146052447151, 43.783702576250803 ], [ 6.517528855678091, 43.806177258577847 ] ] ] } },
{ "type": "Feature", "properties": { "id": 213, "left": 977993.4, "top": 6307100.1, "right": 980493.4, "bottom": 6304600.1, "grid_row": 23, "grid_col": 7, "id_2": 240, "name_fr": "Castellane15", "name_nl": "Castellane15", "population": 0.0, "centroid_lat": 43.795439265, "centroid_lon": 6.501323664 }, "geometry": { "type": "Polygon", "coordinates": [ [ [ 6.455460278089737, 43.808163284834727 ], [ 6.486495105790593, 43.807174688071051 ], [ 6.485124470627272, 43.784699599726054 ], [ 6.454101812263036, 43.785687794059911 ], [ 6.455460278089737, 43.808163284834727 ] ] ] } },
{ "type": "Feature", "properties": { "id": 240, "left": 980493.4, "top": 6307100.1, "right": 982993.4, "bottom": 6304600.1, "grid_row": 23, "grid_col": 8, "id_2": 240, "name_fr": "Castellane15", "name_nl": "Castellane15", "population": 0.0, "centroid_lat": 43.795439265, "centroid_lon": 6.501323664 }, "geometry": { "type": "Polygon", "coordinates": [ [ [ 6.486495105790593, 43.807174688071051 ], [ 6.517528855678091, 43.806177258577847 ], [ 6.516146052447151, 43.783702576250803 ], [ 6.485124470627272, 43.784699599726054 ], [ 6.486495105790593, 43.807174688071051 ] ] ] } },
{ "type": "Feature", "properties": { "id": 217, "left": 980493.4, "top": 6364600.1, "right": 982993.4, "bottom": 6362100.1, "grid_row": 0, "grid_col": 8, "id_2": 244, "name_fr": "Allos05", "name_nl": "Allos05", "population": 0.0, "centroid_lat": 44.311423683999998, "centroid_lon": 6.564586507 }, "geometry": { "type": "Polygon", "coordinates": [ [ [ 6.51831978502084, 44.324177893911113 ], [ 6.549636053707093, 44.323171077953333 ], [ 6.54822791356372, 44.30069033206874 ], [ 6.516924035007116, 44.301696737992124 ], [ 6.51831978502084, 44.324177893911113 ] ] ] } },
{ "type": "Feature", "properties": { "id": 218, "left": 980493.4, "top": 6362100.1, "right": 982993.4, "bottom": 6359600.1, "grid_row": 1, "grid_col": 8, "id_2": 244, "name_fr": "Allos05", "name_nl": "Allos05", "population": 0.0, "centroid_lat": 44.311423683999998, "centroid_lon": 6.564586507 }, "geometry": { "type": "Polygon", "coordinates": [ [ [ 6.516924035007116, 44.301696737992124 ], [ 6.54822791356372, 44.30069033206874 ], [ 6.54682088944416, 44.27820981320653 ], [ 6.515529391236636, 44.27921580927174 ], [ 6.516924035007116, 44.301696737992124 ] ] ] } },
{ "type": "Feature", "properties": { "id": 244, "left": 982993.4, "top": 6364600.1, "right": 985493.4, "bottom": 6362100.1, "grid_row": 0, "grid_col": 9, "id_2": 244, "name_fr": "Allos05", "name_nl": "Allos05", "population": 0.0, "centroid_lat": 44.311423683999998, "centroid_lon": 6.564586507 }, "geometry": { "type": "Polygon", "coordinates": [ [ [ 6.549636053707093, 44.323171077953333 ], [ 6.580951205042442, 44.322155346805225 ], [ 6.579530676096863, 44.299675014578028 ], [ 6.54822791356372, 44.30069033206874 ], [ 6.549636053707093, 44.323171077953333 ] ] ] } },
{ "type": "Feature", "properties": { "id": 245, "left": 982993.4, "top": 6362100.1, "right": 985493.4, "bottom": 6359600.1, "grid_row": 1, "grid_col": 9, "id_2": 244, "name_fr": "Allos05", "name_nl": "Allos05", "population": 0.0, "centroid_lat": 44.311423683999998, "centroid_lon": 6.564586507 }, "geometry": { "type": "Polygon", "coordinates": [ [ [ 6.54822791356372, 44.30069033206874 ], [ 6.579530676096863, 44.299675014578028 ], [ 6.578111272953564, 44.277194909195437 ], [ 6.54682088944416, 44.27820981320653 ], [ 6.54822791356372, 44.30069033206874 ] ] ] } },
{ "type": "Feature", "properties": { "id": 218, "left": 980493.4, "top": 6362100.1, "right": 982993.4, "bottom": 6359600.1, "grid_row": 1, "grid_col": 8, "id_2": 245, "name_fr": "Allos06", "name_nl": "Allos06", "population": 151.0, "centroid_lat": 44.288943258000003, "centroid_lon": 6.563172733 }, "geometry": { "type": "Polygon", "coordinates": [ [ [ 6.516924035007116, 44.301696737992124 ], [ 6.54822791356372, 44.30069033206874 ], [ 6.54682088944416, 44.27820981320653 ], [ 6.515529391236636, 44.27921580927174 ], [ 6.516924035007116, 44.301696737992124 ] ] ] } },
{ "type": "Feature", "properties": { "id": 219, "left": 980493.4, "top": 6359600.1, "right": 982993.4, "bottom": 6357100.1, "grid_row": 2, "grid_col": 8, "id_2": 245, "name_fr": "Allos06", "name_nl": "Allos06", "population": 151.0, "centroid_lat": 44.288943258000003, "centroid_lon": 6.563172733 }, "geometry": { "type": "Polygon", "coordinates": [ [ [ 6.515529391236636, 44.27921580927174 ], [ 6.54682088944416, 44.27820981320653 ], [ 6.545414980023069, 44.255729524704812 ], [ 6.514135852395611, 44.256735111087913 ], [ 6.515529391236636, 44.27921580927174 ] ] ] } },
{ "type": "Feature", "properties": { "id": 245, "left": 982993.4, "top": 6362100.1, "right": 985493.4, "bottom": 6359600.1, "grid_row": 1, "grid_col": 9, "id_2": 245, "name_fr": "Allos06", "name_nl": "Allos06", "population": 151.0, "centroid_lat": 44.288943258000003, "centroid_lon": 6.563172733 }, "geometry": { "type": "Polygon", "coordinates": [ [ [ 6.54822791356372, 44.30069033206874 ], [ 6.579530676096863, 44.299675014578028 ], [ 6.578111272953564, 44.277194909195437 ], [ 6.54682088944416, 44.27820981320653 ], [ 6.54822791356372, 44.30069033206874 ] ] ] } },
{ "type": "Feature", "properties": { "id": 246, "left": 982993.4, "top": 6359600.1, "right": 985493.4, "bottom": 6357100.1, "grid_row": 2, "grid_col": 9, "id_2": 245, "name_fr": "Allos06", "name_nl": "Allos06", "population": 151.0, "centroid_lat": 44.288943258000003, "centroid_lon": 6.563172733 }, "geometry": { "type": "Polygon", "coordinates": [ [ [ 6.54682088944416, 44.27820981320653 ], [ 6.578111272953564, 44.277194909195437 ], [ 6.576692994275652, 44.254715033995701 ], [ 6.545414980023069, 44.255729524704812 ], [ 6.54682088944416, 44.27820981320653 ] ] ] } },
{ "type": "Feature", "properties": { "id": 272, "left": 985493.4, "top": 6362100.1, "right": 987993.4, "bottom": 6359600.1, "grid_row": 1, "grid_col": 10, "id_2": 245, "name_fr": "Allos06", "name_nl": "Allos06", "population": 151.0, "centroid_lat": 44.288943258000003, "centroid_lon": 6.563172733 }, "geometry": { "type": "Polygon", "coordinates": [ [ [ 6.579530676096863, 44.299675014578028 ], [ 6.61083231282808, 44.298650786012153 ], [ 6.60940053199793, 44.276171097730192 ], [ 6.578111272953564, 44.277194909195437 ], [ 6.579530676096863, 44.299675014578028 ] ] ] } },
{ "type": "Feature", "properties": { "id": 273, "left": 985493.4, "top": 6359600.1, "right": 987993.4, "bottom": 6357100.1, "grid_row": 2, "grid_col": 10, "id_2": 245, "name_fr": "Allos06", "name_nl": "Allos06", "population": 151.0, "centroid_lat": 44.288943258000003, "centroid_lon": 6.563172733 }, "geometry": { "type": "Polygon", "coordinates": [ [ [ 6.578111272953564, 44.277194909195437 ], [ 6.60940053199793, 44.276171097730192 ], [ 6.607969885397973, 44.253691639451944 ], [ 6.576692994275652, 44.254715033995701 ], [ 6.578111272953564, 44.277194909195437 ] ] ] } },
{ "type": "Feature", "properties": { "id": 219, "left": 980493.4, "top": 6359600.1, "right": 982993.4, "bottom": 6357100.1, "grid_row": 2, "grid_col": 8, "id_2": 246, "name_fr": "Allos07", "name_nl": "Allos07", "population": 5.0, "centroid_lat": 44.266463061000003, "centroid_lon": 6.561760079 }, "geometry": { "type": "Polygon", "coordinates": [ [ [ 6.515529391236636, 44.27921580927174 ], [ 6.54682088944416, 44.27820981320653 ], [ 6.545414980023069, 44.255729524704812 ], [ 6.514135852395611, 44.256735111087913 ], [ 6.515529391236636, 44.27921580927174 ] ] ] } },
{ "type": "Feature", "properties": { "id": 246, "left": 982993.4, "top": 6359600.1, "right": 985493.4, "bottom": 6357100.1, "grid_row": 2, "grid_col": 9, "id_2": 246, "name_fr": "Allos07", "name_nl": "Allos07", "population": 5.0, "centroid_lat": 44.266463061000003, "centroid_lon": 6.561760079 }, "geometry": { "type": "Polygon", "coordinates": [ [ [ 6.54682088944416, 44.27820981320653 ], [ 6.578111272953564, 44.277194909195437 ], [ 6.576692994275652, 44.254715033995701 ], [ 6.545414980023069, 44.255729524704812 ], [ 6.54682088944416, 44.27820981320653 ] ] ] } },
{ "type": "Feature", "properties": { "id": 247, "left": 982993.4, "top": 6357100.1, "right": 985493.4, "bottom": 6354600.1, "grid_row": 3, "grid_col": 9, "id_2": 246, "name_fr": "Allos07", "name_nl": "Allos07", "population": 5.0, "centroid_lat": 44.266463061000003, "centroid_lon": 6.561760079 }, "geometry": { "type": "Polygon", "coordinates": [ [ [ 6.545414980023069, 44.255729524704812 ], [ 6.576692994275652, 44.254715033995701 ], [ 6.575275838728353, 44.232235392315687 ], [ 6.544010183977203, 44.233249469900279 ], [ 6.545414980023069, 44.255729524704812 ] ] ] } },
{ "type": "Feature", "properties": { "id": 273, "left": 985493.4, "top": 6359600.1, "right": 987993.4, "bottom": 6357100.1, "grid_row": 2, "grid_col": 10, "id_2": 246, "name_fr": "Allos07", "name_nl": "Allos07", "population": 5.0, "centroid_lat": 44.266463061000003, "centroid_lon": 6.561760079 }, "geometry": { "type": "Polygon", "coordinates": [ [ [ 6.578111272953564, 44.277194909195437 ], [ 6.60940053199793, 44.276171097730192 ], [ 6.607969885397973, 44.253691639451944 ], [ 6.576692994275652, 44.254715033995701 ], [ 6.578111272953564, 44.277194909195437 ] ] ] } },
{ "type": "Feature", "properties": { "id": 220, "left": 980493.4, "top": 6357100.1, "right": 982993.4, "bottom": 6354600.1, "grid_row": 3, "grid_col": 8, "id_2": 247, "name_fr": "Allos08", "name_nl": "Allos08", "population": 0.0, "centroid_lat": 44.243983096000001, "centroid_lon": 6.560348544 }, "geometry": { "type": "Polygon", "coordinates": [ [ [ 6.514135852395611, 44.256735111087913 ], [ 6.545414980023069, 44.255729524704812 ], [ 6.544010183977203, 44.233249469900279 ], [ 6.51274341717233, 44.23425464677721 ], [ 6.514135852395611, 44.256735111087913 ] ] ] } },
{ "type": "Feature", "properties": { "id": 221, "left": 980493.4, "top": 6354600.1, "right": 982993.4, "bottom": 6352100.1, "grid_row": 4, "grid_col": 8, "id_2": 247, "name_fr": "Allos08", "name_nl": "Allos08", "population": 0.0, "centroid_lat": 44.243983096000001, "centroid_lon": 6.560348544 }, "geometry": { "type": "Polygon", "coordinates": [ [ [ 6.51274341717233, 44.23425464677721 ], [ 6.544010183977203, 44.233249469900279 ], [ 6.542606499985408, 44.210769652128228 ], [ 6.511352084257156, 44.211774419674775 ], [ 6.51274341717233, 44.23425464677721 ] ] ] } },
{ "type": "Feature", "properties": { "id": 247, "left": 982993.4, "top": 6357100.1, "right": 985493.4, "bottom": 6354600.1, "grid_row": 3, "grid_col": 9, "id_2": 247, "name_fr": "Allos08", "name_nl": "Allos08", "population": 0.0, "centroid_lat": 44.243983096000001, "centroid_lon": 6.560348544 }, "geometry": { "type": "Polygon", "coordinates": [ [ [ 6.545414980023069, 44.255729524704812 ], [ 6.576692994275652, 44.254715033995701 ], [ 6.575275838728353, 44.232235392315687 ], [ 6.544010183977203, 44.233249469900279 ], [ 6.545414980023069, 44.255729524704812 ] ] ] } },
{ "type": "Feature", "properties": { "id": 248, "left": 982993.4, "top": 6354600.1, "right": 985493.4, "bottom": 6352100.1, "grid_row": 4, "grid_col": 9, "id_2": 247, "name_fr": "Allos08", "name_nl": "Allos08", "population": 0.0, "centroid_lat": 44.243983096000001, "centroid_lon": 6.560348544 }, "geometry": { "type": "Polygon", "coordinates": [ [ [ 6.544010183977203, 44.233249469900279 ], [ 6.575275838728353, 44.232235392315687 ], [ 6.573859804979001, 44.20975598749083 ], [ 6.542606499985408, 44.210769652128228 ], [ 6.544010183977203, 44.233249469900279 ] ] ] } },
{ "type": "Feature", "properties": { "id": 274, "left": 985493.4, "top": 6357100.1, "right": 987993.4, "bottom": 6354600.1, "grid_row": 3, "grid_col": 10, "id_2": 247, "name_fr": "Allos08", "name_nl": "Allos08", "population": 0.0, "centroid_lat": 44.243983096000001, "centroid_lon": 6.560348544 }, "geometry": { "type": "Polygon", "coordinates": [ [ [ 6.576692994275652, 44.254715033995701 ], [ 6.607969885397973, 44.253691639451944 ], [ 6.606540371681907, 44.231212414514374 ], [ 6.575275838728353, 44.232235392315687 ], [ 6.576692994275652, 44.254715033995701 ] ] ] } },
{ "type": "Feature", "properties": { "id": 275, "left": 985493.4, "top": 6354600.1, "right": 987993.4, "bottom": 6352100.1, "grid_row": 4, "grid_col": 10, "id_2": 247, "name_fr": "Allos08", "name_nl": "Allos08", "population": 0.0, "centroid_lat": 44.243983096000001, "centroid_lon": 6.560348544 }, "geometry": { "type": "Polygon", "coordinates": [ [ [ 6.575275838728353, 44.232235392315687 ], [ 6.606540371681907, 44.231212414514374 ], [ 6.605111989505557, 44.208733426253119 ], [ 6.573859804979001, 44.20975598749083 ], [ 6.575275838728353, 44.232235392315687 ] ] ] } },
{ "type": "Feature", "properties": { "id": 221, "left": 980493.4, "top": 6354600.1, "right": 982993.4, "bottom": 6352100.1, "grid_row": 4, "grid_col": 8, "id_2": 248, "name_fr": "Villars-Colmars03", "name_nl": "Villars-Colmars03", "population": 0.0, "centroid_lat": 44.221503366, "centroid_lon": 6.558938127 }, "geometry": { "type": "Polygon", "coordinates": [ [ [ 6.51274341717233, 44.23425464677721 ], [ 6.544010183977203, 44.233249469900279 ], [ 6.542606499985408, 44.210769652128228 ], [ 6.511352084257156, 44.211774419674775 ], [ 6.51274341717233, 44.23425464677721 ] ] ] } },
{ "type": "Feature", "properties": { "id": 222, "left": 980493.4, "top": 6352100.1, "right": 982993.4, "bottom": 6349600.1, "grid_row": 5, "grid_col": 8, "id_2": 248, "name_fr": "Villars-Colmars03", "name_nl": "Villars-Colmars03", "population": 0.0, "centroid_lat": 44.221503366, "centroid_lon": 6.558938127 }, "geometry": { "type": "Polygon", "coordinates": [ [ [ 6.511352084257156, 44.211774419674775 ], [ 6.542606499985408, 44.210769652128228 ], [ 6.541203926728618, 44.188290074722566 ], [ 6.509961852342522, 44.189294433114355 ], [ 6.511352084257156, 44.211774419674775 ] ] ] } },
{ "type": "Feature", "properties": { "id": 248, "left": 982993.4, "top": 6354600.1, "right": 985493.4, "bottom": 6352100.1, "grid_row": 4, "grid_col": 9, "id_2": 248, "name_fr": "Villars-Colmars03", "name_nl": "Villars-Colmars03", "population": 0.0, "centroid_lat": 44.221503366, "centroid_lon": 6.558938127 }, "geometry": { "type": "Polygon", "coordinates": [ [ [ 6.544010183977203, 44.233249469900279 ], [ 6.575275838728353, 44.232235392315687 ], [ 6.573859804979001, 44.20975598749083 ], [ 6.542606499985408, 44.210769652128228 ], [ 6.544010183977203, 44.233249469900279 ] ] ] } },
{ "type": "Feature", "properties": { "id": 249, "left": 982993.4, "top": 6352100.1, "right": 985493.4, "bottom": 6349600.1, "grid_row": 5, "grid_col": 9, "id_2": 248, "name_fr": "Villars-Colmars03", "name_nl": "Villars-Colmars03", "population": 0.0, "centroid_lat": 44.221503366, "centroid_lon": 6.558938127 }, "geometry": { "type": "Polygon", "coordinates": [ [ [ 6.542606499985408, 44.210769652128228 ], [ 6.573859804979001, 44.20975598749083 ], [ 6.572444891697035, 44.187276822855182 ], [ 6.541203926728618, 44.188290074722566 ], [ 6.542606499985408, 44.210769652128228 ] ] ] } },
{ "type": "Feature", "properties": { "id": 275, "left": 985493.4, "top": 6354600.1, "right": 987993.4, "bottom": 6352100.1, "grid_row": 4, "grid_col": 10, "id_2": 248, "name_fr": "Villars-Colmars03", "name_nl": "Villars-Colmars03", "population": 0.0, "centroid_lat": 44.221503366, "centroid_lon": 6.558938127 }, "geometry": { "type": "Polygon", "coordinates": [ [ [ 6.575275838728353, 44.232235392315687 ], [ 6.606540371681907, 44.231212414514374 ], [ 6.605111989505557, 44.208733426253119 ], [ 6.573859804979001, 44.20975598749083 ], [ 6.575275838728353, 44.232235392315687 ] ] ] } },
{ "type": "Feature", "properties": { "id": 222, "left": 980493.4, "top": 6352100.1, "right": 982993.4, "bottom": 6349600.1, "grid_row": 5, "grid_col": 8, "id_2": 249, "name_fr": "Villars-Colmars04", "name_nl": "Villars-Colmars04", "population": 0.0, "centroid_lat": 44.199023873999998, "centroid_lon": 6.557528826 }, "geometry": { "type": "Polygon", "coordinates": [ [ [ 6.511352084257156, 44.211774419674775 ], [ 6.542606499985408, 44.210769652128228 ], [ 6.541203926728618, 44.188290074722566 ], [ 6.509961852342522, 44.189294433114355 ], [ 6.511352084257156, 44.211774419674775 ] ] ] } },
{ "type": "Feature", "properties": { "id": 223, "left": 980493.4, "top": 6349600.1, "right": 982993.4, "bottom": 6347100.1, "grid_row": 6, "grid_col": 8, "id_2": 249, "name_fr": "Villars-Colmars04", "name_nl": "Villars-Colmars04", "population": 0.0, "centroid_lat": 44.199023873999998, "centroid_lon": 6.557528826 }, "geometry": { "type": "Polygon", "coordinates": [ [ [ 6.509961852342522, 44.189294433114355 ], [ 6.541203926728618, 44.188290074722566 ], [ 6.539802462889853, 44.165810741015747 ], [ 6.508572720122928, 44.166814690428296 ], [ 6.509961852342522, 44.189294433114355 ] ] ] } },
{ "type": "Feature", "properties": { "id": 249, "left": 982993.4, "top": 6352100.1, "right": 985493.4, "bottom": 6349600.1, "grid_row": 5, "grid_col": 9, "id_2": 249, "name_fr": "Villars-Colmars04", "name_nl": "Villars-Colmars04", "population": 0.0, "centroid_lat": 44.199023873999998, "centroid_lon": 6.557528826 }, "geometry": { "type": "Polygon", "coordinates": [ [ [ 6.542606499985408, 44.210769652128228 ], [ 6.573859804979001, 44.20975598749083 ], [ 6.572444891697035, 44.187276822855182 ], [ 6.541203926728618, 44.188290074722566 ], [ 6.542606499985408, 44.210769652128228 ] ] ] } },
{ "type": "Feature", "properties": { "id": 250, "left": 982993.4, "top": 6349600.1, "right": 985493.4, "bottom": 6347100.1, "grid_row": 6, "grid_col": 9, "id_2": 249, "name_fr": "Villars-Colmars04", "name_nl": "Villars-Colmars04", "population": 0.0, "centroid_lat": 44.199023873999998, "centroid_lon": 6.557528826 }, "geometry": { "type": "Polygon", "coordinates": [ [ [ 6.541203926728618, 44.188290074722566 ], [ 6.572444891697035, 44.187276822855182 ], [ 6.571031097554001, 44.164797901741366 ], [ 6.539802462889853, 44.165810741015747 ], [ 6.541203926728618, 44.188290074722566 ] ] ] } },
{ "type": "Feature", "properties": { "id": 223, "left": 980493.4, "top": 6349600.1, "right": 982993.4, "bottom": 6347100.1, "grid_row": 6, "grid_col": 8, "id_2": 250, "name_fr": "Villars-Colmars05", "name_nl": "Villars-Colmars05", "population": 0.0, "centroid_lat": 44.176544624999998, "centroid_lon": 6.55612064 }, "geometry": { "type": "Polygon", "coordinates": [ [ [ 6.509961852342522, 44.189294433114355 ], [ 6.541203926728618, 44.188290074722566 ], [ 6.539802462889853, 44.165810741015747 ], [ 6.508572720122928, 44.166814690428296 ], [ 6.509961852342522, 44.189294433114355 ] ] ] } },
{ "type": "Feature", "properties": { "id": 224, "left": 980493.4, "top": 6347100.1, "right": 982993.4, "bottom": 6344600.1, "grid_row": 7, "grid_col": 8, "id_2": 250, "name_fr": "Villars-Colmars05", "name_nl": "Villars-Colmars05", "population": 0.0, "centroid_lat": 44.176544624999998, "centroid_lon": 6.55612064 }, "geometry": { "type": "Polygon", "coordinates": [ [ [ 6.508572720122928, 44.166814690428296 ], [ 6.539802462889853, 44.165810741015747 ], [ 6.53840210715421, 44.14333165433888 ], [ 6.507184686294934, 44.144335194947494 ], [ 6.508572720122928, 44.166814690428296 ] ] ] } },
{ "type": "Feature", "properties": { "id": 250, "left": 982993.4, "top": 6349600.1, "right": 985493.4, "bottom": 6347100.1, "grid_row": 6, "grid_col": 9, "id_2": 250, "name_fr": "Villars-Colmars05", "name_nl": "Villars-Colmars05", "population": 0.0, "centroid_lat": 44.176544624999998, "centroid_lon": 6.55612064 }, "geometry": { "type": "Polygon", "coordinates": [ [ [ 6.541203926728618, 44.188290074722566 ], [ 6.572444891697035, 44.187276822855182 ], [ 6.571031097554001, 44.164797901741366 ], [ 6.539802462889853, 44.165810741015747 ], [ 6.541203926728618, 44.188290074722566 ] ] ] } },
{ "type": "Feature", "properties": { "id": 251, "left": 982993.4, "top": 6347100.1, "right": 985493.4, "bottom": 6344600.1, "grid_row": 7, "grid_col": 9, "id_2": 250, "name_fr": "Villars-Colmars05", "name_nl": "Villars-Colmars05", "population": 0.0, "centroid_lat": 44.176544624999998, "centroid_lon": 6.55612064 }, "geometry": { "type": "Polygon", "coordinates": [ [ [ 6.539802462889853, 44.165810741015747 ], [ 6.571031097554001, 44.164797901741366 ], [ 6.569618421223535, 44.142319227480584 ], [ 6.53840210715421, 44.14333165433888 ], [ 6.539802462889853, 44.165810741015747 ] ] ] } },
{ "type": "Feature", "properties": { "id": 224, "left": 980493.4, "top": 6347100.1, "right": 982993.4, "bottom": 6344600.1, "grid_row": 7, "grid_col": 8, "id_2": 251, "name_fr": "Beauvezer01", "name_nl": "Beauvezer01", "population": 0.0, "centroid_lat": 44.15406562, "centroid_lon": 6.554713567 }, "geometry": { "type": "Polygon", "coordinates": [ [ [ 6.508572720122928, 44.166814690428296 ], [ 6.539802462889853, 44.165810741015747 ], [ 6.53840210715421, 44.14333165433888 ], [ 6.507184686294934, 44.144335194947494 ], [ 6.508572720122928, 44.166814690428296 ] ] ] } },
{ "type": "Feature", "properties": { "id": 225, "left": 980493.4, "top": 6344600.1, "right": 982993.4, "bottom": 6342100.1, "grid_row": 8, "grid_col": 8, "id_2": 251, "name_fr": "Beauvezer01", "name_nl": "Beauvezer01", "population": 0.0, "centroid_lat": 44.15406562, "centroid_lon": 6.554713567 }, "geometry": { "type": "Polygon", "coordinates": [ [ [ 6.507184686294934, 44.144335194947494 ], [ 6.53840210715421, 44.14333165433888 ], [ 6.537002858208866, 44.120852818021582 ], [ 6.505797749557161, 44.121855950001482 ], [ 6.507184686294934, 44.144335194947494 ] ] ] } },
{ "type": "Feature", "properties": { "id": 251, "left": 982993.4, "top": 6347100.1, "right": 985493.4, "bottom": 6344600.1, "grid_row": 7, "grid_col": 9, "id_2": 251, "name_fr": "Beauvezer01", "name_nl": "Beauvezer01", "population": 0.0, "centroid_lat": 44.15406562, "centroid_lon": 6.554713567 }, "geometry": { "type": "Polygon", "coordinates": [ [ [ 6.539802462889853, 44.165810741015747 ], [ 6.571031097554001, 44.164797901741366 ], [ 6.569618421223535, 44.142319227480584 ], [ 6.53840210715421, 44.14333165433888 ], [ 6.539802462889853, 44.165810741015747 ] ] ] } },
{ "type": "Feature", "properties": { "id": 252, "left": 982993.4, "top": 6344600.1, "right": 985493.4, "bottom": 6342100.1, "grid_row": 8, "grid_col": 9, "id_2": 251, "name_fr": "Beauvezer01", "name_nl": "Beauvezer01", "population": 0.0, "centroid_lat": 44.15406562, "centroid_lon": 6.554713567 }, "geometry": { "type": "Polygon", "coordinates": [ [ [ 6.53840210715421, 44.14333165433888 ], [ 6.569618421223535, 44.142319227480584 ], [ 6.568206861381373, 44.119840803402674 ], [ 6.537002858208866, 44.120852818021582 ], [ 6.53840210715421, 44.14333165433888 ] ] ] } },
{ "type": "Feature", "properties": { "id": 278, "left": 985493.4, "top": 6347100.1, "right": 987993.4, "bottom": 6344600.1, "grid_row": 7, "grid_col": 10, "id_2": 251, "name_fr": "Beauvezer01", "name_nl": "Beauvezer01", "population": 0.0, "centroid_lat": 44.15406562, "centroid_lon": 6.554713567 }, "geometry": { "type": "Polygon", "coordinates": [ [ [ 6.571031097554001, 44.164797901741366 ], [ 6.602258614405928, 44.163776173094824 ], [ 6.600833618804905, 44.141297914861958 ], [ 6.569618421223535, 44.142319227480584 ], [ 6.571031097554001, 44.164797901741366 ] ] ] } },
{ "type": "Feature", "properties": { "id": 279, "left": 985493.4, "top": 6344600.1, "right": 987993.4, "bottom": 6342100.1, "grid_row": 8, "grid_col": 10, "id_2": 251, "name_fr": "Beauvezer01", "name_nl": "Beauvezer01", "population": 0.0, "centroid_lat": 44.15406562, "centroid_lon": 6.554713567 }, "geometry": { "type": "Polygon", "coordinates": [ [ [ 6.569618421223535, 44.142319227480584 ], [ 6.600833618804905, 44.141297914861958 ], [ 6.599409749388101, 44.118819906633654 ], [ 6.568206861381373, 44.119840803402674 ], [ 6.569618421223535, 44.142319227480584 ] ] ] } },
{ "type": "Feature", "properties": { "id": 252, "left": 982993.4, "top": 6344600.1, "right": 985493.4, "bottom": 6342100.1, "grid_row": 8, "grid_col": 9, "id_2": 252, "name_fr": "Thorame-Haute01", "name_nl": "Thorame-Haute01", "population": 0.0, "centroid_lat": 44.131586865000003, "centroid_lon": 6.553307607 }, "geometry": { "type": "Polygon", "coordinates": [ [ [ 6.53840210715421, 44.14333165433888 ], [ 6.569618421223535, 44.142319227480584 ], [ 6.568206861381373, 44.119840803402674 ], [ 6.537002858208866, 44.120852818021582 ], [ 6.53840210715421, 44.14333165433888 ] ] ] } },
{ "type": "Feature", "properties": { "id": 253, "left": 982993.4, "top": 6342100.1, "right": 985493.4, "bottom": 6339600.1, "grid_row": 9, "grid_col": 9, "id_2": 252, "name_fr": "Thorame-Haute01", "name_nl": "Thorame-Haute01", "population": 0.0, "centroid_lat": 44.131586865000003, "centroid_lon": 6.553307607 }, "geometry": { "type": "Polygon", "coordinates": [ [ [ 6.537002858208866, 44.120852818021582 ], [ 6.568206861381373, 44.119840803402674 ], [ 6.566796416705339, 44.097362632836003 ], [ 6.535604714743063, 44.098374235392143 ], [ 6.537002858208866, 44.120852818021582 ] ] ] } },
{ "type": "Feature", "properties": { "id": 279, "left": 985493.4, "top": 6344600.1, "right": 987993.4, "bottom": 6342100.1, "grid_row": 8, "grid_col": 10, "id_2": 252, "name_fr": "Thorame-Haute01", "name_nl": "Thorame-Haute01", "population": 0.0, "centroid_lat": 44.131586865000003, "centroid_lon": 6.553307607 }, "geometry": { "type": "Polygon", "coordinates": [ [ [ 6.569618421223535, 44.142319227480584 ], [ 6.600833618804905, 44.141297914861958 ], [ 6.599409749388101, 44.118819906633654 ], [ 6.568206861381373, 44.119840803402674 ], [ 6.569618421223535, 44.142319227480584 ] ] ] } },
{ "type": "Feature", "properties": { "id": 280, "left": 985493.4, "top": 6342100.1, "right": 987993.4, "bottom": 6339600.1, "grid_row": 9, "grid_col": 10, "id_2": 252, "name_fr": "Thorame-Haute01", "name_nl": "Thorame-Haute01", "population": 0.0, "centroid_lat": 44.131586865000003, "centroid_lon": 6.553307607 }, "geometry": { "type": "Polygon", "coordinates": [ [ [ 6.568206861381373, 44.119840803402674 ], [ 6.599409749388101, 44.118819906633654 ], [ 6.597987004821924, 44.096342151738476 ], [ 6.566796416705339, 44.097362632836003 ], [ 6.568206861381373, 44.119840803402674 ] ] ] } },
{ "type": "Feature", "properties": { "id": 253, "left": 982993.4, "top": 6342100.1, "right": 985493.4, "bottom": 6339600.1, "grid_row": 9, "grid_col": 9, "id_2": 253, "name_fr": "Thorame-Haute02", "name_nl": "Thorame-Haute02", "population": 24.0, "centroid_lat": 44.109108360999997, "centroid_lon": 6.551902757 }, "geometry": { "type": "Polygon", "coordinates": [ [ [ 6.537002858208866, 44.120852818021582 ], [ 6.568206861381373, 44.119840803402674 ], [ 6.566796416705339, 44.097362632836003 ], [ 6.535604714743063, 44.098374235392143 ], [ 6.537002858208866, 44.120852818021582 ] ] ] } },
{ "type": "Feature", "properties": { "id": 254, "left": 982993.4, "top": 6339600.1, "right": 985493.4, "bottom": 6337100.1, "grid_row": 10, "grid_col": 9, "id_2": 253, "name_fr": "Thorame-Haute02", "name_nl": "Thorame-Haute02", "population": 24.0, "centroid_lat": 44.109108360999997, "centroid_lon": 6.551902757 }, "geometry": { "type": "Polygon", "coordinates": [ [ [ 6.535604714743063, 44.098374235392143 ], [ 6.566796416705339, 44.097362632836003 ], [ 6.56538708587534, 44.074884719107551 ], [ 6.534207675448119, 44.075895909777344 ], [ 6.535604714743063, 44.098374235392143 ] ] ] } },
{ "type": "Feature", "properties": { "id": 280, "left": 985493.4, "top": 6342100.1, "right": 987993.4, "bottom": 6339600.1, "grid_row": 9, "grid_col": 10, "id_2": 253, "name_fr": "Thorame-Haute02", "name_nl": "Thorame-Haute02", "population": 24.0, "centroid_lat": 44.109108360999997, "centroid_lon": 6.551902757 }, "geometry": { "type": "Polygon", "coordinates": [ [ [ 6.568206861381373, 44.119840803402674 ], [ 6.599409749388101, 44.118819906633654 ], [ 6.597987004821924, 44.096342151738476 ], [ 6.566796416705339, 44.097362632836003 ], [ 6.568206861381373, 44.119840803402674 ] ] ] } },
{ "type": "Feature", "properties": { "id": 281, "left": 985493.4, "top": 6339600.1, "right": 987993.4, "bottom": 6337100.1, "grid_row": 10, "grid_col": 10, "id_2": 253, "name_fr": "Thorame-Haute02", "name_nl": "Thorame-Haute02", "population": 24.0, "centroid_lat": 44.109108360999997, "centroid_lon": 6.551902757 }, "geometry": { "type": "Polygon", "coordinates": [ [ [ 6.566796416705339, 44.097362632836003 ], [ 6.597987004821924, 44.096342151738476 ], [ 6.596565383774881, 44.073864653503549 ], [ 6.56538708587534, 44.074884719107551 ], [ 6.566796416705339, 44.097362632836003 ] ] ] } },
{ "type": "Feature", "properties": { "id": 227, "left": 980493.4, "top": 6339600.1, "right": 982993.4, "bottom": 6337100.1, "grid_row": 10, "grid_col": 8, "id_2": 254, "name_fr": "Thorame-Haute03", "name_nl": "Thorame-Haute03", "population": 174.0, "centroid_lat": 44.086630112999998, "centroid_lon": 6.550499018 }, "geometry": { "type": "Polygon", "coordinates": [ [ [ 6.504411908610277, 44.099376958918391 ], [ 6.535604714743063, 44.098374235392143 ], [ 6.534207675448119, 44.075895909777344 ], [ 6.503027162157007, 44.076898225024856 ], [ 6.504411908610277, 44.099376958918391 ] ] ] } },
{ "type": "Feature", "properties": { "id": 228, "left": 980493.4, "top": 6337100.1, "right": 982993.4, "bottom": 6334600.1, "grid_row": 11, "grid_col": 8, "id_2": 254, "name_fr": "Thorame-Haute03", "name_nl": "Thorame-Haute03", "population": 174.0, "centroid_lat": 44.086630112999998, "centroid_lon": 6.550499018 }, "geometry": { "type": "Polygon", "coordinates": [ [ [ 6.503027162157007, 44.076898225024856 ], [ 6.534207675448119, 44.075895909777344 ], [ 6.532811739017406, 44.053417844502661 ], [ 6.501643508902118, 44.054419751646165 ], [ 6.503027162157007, 44.076898225024856 ] ] ] } },
{ "type": "Feature", "properties": { "id": 254, "left": 982993.4, "top": 6339600.1, "right": 985493.4, "bottom": 6337100.1, "grid_row": 10, "grid_col": 9, "id_2": 254, "name_fr": "Thorame-Haute03", "name_nl": "Thorame-Haute03", "population": 174.0, "centroid_lat": 44.086630112999998, "centroid_lon": 6.550499018 }, "geometry": { "type": "Polygon", "coordinates": [ [ [ 6.535604714743063, 44.098374235392143 ], [ 6.566796416705339, 44.097362632836003 ], [ 6.56538708587534, 44.074884719107551 ], [ 6.534207675448119, 44.075895909777344 ], [ 6.535604714743063, 44.098374235392143 ] ] ] } },
{ "type": "Feature", "properties": { "id": 255, "left": 982993.4, "top": 6337100.1, "right": 985493.4, "bottom": 6334600.1, "grid_row": 11, "grid_col": 9, "id_2": 254, "name_fr": "Thorame-Haute03", "name_nl": "Thorame-Haute03", "population": 174.0, "centroid_lat": 44.086630112999998, "centroid_lon": 6.550499018 }, "geometry": { "type": "Polygon", "coordinates": [ [ [ 6.534207675448119, 44.075895909777344 ], [ 6.56538708587534, 44.074884719107551 ], [ 6.563978867573367, 44.05240706554288 ], [ 6.532811739017406, 44.053417844502661 ], [ 6.534207675448119, 44.075895909777344 ] ] ] } },
{ "type": "Feature", "properties": { "id": 281, "left": 985493.4, "top": 6339600.1, "right": 987993.4, "bottom": 6337100.1, "grid_row": 10, "grid_col": 10, "id_2": 254, "name_fr": "Thorame-Haute03", "name_nl": "Thorame-Haute03", "population": 174.0, "centroid_lat": 44.086630112999998, "centroid_lon": 6.550499018 }, "geometry": { "type": "Polygon", "coordinates": [ [ [ 6.566796416705339, 44.097362632836003 ], [ 6.597987004821924, 44.096342151738476 ], [ 6.596565383774881, 44.073864653503549 ], [ 6.56538708587534, 44.074884719107551 ], [ 6.566796416705339, 44.097362632836003 ] ] ] } },
{ "type": "Feature", "properties": { "id": 228, "left": 980493.4, "top": 6337100.1, "right": 982993.4, "bottom": 6334600.1, "grid_row": 11, "grid_col": 8, "id_2": 255, "name_fr": "Thorame-Haute04", "name_nl": "Thorame-Haute04", "population": 0.0, "centroid_lat": 44.064152123, "centroid_lon": 6.549096386 }, "geometry": { "type": "Polygon", "coordinates": [ [ [ 6.503027162157007, 44.076898225024856 ], [ 6.534207675448119, 44.075895909777344 ], [ 6.532811739017406, 44.053417844502661 ], [ 6.501643508902118, 44.054419751646165 ], [ 6.503027162157007, 44.076898225024856 ] ] ] } },
{ "type": "Feature", "properties": { "id": 229, "left": 980493.4, "top": 6334600.1, "right": 982993.4, "bottom": 6332100.1, "grid_row": 12, "grid_col": 8, "id_2": 255, "name_fr": "Thorame-Haute04", "name_nl": "Thorame-Haute04", "population": 0.0, "centroid_lat": 44.064152123, "centroid_lon": 6.549096386 }, "geometry": { "type": "Polygon", "coordinates": [ [ [ 6.501643508902118, 44.054419751646165 ], [ 6.532811739017406, 44.053417844502661 ], [ 6.531416904146362, 44.030940042892034 ], [ 6.500260947552419, 44.031941542106175 ], [ 6.501643508902118, 44.054419751646165 ] ] ] } },
{ "type": "Feature", "properties": { "id": 255, "left": 982993.4, "top": 6337100.1, "right": 985493.4, "bottom": 6334600.1, "grid_row": 11, "grid_col": 9, "id_2": 255, "name_fr": "Thorame-Haute04", "name_nl": "Thorame-Haute04", "population": 0.0, "centroid_lat": 44.064152123, "centroid_lon": 6.549096386 }, "geometry": { "type": "Polygon", "coordinates": [ [ [ 6.534207675448119, 44.075895909777344 ], [ 6.56538708587534, 44.074884719107551 ], [ 6.563978867573367, 44.05240706554288 ], [ 6.532811739017406, 44.053417844502661 ], [ 6.534207675448119, 44.075895909777344 ] ] ] } },
{ "type": "Feature", "properties": { "id": 256, "left": 982993.4, "top": 6334600.1, "right": 985493.4, "bottom": 6332100.1, "grid_row": 12, "grid_col": 9, "id_2": 255, "name_fr": "Thorame-Haute04", "name_nl": "Thorame-Haute04", "population": 0.0, "centroid_lat": 44.064152123, "centroid_lon": 6.549096386 }, "geometry": { "type": "Polygon", "coordinates": [ [ [ 6.532811739017406, 44.053417844502661 ], [ 6.563978867573367, 44.05240706554288 ], [ 6.562571760483486, 44.029929675466164 ], [ 6.531416904146362, 44.030940042892034 ], [ 6.532811739017406, 44.053417844502661 ] ] ] } },
{ "type": "Feature", "properties": { "id": 229, "left": 980493.4, "top": 6334600.1, "right": 982993.4, "bottom": 6332100.1, "grid_row": 12, "grid_col": 8, "id_2": 256, "name_fr": "La Mure-Argens03", "name_nl": "La Mure-Argens03", "population": 0.0, "centroid_lat": 44.041674395000001, "centroid_lon": 6.547694862 }, "geometry": { "type": "Polygon", "coordinates": [ [ [ 6.501643508902118, 44.054419751646165 ], [ 6.532811739017406, 44.053417844502661 ], [ 6.531416904146362, 44.030940042892034 ], [ 6.500260947552419, 44.031941542106175 ], [ 6.501643508902118, 44.054419751646165 ] ] ] } },
{ "type": "Feature", "properties": { "id": 256, "left": 982993.4, "top": 6334600.1, "right": 985493.4, "bottom": 6332100.1, "grid_row": 12, "grid_col": 9, "id_2": 256, "name_fr": "La Mure-Argens03", "name_nl": "La Mure-Argens03", "population": 0.0, "centroid_lat": 44.041674395000001, "centroid_lon": 6.547694862 }, "geometry": { "type": "Polygon", "coordinates": [ [ [ 6.532811739017406, 44.053417844502661 ], [ 6.563978867573367, 44.05240706554288 ], [ 6.562571760483486, 44.029929675466164 ], [ 6.531416904146362, 44.030940042892034 ], [ 6.532811739017406, 44.053417844502661 ] ] ] } },
{ "type": "Feature", "properties": { "id": 257, "left": 982993.4, "top": 6332100.1, "right": 985493.4, "bottom": 6329600.1, "grid_row": 13, "grid_col": 9, "id_2": 256, "name_fr": "La Mure-Argens03", "name_nl": "La Mure-Argens03", "population": 0.0, "centroid_lat": 44.041674395000001, "centroid_lon": 6.547694862 }, "geometry": { "type": "Polygon", "coordinates": [ [ [ 6.531416904146362, 44.030940042892034 ], [ 6.562571760483486, 44.029929675466164 ], [ 6.561165763291839, 44.007452552200085 ], [ 6.53002316953248, 44.008462508268096 ], [ 6.531416904146362, 44.030940042892034 ] ] ] } },
{ "type": "Feature", "properties": { "id": 229, "left": 980493.4, "top": 6334600.1, "right": 982993.4, "bottom": 6332100.1, "grid_row": 12, "grid_col": 8, "id_2": 257, "name_fr": "La Mure-Argens04", "name_nl": "La Mure-Argens04", "population": 4.0, "centroid_lat": 44.019196932, "centroid_lon": 6.546294444 }, "geometry": { "type": "Polygon", "coordinates": [ [ [ 6.501643508902118, 44.054419751646165 ], [ 6.532811739017406, 44.053417844502661 ], [ 6.531416904146362, 44.030940042892034 ], [ 6.500260947552419, 44.031941542106175 ], [ 6.501643508902118, 44.054419751646165 ] ] ] } },
{ "type": "Feature", "properties": { "id": 230, "left": 980493.4, "top": 6332100.1, "right": 982993.4, "bottom": 6329600.1, "grid_row": 13, "grid_col": 8, "id_2": 257, "name_fr": "La Mure-Argens04", "name_nl": "La Mure-Argens04", "population": 4.0, "centroid_lat": 44.019196932, "centroid_lon": 6.546294444 }, "geometry": { "type": "Polygon", "coordinates": [ [ [ 6.500260947552419, 44.031941542106175 ], [ 6.531416904146362, 44.030940042892034 ], [ 6.53002316953248, 44.008462508268096 ], [ 6.498879476816757, 44.009463599727354 ], [ 6.500260947552419, 44.031941542106175 ] ] ] } },
{ "type": "Feature", "properties": { "id": 231, "left": 980493.4, "top": 6329600.1, "right": 982993.4, "bottom": 6327100.1, "grid_row": 14, "grid_col": 8, "id_2": 257, "name_fr": "La Mure-Argens04", "name_nl": "La Mure-Argens04", "population": 4.0, "centroid_lat": 44.019196932, "centroid_lon": 6.546294444 }, "geometry": { "type": "Polygon", "coordinates": [ [ [ 6.498879476816757, 44.009463599727354 ], [ 6.53002316953248, 44.008462508268096 ], [ 6.5286305338753, 43.985985243952001 ], [ 6.497499095406011, 43.986985927830723 ], [ 6.498879476816757, 44.009463599727354 ] ] ] } },
{ "type": "Feature", "properties": { "id": 256, "left": 982993.4, "top": 6334600.1, "right": 985493.4, "bottom": 6332100.1, "grid_row": 12, "grid_col": 9, "id_2": 257, "name_fr": "La Mure-Argens04", "name_nl": "La Mure-Argens04", "population": 4.0, "centroid_lat": 44.019196932, "centroid_lon": 6.546294444 }, "geometry": { "type": "Polygon", "coordinates": [ [ [ 6.532811739017406, 44.053417844502661 ], [ 6.563978867573367, 44.05240706554288 ], [ 6.562571760483486, 44.029929675466164 ], [ 6.531416904146362, 44.030940042892034 ], [ 6.532811739017406, 44.053417844502661 ] ] ] } },
{ "type": "Feature", "properties": { "id": 257, "left": 982993.4, "top": 6332100.1, "right": 985493.4, "bottom": 6329600.1, "grid_row": 13, "grid_col": 9, "id_2": 257, "name_fr": "La Mure-Argens04", "name_nl": "La Mure-Argens04", "population": 4.0, "centroid_lat": 44.019196932, "centroid_lon": 6.546294444 }, "geometry": { "type": "Polygon", "coordinates": [ [ [ 6.531416904146362, 44.030940042892034 ], [ 6.562571760483486, 44.029929675466164 ], [ 6.561165763291839, 44.007452552200085 ], [ 6.53002316953248, 44.008462508268096 ], [ 6.531416904146362, 44.030940042892034 ] ] ] } },
{ "type": "Feature", "properties": { "id": 258, "left": 982993.4, "top": 6329600.1, "right": 985493.4, "bottom": 6327100.1, "grid_row": 14, "grid_col": 9, "id_2": 257, "name_fr": "La Mure-Argens04", "name_nl": "La Mure-Argens04", "population": 4.0, "centroid_lat": 44.019196932, "centroid_lon": 6.546294444 }, "geometry": { "type": "Polygon", "coordinates": [ [ [ 6.53002316953248, 44.008462508268096 ], [ 6.561165763291839, 44.007452552200085 ], [ 6.559760874686637, 43.984975699066005 ], [ 6.5286305338753, 43.985985243952001 ], [ 6.53002316953248, 44.008462508268096 ] ] ] } },
{ "type": "Feature", "properties": { "id": 231, "left": 980493.4, "top": 6329600.1, "right": 982993.4, "bottom": 6327100.1, "grid_row": 14, "grid_col": 8, "id_2": 258, "name_fr": "La Mure-Argens05", "name_nl": "La Mure-Argens05", "population": 8.0, "centroid_lat": 43.996719738000003, "centroid_lon": 6.54489513 }, "geometry": { "type": "Polygon", "coordinates": [ [ [ 6.498879476816757, 44.009463599727354 ], [ 6.53002316953248, 44.008462508268096 ], [ 6.5286305338753, 43.985985243952001 ], [ 6.497499095406011, 43.986985927830723 ], [ 6.498879476816757, 44.009463599727354 ] ] ] } },
{ "type": "Feature", "properties": { "id": 232, "left": 980493.4, "top": 6327100.1, "right": 982993.4, "bottom": 6324600.1, "grid_row": 15, "grid_col": 8, "id_2": 258, "name_fr": "La Mure-Argens05", "name_nl": "La Mure-Argens05", "population": 8.0, "centroid_lat": 43.996719738000003, "centroid_lon": 6.54489513 }, "geometry": { "type": "Polygon", "coordinates": [ [ [ 6.497499095406011, 43.986985927830723 ], [ 6.5286305338753, 43.985985243952001 ], [ 6.527238995876416, 43.963508253263505 ], [ 6.496119802033093, 43.964508529735866 ], [ 6.497499095406011, 43.986985927830723 ] ] ] } },
{ "type": "Feature", "properties": { "id": 258, "left": 982993.4, "top": 6329600.1, "right": 985493.4, "bottom": 6327100.1, "grid_row": 14, "grid_col": 9, "id_2": 258, "name_fr": "La Mure-Argens05", "name_nl": "La Mure-Argens05", "population": 8.0, "centroid_lat": 43.996719738000003, "centroid_lon": 6.54489513 }, "geometry": { "type": "Polygon", "coordinates": [ [ [ 6.53002316953248, 44.008462508268096 ], [ 6.561165763291839, 44.007452552200085 ], [ 6.559760874686637, 43.984975699066005 ], [ 6.5286305338753, 43.985985243952001 ], [ 6.53002316953248, 44.008462508268096 ] ] ] } },
{ "type": "Feature", "properties": { "id": 259, "left": 982993.4, "top": 6327100.1, "right": 985493.4, "bottom": 6324600.1, "grid_row": 15, "grid_col": 9, "id_2": 258, "name_fr": "La Mure-Argens05", "name_nl": "La Mure-Argens05", "population": 8.0, "centroid_lat": 43.996719738000003, "centroid_lon": 6.54489513 }, "geometry": { "type": "Polygon", "coordinates": [ [ [ 6.5286305338753, 43.985985243952001 ], [ 6.559760874686637, 43.984975699066005 ], [ 6.558357093358151, 43.962499119383814 ], [ 6.527238995876416, 43.963508253263505 ], [ 6.5286305338753, 43.985985243952001 ] ] ] } },
{ "type": "Feature", "properties": { "id": 232, "left": 980493.4, "top": 6327100.1, "right": 982993.4, "bottom": 6324600.1, "grid_row": 15, "grid_col": 8, "id_2": 259, "name_fr": "La Mure-Argens06", "name_nl": "La Mure-Argens06", "population": 1.0, "centroid_lat": 43.974242816, "centroid_lon": 6.543496919 }, "geometry": { "type": "Polygon", "coordinates": [ [ [ 6.497499095406011, 43.986985927830723 ], [ 6.5286305338753, 43.985985243952001 ], [ 6.527238995876416, 43.963508253263505 ], [ 6.496119802033093, 43.964508529735866 ], [ 6.497499095406011, 43.986985927830723 ] ] ] } },
{ "type": "Feature", "properties": { "id": 259, "left": 982993.4, "top": 6327100.1, "right": 985493.4, "bottom": 6324600.1, "grid_row": 15, "grid_col": 9, "id_2": 259, "name_fr": "La Mure-Argens06", "name_nl": "La Mure-Argens06", "population": 1.0, "centroid_lat": 43.974242816, "centroid_lon": 6.543496919 }, "geometry": { "type": "Polygon", "coordinates": [ [ [ 6.5286305338753, 43.985985243952001 ], [ 6.559760874686637, 43.984975699066005 ], [ 6.558357093358151, 43.962499119383814 ], [ 6.527238995876416, 43.963508253263505 ], [ 6.5286305338753, 43.985985243952001 ] ] ] } },
{ "type": "Feature", "properties": { "id": 260, "left": 982993.4, "top": 6324600.1, "right": 985493.4, "bottom": 6322100.1, "grid_row": 16, "grid_col": 9, "id_2": 259, "name_fr": "La Mure-Argens06", "name_nl": "La Mure-Argens06", "population": 1.0, "centroid_lat": 43.974242816, "centroid_lon": 6.543496919 }, "geometry": { "type": "Polygon", "coordinates": [ [ [ 6.527238995876416, 43.963508253263505 ], [ 6.558357093358151, 43.962499119383814 ], [ 6.556954417998718, 43.940022816471966 ], [ 6.525848554239458, 43.941031539520949 ], [ 6.527238995876416, 43.963508253263505 ] ] ] } },
{ "type": "Feature", "properties": { "id": 233, "left": 980493.4, "top": 6324600.1, "right": 982993.4, "bottom": 6322100.1, "grid_row": 16, "grid_col": 8, "id_2": 260, "name_fr": "Angles01", "name_nl": "Angles01", "population": 11.0, "centroid_lat": 43.951766169000003, "centroid_lon": 6.54209981 }, "geometry": { "type": "Polygon", "coordinates": [ [ [ 6.496119802033093, 43.964508529735866 ], [ 6.527238995876416, 43.963508253263505 ], [ 6.525848554239458, 43.941031539520949 ], [ 6.494741595412937, 43.942031408760997 ], [ 6.496119802033093, 43.964508529735866 ] ] ] } },
{ "type": "Feature", "properties": { "id": 234, "left": 980493.4, "top": 6322100.1, "right": 982993.4, "bottom": 6319600.1, "grid_row": 17, "grid_col": 8, "id_2": 260, "name_fr": "Angles01", "name_nl": "Angles01", "population": 11.0, "centroid_lat": 43.951766169000003, "centroid_lon": 6.54209981 }, "geometry": { "type": "Polygon", "coordinates": [ [ [ 6.494741595412937, 43.942031408760997 ], [ 6.525848554239458, 43.941031539520949 ], [ 6.5244592076701, 43.918555106041232 ], [ 6.493364474262499, 43.919554568222878 ], [ 6.494741595412937, 43.942031408760997 ] ] ] } },
{ "type": "Feature", "properties": { "id": 260, "left": 982993.4, "top": 6324600.1, "right": 985493.4, "bottom": 6322100.1, "grid_row": 16, "grid_col": 9, "id_2": 260, "name_fr": "Angles01", "name_nl": "Angles01", "population": 11.0, "centroid_lat": 43.951766169000003, "centroid_lon": 6.54209981 }, "geometry": { "type": "Polygon", "coordinates": [ [ [ 6.527238995876416, 43.963508253263505 ], [ 6.558357093358151, 43.962499119383814 ], [ 6.556954417998718, 43.940022816471966 ], [ 6.525848554239458, 43.941031539520949 ], [ 6.527238995876416, 43.963508253263505 ] ] ] } },
{ "type": "Feature", "properties": { "id": 261, "left": 982993.4, "top": 6322100.1, "right": 985493.4, "bottom": 6319600.1, "grid_row": 17, "grid_col": 9, "id_2": 260, "name_fr": "Angles01", "name_nl": "Angles01", "population": 11.0, "centroid_lat": 43.951766169000003, "centroid_lon": 6.54209981 }, "geometry": { "type": "Polygon", "coordinates": [ [ [ 6.525848554239458, 43.941031539520949 ], [ 6.556954417998718, 43.940022816471966 ], [ 6.555552847302732, 43.917546793647546 ], [ 6.5244592076701, 43.918555106041232 ], [ 6.525848554239458, 43.941031539520949 ] ] ] } },
{ "type": "Feature", "properties": { "id": 234, "left": 980493.4, "top": 6322100.1, "right": 982993.4, "bottom": 6319600.1, "grid_row": 17, "grid_col": 8, "id_2": 261, "name_fr": "Angles02", "name_nl": "Angles02", "population": 28.0, "centroid_lat": 43.9292898, "centroid_lon": 6.540703801 }, "geometry": { "type": "Polygon", "coordinates": [ [ [ 6.494741595412937, 43.942031408760997 ], [ 6.525848554239458, 43.941031539520949 ], [ 6.5244592076701, 43.918555106041232 ], [ 6.493364474262499, 43.919554568222878 ], [ 6.494741595412937, 43.942031408760997 ] ] ] } },
{ "type": "Feature", "properties": { "id": 261, "left": 982993.4, "top": 6322100.1, "right": 985493.4, "bottom": 6319600.1, "grid_row": 17, "grid_col": 9, "id_2": 261, "name_fr": "Angles02", "name_nl": "Angles02", "population": 28.0, "centroid_lat": 43.9292898, "centroid_lon": 6.540703801 }, "geometry": { "type": "Polygon", "coordinates": [ [ [ 6.525848554239458, 43.941031539520949 ], [ 6.556954417998718, 43.940022816471966 ], [ 6.555552847302732, 43.917546793647546 ], [ 6.5244592076701, 43.918555106041232 ], [ 6.525848554239458, 43.941031539520949 ] ] ] } },
{ "type": "Feature", "properties": { "id": 262, "left": 982993.4, "top": 6319600.1, "right": 985493.4, "bottom": 6317100.1, "grid_row": 18, "grid_col": 9, "id_2": 261, "name_fr": "Angles02", "name_nl": "Angles02", "population": 28.0, "centroid_lat": 43.9292898, "centroid_lon": 6.540703801 }, "geometry": { "type": "Polygon", "coordinates": [ [ [ 6.5244592076701, 43.918555106041232 ], [ 6.555552847302732, 43.917546793647546 ], [ 6.554152379966637, 43.895071054226165 ], [ 6.52307095487605, 43.896078956139846 ], [ 6.5244592076701, 43.918555106041232 ] ] ] } },
{ "type": "Feature", "properties": { "id": 235, "left": 980493.4, "top": 6319600.1, "right": 982993.4, "bottom": 6317100.1, "grid_row": 18, "grid_col": 8, "id_2": 262, "name_fr": "Saint-Julien-du-Verdon01", "name_nl": "Saint-Julien-du-Verdon01", "population": 128.0, "centroid_lat": 43.906813714000002, "centroid_lon": 6.539308891 }, "geometry": { "type": "Polygon", "coordinates": [ [ [ 6.493364474262499, 43.919554568222878 ], [ 6.5244592076701, 43.918555106041232 ], [ 6.52307095487605, 43.896078956139846 ], [ 6.491988437300754, 43.897078011436854 ], [ 6.493364474262499, 43.919554568222878 ] ] ] } },
{ "type": "Feature", "properties": { "id": 236, "left": 980493.4, "top": 6317100.1, "right": 982993.4, "bottom": 6314600.1, "grid_row": 19, "grid_col": 8, "id_2": 262, "name_fr": "Saint-Julien-du-Verdon01", "name_nl": "Saint-Julien-du-Verdon01", "population": 128.0, "centroid_lat": 43.906813714000002, "centroid_lon": 6.539308891 }, "geometry": { "type": "Polygon", "coordinates": [ [ [ 6.491988437300754, 43.897078011436854 ], [ 6.52307095487605, 43.896078956139846 ], [ 6.521683794567045, 43.873603093130882 ], [ 6.490613483248691, 43.874601741716845 ], [ 6.491988437300754, 43.897078011436854 ] ] ] } },
{ "type": "Feature", "properties": { "id": 262, "left": 982993.4, "top": 6319600.1, "right": 985493.4, "bottom": 6317100.1, "grid_row": 18, "grid_col": 9, "id_2": 262, "name_fr": "Saint-Julien-du-Verdon01", "name_nl": "Saint-Julien-du-Verdon01", "population": 128.0, "centroid_lat": 43.906813714000002, "centroid_lon": 6.539308891 }, "geometry": { "type": "Polygon", "coordinates": [ [ [ 6.5244592076701, 43.918555106041232 ], [ 6.555552847302732, 43.917546793647546 ], [ 6.554152379966637, 43.895071054226165 ], [ 6.52307095487605, 43.896078956139846 ], [ 6.5244592076701, 43.918555106041232 ] ] ] } },
{ "type": "Feature", "properties": { "id": 263, "left": 982993.4, "top": 6317100.1, "right": 985493.4, "bottom": 6314600.1, "grid_row": 19, "grid_col": 9, "id_2": 262, "name_fr": "Saint-Julien-du-Verdon01", "name_nl": "Saint-Julien-du-Verdon01", "population": 128.0, "centroid_lat": 43.906813714000002, "centroid_lon": 6.539308891 }, "geometry": { "type": "Polygon", "coordinates": [ [ [ 6.52307095487605, 43.896078956139846 ], [ 6.554152379966637, 43.895071054226165 ], [ 6.552753014688925, 43.872595601522058 ], [ 6.521683794567045, 43.873603093130882 ], [ 6.52307095487605, 43.896078956139846 ] ] ] } },
{ "type": "Feature", "properties": { "id": 236, "left": 980493.4, "top": 6317100.1, "right": 982993.4, "bottom": 6314600.1, "grid_row": 19, "grid_col": 8, "id_2": 263, "name_fr": "Castellane16", "name_nl": "Castellane16", "population": 26.0, "centroid_lat": 43.884337912, "centroid_lon": 6.53791508 }, "geometry": { "type": "Polygon", "coordinates": [ [ [ 6.491988437300754, 43.897078011436854 ], [ 6.52307095487605, 43.896078956139846 ], [ 6.521683794567045, 43.873603093130882 ], [ 6.490613483248691, 43.874601741716845 ], [ 6.491988437300754, 43.897078011436854 ] ] ] } },
{ "type": "Feature", "properties": { "id": 237, "left": 980493.4, "top": 6314600.1, "right": 982993.4, "bottom": 6312100.1, "grid_row": 20, "grid_col": 8, "id_2": 263, "name_fr": "Castellane16", "name_nl": "Castellane16", "population": 26.0, "centroid_lat": 43.884337912, "centroid_lon": 6.53791508 }, "geometry": { "type": "Polygon", "coordinates": [ [ [ 6.490613483248691, 43.874601741716845 ], [ 6.521683794567045, 43.873603093130882 ], [ 6.520297725454856, 43.851127520326976 ], [ 6.489239610829307, 43.852125762375401 ], [ 6.490613483248691, 43.874601741716845 ] ] ] } },
{ "type": "Feature", "properties": { "id": 263, "left": 982993.4, "top": 6317100.1, "right": 985493.4, "bottom": 6314600.1, "grid_row": 19, "grid_col": 9, "id_2": 263, "name_fr": "Castellane16", "name_nl": "Castellane16", "population": 26.0, "centroid_lat": 43.884337912, "centroid_lon": 6.53791508 }, "geometry": { "type": "Polygon", "coordinates": [ [ [ 6.52307095487605, 43.896078956139846 ], [ 6.554152379966637, 43.895071054226165 ], [ 6.552753014688925, 43.872595601522058 ], [ 6.521683794567045, 43.873603093130882 ], [ 6.52307095487605, 43.896078956139846 ] ] ] } },
{ "type": "Feature", "properties": { "id": 264, "left": 982993.4, "top": 6314600.1, "right": 985493.4, "bottom": 6312100.1, "grid_row": 20, "grid_col": 9, "id_2": 263, "name_fr": "Castellane16", "name_nl": "Castellane16", "population": 26.0, "centroid_lat": 43.884337912, "centroid_lon": 6.53791508 }, "geometry": { "type": "Polygon", "coordinates": [ [ [ 6.521683794567045, 43.873603093130882 ], [ 6.552753014688925, 43.872595601522058 ], [ 6.551354750170137, 43.850120438848023 ], [ 6.520297725454856, 43.851127520326976 ], [ 6.521683794567045, 43.873603093130882 ] ] ] } },
{ "type": "Feature", "properties": { "id": 237, "left": 980493.4, "top": 6314600.1, "right": 982993.4, "bottom": 6312100.1, "grid_row": 20, "grid_col": 8, "id_2": 264, "name_fr": "Castellane17", "name_nl": "Castellane17", "population": 0.0, "centroid_lat": 43.861862399000003, "centroid_lon": 6.536522365 }, "geometry": { "type": "Polygon", "coordinates": [ [ [ 6.490613483248691, 43.874601741716845 ], [ 6.521683794567045, 43.873603093130882 ], [ 6.520297725454856, 43.851127520326976 ], [ 6.489239610829307, 43.852125762375401 ], [ 6.490613483248691, 43.874601741716845 ] ] ] } },
{ "type": "Feature", "properties": { "id": 238, "left": 980493.4, "top": 6312100.1, "right": 982993.4, "bottom": 6309600.1, "grid_row": 21, "grid_col": 8, "id_2": 264, "name_fr": "Castellane17", "name_nl": "Castellane17", "population": 0.0, "centroid_lat": 43.861862399000003, "centroid_lon": 6.536522365 }, "geometry": { "type": "Polygon", "coordinates": [ [ [ 6.489239610829307, 43.852125762375401 ], [ 6.520297725454856, 43.851127520326976 ], [ 6.518912746253267, 43.828652241039357 ], [ 6.487866818767606, 43.829650076723581 ], [ 6.489239610829307, 43.852125762375401 ] ] ] } },
{ "type": "Feature", "properties": { "id": 264, "left": 982993.4, "top": 6314600.1, "right": 985493.4, "bottom": 6312100.1, "grid_row": 20, "grid_col": 9, "id_2": 264, "name_fr": "Castellane17", "name_nl": "Castellane17", "population": 0.0, "centroid_lat": 43.861862399000003, "centroid_lon": 6.536522365 }, "geometry": { "type": "Polygon", "coordinates": [ [ [ 6.521683794567045, 43.873603093130882 ], [ 6.552753014688925, 43.872595601522058 ], [ 6.551354750170137, 43.850120438848023 ], [ 6.520297725454856, 43.851127520326976 ], [ 6.521683794567045, 43.873603093130882 ] ] ] } },
{ "type": "Feature", "properties": { "id": 265, "left": 982993.4, "top": 6312100.1, "right": 985493.4, "bottom": 6309600.1, "grid_row": 21, "grid_col": 9, "id_2": 264, "name_fr": "Castellane17", "name_nl": "Castellane17", "population": 0.0, "centroid_lat": 43.861862399000003, "centroid_lon": 6.536522365 }, "geometry": { "type": "Polygon", "coordinates": [ [ [ 6.520297725454856, 43.851127520326976 ], [ 6.551354750170137, 43.850120438848023 ], [ 6.549957585112853, 43.827645569515418 ], [ 6.518912746253267, 43.828652241039357 ], [ 6.520297725454856, 43.851127520326976 ] ] ] } },
{ "type": "Feature", "properties": { "id": 291, "left": 985493.4, "top": 6314600.1, "right": 987993.4, "bottom": 6312100.1, "grid_row": 20, "grid_col": 10, "id_2": 264, "name_fr": "Castellane17", "name_nl": "Castellane17", "population": 0.0, "centroid_lat": 43.861862399000003, "centroid_lon": 6.536522365 }, "geometry": { "type": "Polygon", "coordinates": [ [ [ 6.552753014688925, 43.872595601522058 ], [ 6.58382113405222, 43.871579267374912 ], [ 6.582410675424256, 43.849104518422664 ], [ 6.551354750170137, 43.850120438848023 ], [ 6.552753014688925, 43.872595601522058 ] ] ] } },
{ "type": "Feature", "properties": { "id": 292, "left": 985493.4, "top": 6312100.1, "right": 987993.4, "bottom": 6309600.1, "grid_row": 21, "grid_col": 10, "id_2": 264, "name_fr": "Castellane17", "name_nl": "Castellane17", "population": 0.0, "centroid_lat": 43.861862399000003, "centroid_lon": 6.536522365 }, "geometry": { "type": "Polygon", "coordinates": [ [ [ 6.551354750170137, 43.850120438848023 ], [ 6.582410675424256, 43.849104518422664 ], [ 6.581001325806657, 43.826630062635459 ], [ 6.549957585112853, 43.827645569515418 ], [ 6.551354750170137, 43.850120438848023 ] ] ] } },
{ "type": "Feature", "properties": { "id": 238, "left": 980493.4, "top": 6312100.1, "right": 982993.4, "bottom": 6309600.1, "grid_row": 21, "grid_col": 8, "id_2": 265, "name_fr": "Castellane18", "name_nl": "Castellane18", "population": 88.0, "centroid_lat": 43.839387178000003, "centroid_lon": 6.535130746 }, "geometry": { "type": "Polygon", "coordinates": [ [ [ 6.489239610829307, 43.852125762375401 ], [ 6.520297725454856, 43.851127520326976 ], [ 6.518912746253267, 43.828652241039357 ], [ 6.487866818767606, 43.829650076723581 ], [ 6.489239610829307, 43.852125762375401 ] ] ] } },
{ "type": "Feature", "properties": { "id": 265, "left": 982993.4, "top": 6312100.1, "right": 985493.4, "bottom": 6309600.1, "grid_row": 21, "grid_col": 9, "id_2": 265, "name_fr": "Castellane18", "name_nl": "Castellane18", "population": 88.0, "centroid_lat": 43.839387178000003, "centroid_lon": 6.535130746 }, "geometry": { "type": "Polygon", "coordinates": [ [ [ 6.520297725454856, 43.851127520326976 ], [ 6.551354750170137, 43.850120438848023 ], [ 6.549957585112853, 43.827645569515418 ], [ 6.518912746253267, 43.828652241039357 ], [ 6.520297725454856, 43.851127520326976 ] ] ] } },
{ "type": "Feature", "properties": { "id": 266, "left": 982993.4, "top": 6309600.1, "right": 985493.4, "bottom": 6307100.1, "grid_row": 22, "grid_col": 9, "id_2": 265, "name_fr": "Castellane18", "name_nl": "Castellane18", "population": 88.0, "centroid_lat": 43.839387178000003, "centroid_lon": 6.535130746 }, "geometry": { "type": "Polygon", "coordinates": [ [ [ 6.518912746253267, 43.828652241039357 ], [ 6.549957585112853, 43.827645569515418 ], [ 6.548561518221687, 43.8051709968342 ], [ 6.517528855678091, 43.806177258577847 ], [ 6.518912746253267, 43.828652241039357 ] ] ] } },
{ "type": "Feature", "properties": { "id": 292, "left": 985493.4, "top": 6312100.1, "right": 987993.4, "bottom": 6309600.1, "grid_row": 21, "grid_col": 10, "id_2": 265, "name_fr": "Castellane18", "name_nl": "Castellane18", "population": 88.0, "centroid_lat": 43.839387178000003, "centroid_lon": 6.535130746 }, "geometry": { "type": "Polygon", "coordinates": [ [ [ 6.551354750170137, 43.850120438848023 ], [ 6.582410675424256, 43.849104518422664 ], [ 6.581001325806657, 43.826630062635459 ], [ 6.549957585112853, 43.827645569515418 ], [ 6.551354750170137, 43.850120438848023 ] ] ] } },
{ "type": "Feature", "properties": { "id": 293, "left": 985493.4, "top": 6309600.1, "right": 987993.4, "bottom": 6307100.1, "grid_row": 22, "grid_col": 10, "id_2": 265, "name_fr": "Castellane18", "name_nl": "Castellane18", "population": 88.0, "centroid_lat": 43.839387178000003, "centroid_lon": 6.535130746 }, "geometry": { "type": "Polygon", "coordinates": [ [ [ 6.549957585112853, 43.827645569515418 ], [ 6.581001325806657, 43.826630062635459 ], [ 6.579593083892854, 43.804155903323448 ], [ 6.548561518221687, 43.8051709968342 ], [ 6.549957585112853, 43.827645569515418 ] ] ] } },
{ "type": "Feature", "properties": { "id": 266, "left": 982993.4, "top": 6309600.1, "right": 985493.4, "bottom": 6307100.1, "grid_row": 22, "grid_col": 9, "id_2": 266, "name_fr": "Castellane19", "name_nl": "Castellane19", "population": 2.0, "centroid_lat": 43.816912250999998, "centroid_lon": 6.53374022 }, "geometry": { "type": "Polygon", "coordinates": [ [ [ 6.518912746253267, 43.828652241039357 ], [ 6.549957585112853, 43.827645569515418 ], [ 6.548561518221687, 43.8051709968342 ], [ 6.517528855678091, 43.806177258577847 ], [ 6.518912746253267, 43.828652241039357 ] ] ] } },
{ "type": "Feature", "properties": { "id": 267, "left": 982993.4, "top": 6307100.1, "right": 985493.4, "bottom": 6304600.1, "grid_row": 23, "grid_col": 9, "id_2": 266, "name_fr": "Castellane19", "name_nl": "Castellane19", "population": 2.0, "centroid_lat": 43.816912250999998, "centroid_lon": 6.53374022 }, "geometry": { "type": "Polygon", "coordinates": [ [ [ 6.517528855678091, 43.806177258577847 ], [ 6.548561518221687, 43.8051709968342 ], [ 6.547166548203292, 43.782696724112874 ], [ 6.516146052447151, 43.783702576250803 ], [ 6.517528855678091, 43.806177258577847 ] ] ] } },
{ "type": "Feature", "properties": { "id": 293, "left": 985493.4, "top": 6309600.1, "right": 987993.4, "bottom": 6307100.1, "grid_row": 22, "grid_col": 10, "id_2": 266, "name_fr": "Castellane19", "name_nl": "Castellane19", "population": 2.0, "centroid_lat": 43.816912250999998, "centroid_lon": 6.53374022 }, "geometry": { "type": "Polygon", "coordinates": [ [ [ 6.549957585112853, 43.827645569515418 ], [ 6.581001325806657, 43.826630062635459 ], [ 6.579593083892854, 43.804155903323448 ], [ 6.548561518221687, 43.8051709968342 ], [ 6.549957585112853, 43.827645569515418 ] ] ] } },
{ "type": "Feature", "properties": { "id": 240, "left": 980493.4, "top": 6307100.1, "right": 982993.4, "bottom": 6304600.1, "grid_row": 23, "grid_col": 8, "id_2": 267, "name_fr": "Castellane20", "name_nl": "Castellane20", "population": 9.0, "centroid_lat": 43.794437623, "centroid_lon": 6.532350787 }, "geometry": { "type": "Polygon", "coordinates": [ [ [ 6.486495105790593, 43.807174688071051 ], [ 6.517528855678091, 43.806177258577847 ], [ 6.516146052447151, 43.783702576250803 ], [ 6.485124470627272, 43.784699599726054 ], [ 6.486495105790593, 43.807174688071051 ] ] ] } },
{ "type": "Feature", "properties": { "id": 241, "left": 980493.4, "top": 6304600.1, "right": 982993.4, "bottom": 6302100.1, "grid_row": 24, "grid_col": 8, "id_2": 267, "name_fr": "Castellane20", "name_nl": "Castellane20", "population": 9.0, "centroid_lat": 43.794437623, "centroid_lon": 6.532350787 }, "geometry": { "type": "Polygon", "coordinates": [ [ [ 6.485124470627272, 43.784699599726054 ], [ 6.516146052447151, 43.783702576250803 ], [ 6.514764335280281, 43.761228197365192 ], [ 6.483754912008639, 43.762224814995392 ], [ 6.485124470627272, 43.784699599726054 ] ] ] } },
{ "type": "Feature", "properties": { "id": 267, "left": 982993.4, "top": 6307100.1, "right": 985493.4, "bottom": 6304600.1, "grid_row": 23, "grid_col": 9, "id_2": 267, "name_fr": "Castellane20", "name_nl": "Castellane20", "population": 9.0, "centroid_lat": 43.794437623, "centroid_lon": 6.532350787 }, "geometry": { "type": "Polygon", "coordinates": [ [ [ 6.517528855678091, 43.806177258577847 ], [ 6.548561518221687, 43.8051709968342 ], [ 6.547166548203292, 43.782696724112874 ], [ 6.516146052447151, 43.783702576250803 ], [ 6.517528855678091, 43.806177258577847 ] ] ] } },
{ "type": "Feature", "properties": { "id": 268, "left": 982993.4, "top": 6304600.1, "right": 985493.4, "bottom": 6302100.1, "grid_row": 24, "grid_col": 9, "id_2": 267, "name_fr": "Castellane20", "name_nl": "Castellane20", "population": 9.0, "centroid_lat": 43.794437623, "centroid_lon": 6.532350787 }, "geometry": { "type": "Polygon", "coordinates": [ [ [ 6.516146052447151, 43.783702576250803 ], [ 6.547166548203292, 43.782696724112874 ], [ 6.545772673766343, 43.760222754658571 ], [ 6.514764335280281, 43.761228197365192 ], [ 6.516146052447151, 43.783702576250803 ] ] ] } },
{ "type": "Feature", "properties": { "id": 241, "left": 980493.4, "top": 6304600.1, "right": 982993.4, "bottom": 6302100.1, "grid_row": 24, "grid_col": 8, "id_2": 268, "name_fr": "Castellane21", "name_nl": "Castellane21", "population": 0.0, "centroid_lat": 43.771963297, "centroid_lon": 6.530962446 }, "geometry": { "type": "Polygon", "coordinates": [ [ [ 6.485124470627272, 43.784699599726054 ], [ 6.516146052447151, 43.783702576250803 ], [ 6.514764335280281, 43.761228197365192 ], [ 6.483754912008639, 43.762224814995392 ], [ 6.485124470627272, 43.784699599726054 ] ] ] } },
{ "type": "Feature", "properties": { "id": 242, "left": 980493.4, "top": 6302100.1, "right": 982993.4, "bottom": 6299600.1, "grid_row": 25, "grid_col": 8, "id_2": 268, "name_fr": "Castellane21", "name_nl": "Castellane21", "population": 0.0, "centroid_lat": 43.771963297, "centroid_lon": 6.530962446 }, "geometry": { "type": "Polygon", "coordinates": [ [ [ 6.483754912008639, 43.762224814995392 ], [ 6.514764335280281, 43.761228197365192 ], [ 6.513383702899326, 43.738754125226521 ], [ 6.482386428667681, 43.739750337184432 ], [ 6.483754912008639, 43.762224814995392 ] ] ] } },
{ "type": "Feature", "properties": { "id": 268, "left": 982993.4, "top": 6304600.1, "right": 985493.4, "bottom": 6302100.1, "grid_row": 24, "grid_col": 9, "id_2": 268, "name_fr": "Castellane21", "name_nl": "Castellane21", "population": 0.0, "centroid_lat": 43.771963297, "centroid_lon": 6.530962446 }, "geometry": { "type": "Polygon", "coordinates": [ [ [ 6.516146052447151, 43.783702576250803 ], [ 6.547166548203292, 43.782696724112874 ], [ 6.545772673766343, 43.760222754658571 ], [ 6.514764335280281, 43.761228197365192 ], [ 6.516146052447151, 43.783702576250803 ] ] ] } },
{ "type": "Feature", "properties": { "id": 269, "left": 982993.4, "top": 6302100.1, "right": 985493.4, "bottom": 6299600.1, "grid_row": 25, "grid_col": 9, "id_2": 268, "name_fr": "Castellane21", "name_nl": "Castellane21", "population": 0.0, "centroid_lat": 43.771963297, "centroid_lon": 6.530962446 }, "geometry": { "type": "Polygon", "coordinates": [ [ [ 6.514764335280281, 43.761228197365192 ], [ 6.545772673766343, 43.760222754658571 ], [ 6.544379893621542, 43.737749091776898 ], [ 6.513383702899326, 43.738754125226521 ], [ 6.514764335280281, 43.761228197365192 ] ] ] } },
{ "type": "Feature", "properties": { "id": 295, "left": 985493.4, "top": 6304600.1, "right": 987993.4, "bottom": 6302100.1, "grid_row": 24, "grid_col": 10, "id_2": 268, "name_fr": "Castellane21", "name_nl": "Castellane21", "population": 0.0, "centroid_lat": 43.771963297, "centroid_lon": 6.530962446 }, "geometry": { "type": "Polygon", "coordinates": [ [ [ 6.547166548203292, 43.782696724112874 ], [ 6.578185948378325, 43.7816820437952 ], [ 6.576779917960591, 43.759208487358045 ], [ 6.545772673766343, 43.760222754658571 ], [ 6.547166548203292, 43.782696724112874 ] ] ] } },
{ "type": "Feature", "properties": { "id": 296, "left": 985493.4, "top": 6302100.1, "right": 987993.4, "bottom": 6299600.1, "grid_row": 25, "grid_col": 10, "id_2": 268, "name_fr": "Castellane21", "name_nl": "Castellane21", "population": 0.0, "centroid_lat": 43.771963297, "centroid_lon": 6.530962446 }, "geometry": { "type": "Polygon", "coordinates": [ [ [ 6.545772673766343, 43.760222754658571 ], [ 6.576779917960591, 43.759208487358045 ], [ 6.575374991339221, 43.736735237317745 ], [ 6.544379893621542, 43.737749091776898 ], [ 6.545772673766343, 43.760222754658571 ] ] ] } },
{ "type": "Feature", "properties": { "id": 244, "left": 982993.4, "top": 6364600.1, "right": 985493.4, "bottom": 6362100.1, "grid_row": 0, "grid_col": 9, "id_2": 271, "name_fr": "Allos09", "name_nl": "Allos09", "population": 0.0, "centroid_lat": 44.310403703, "centroid_lon": 6.595894901 }, "geometry": { "type": "Polygon", "coordinates": [ [ [ 6.549636053707093, 44.323171077953333 ], [ 6.580951205042442, 44.322155346805225 ], [ 6.579530676096863, 44.299675014578028 ], [ 6.54822791356372, 44.30069033206874 ], [ 6.549636053707093, 44.323171077953333 ] ] ] } },
{ "type": "Feature", "properties": { "id": 245, "left": 982993.4, "top": 6362100.1, "right": 985493.4, "bottom": 6359600.1, "grid_row": 1, "grid_col": 9, "id_2": 271, "name_fr": "Allos09", "name_nl": "Allos09", "population": 0.0, "centroid_lat": 44.310403703, "centroid_lon": 6.595894901 }, "geometry": { "type": "Polygon", "coordinates": [ [ [ 6.54822791356372, 44.30069033206874 ], [ 6.579530676096863, 44.299675014578028 ], [ 6.578111272953564, 44.277194909195437 ], [ 6.54682088944416, 44.27820981320653 ], [ 6.54822791356372, 44.30069033206874 ] ] ] } },
{ "type": "Feature", "properties": { "id": 271, "left": 985493.4, "top": 6364600.1, "right": 987993.4, "bottom": 6362100.1, "grid_row": 0, "grid_col": 10, "id_2": 271, "name_fr": "Allos09", "name_nl": "Allos09", "population": 0.0, "centroid_lat": 44.310403703, "centroid_lon": 6.595894901 }, "geometry": { "type": "Polygon", "coordinates": [ [ [ 6.580951205042442, 44.322155346805225 ], [ 6.612265229236859, 44.321130700959408 ], [ 6.61083231282808, 44.298650786012153 ], [ 6.579530676096863, 44.299675014578028 ], [ 6.580951205042442, 44.322155346805225 ] ] ] } },
{ "type": "Feature", "properties": { "id": 272, "left": 985493.4, "top": 6362100.1, "right": 987993.4, "bottom": 6359600.1, "grid_row": 1, "grid_col": 10, "id_2": 271, "name_fr": "Allos09", "name_nl": "Allos09", "population": 0.0, "centroid_lat": 44.310403703, "centroid_lon": 6.595894901 }, "geometry": { "type": "Polygon", "coordinates": [ [ [ 6.579530676096863, 44.299675014578028 ], [ 6.61083231282808, 44.298650786012153 ], [ 6.60940053199793, 44.276171097730192 ], [ 6.578111272953564, 44.277194909195437 ], [ 6.579530676096863, 44.299675014578028 ] ] ] } },
{ "type": "Feature", "properties": { "id": 298, "left": 987993.4, "top": 6364600.1, "right": 990493.4, "bottom": 6362100.1, "grid_row": 0, "grid_col": 11, "id_2": 271, "name_fr": "Allos09", "name_nl": "Allos09", "population": 0.0, "centroid_lat": 44.310403703, "centroid_lon": 6.595894901 }, "geometry": { "type": "Polygon", "coordinates": [ [ [ 6.612265229236859, 44.321130700959408 ], [ 6.643578116502431, 44.320097140912686 ], [ 6.642132813981026, 44.29761764686755 ], [ 6.61083231282808, 44.298650786012153 ], [ 6.612265229236859, 44.321130700959408 ] ] ] } },
{ "type": "Feature", "properties": { "id": 299, "left": 987993.4, "top": 6362100.1, "right": 990493.4, "bottom": 6359600.1, "grid_row": 1, "grid_col": 11, "id_2": 271, "name_fr": "Allos09", "name_nl": "Allos09", "population": 0.0, "centroid_lat": 44.310403703, "centroid_lon": 6.595894901 }, "geometry": { "type": "Polygon", "coordinates": [ [ [ 6.61083231282808, 44.298650786012153 ], [ 6.642132813981026, 44.29761764686755 ], [ 6.640688656812459, 44.275138379306838 ], [ 6.60940053199793, 44.276171097730192 ], [ 6.61083231282808, 44.298650786012153 ] ] ] } },
{ "type": "Feature", "properties": { "id": 272, "left": 985493.4, "top": 6362100.1, "right": 987993.4, "bottom": 6359600.1, "grid_row": 1, "grid_col": 10, "id_2": 272, "name_fr": "Allos10", "name_nl": "Allos10", "population": 0.0, "centroid_lat": 44.287923693000003, "centroid_lon": 6.594468744 }, "geometry": { "type": "Polygon", "coordinates": [ [ [ 6.579530676096863, 44.299675014578028 ], [ 6.61083231282808, 44.298650786012153 ], [ 6.60940053199793, 44.276171097730192 ], [ 6.578111272953564, 44.277194909195437 ], [ 6.579530676096863, 44.299675014578028 ] ] ] } },
{ "type": "Feature", "properties": { "id": 273, "left": 985493.4, "top": 6359600.1, "right": 987993.4, "bottom": 6357100.1, "grid_row": 2, "grid_col": 10, "id_2": 272, "name_fr": "Allos10", "name_nl": "Allos10", "population": 0.0, "centroid_lat": 44.287923693000003, "centroid_lon": 6.594468744 }, "geometry": { "type": "Polygon", "coordinates": [ [ [ 6.578111272953564, 44.277194909195437 ], [ 6.60940053199793, 44.276171097730192 ], [ 6.607969885397973, 44.253691639451944 ], [ 6.576692994275652, 44.254715033995701 ], [ 6.578111272953564, 44.277194909195437 ] ] ] } },
{ "type": "Feature", "properties": { "id": 246, "left": 982993.4, "top": 6359600.1, "right": 985493.4, "bottom": 6357100.1, "grid_row": 2, "grid_col": 9, "id_2": 273, "name_fr": "Allos11", "name_nl": "Allos11", "population": 42.0, "centroid_lat": 44.265443910999998, "centroid_lon": 6.593043717 }, "geometry": { "type": "Polygon", "coordinates": [ [ [ 6.54682088944416, 44.27820981320653 ], [ 6.578111272953564, 44.277194909195437 ], [ 6.576692994275652, 44.254715033995701 ], [ 6.545414980023069, 44.255729524704812 ], [ 6.54682088944416, 44.27820981320653 ] ] ] } },
{ "type": "Feature", "properties": { "id": 247, "left": 982993.4, "top": 6357100.1, "right": 985493.4, "bottom": 6354600.1, "grid_row": 3, "grid_col": 9, "id_2": 273, "name_fr": "Allos11", "name_nl": "Allos11", "population": 42.0, "centroid_lat": 44.265443910999998, "centroid_lon": 6.593043717 }, "geometry": { "type": "Polygon", "coordinates": [ [ [ 6.545414980023069, 44.255729524704812 ], [ 6.576692994275652, 44.254715033995701 ], [ 6.575275838728353, 44.232235392315687 ], [ 6.544010183977203, 44.233249469900279 ], [ 6.545414980023069, 44.255729524704812 ] ] ] } },
{ "type": "Feature", "properties": { "id": 273, "left": 985493.4, "top": 6359600.1, "right": 987993.4, "bottom": 6357100.1, "grid_row": 2, "grid_col": 10, "id_2": 273, "name_fr": "Allos11", "name_nl": "Allos11", "population": 42.0, "centroid_lat": 44.265443910999998, "centroid_lon": 6.593043717 }, "geometry": { "type": "Polygon", "coordinates": [ [ [ 6.578111272953564, 44.277194909195437 ], [ 6.60940053199793, 44.276171097730192 ], [ 6.607969885397973, 44.253691639451944 ], [ 6.576692994275652, 44.254715033995701 ], [ 6.578111272953564, 44.277194909195437 ] ] ] } },
{ "type": "Feature", "properties": { "id": 274, "left": 985493.4, "top": 6357100.1, "right": 987993.4, "bottom": 6354600.1, "grid_row": 3, "grid_col": 10, "id_2": 273, "name_fr": "Allos11", "name_nl": "Allos11", "population": 42.0, "centroid_lat": 44.265443910999998, "centroid_lon": 6.593043717 }, "geometry": { "type": "Polygon", "coordinates": [ [ [ 6.576692994275652, 44.254715033995701 ], [ 6.607969885397973, 44.253691639451944 ], [ 6.606540371681907, 44.231212414514374 ], [ 6.575275838728353, 44.232235392315687 ], [ 6.576692994275652, 44.254715033995701 ] ] ] } },
{ "type": "Feature", "properties": { "id": 247, "left": 982993.4, "top": 6357100.1, "right": 985493.4, "bottom": 6354600.1, "grid_row": 3, "grid_col": 9, "id_2": 274, "name_fr": "Allos12", "name_nl": "Allos12", "population": 0.0, "centroid_lat": 44.24296436, "centroid_lon": 6.591619818 }, "geometry": { "type": "Polygon", "coordinates": [ [ [ 6.545414980023069, 44.255729524704812 ], [ 6.576692994275652, 44.254715033995701 ], [ 6.575275838728353, 44.232235392315687 ], [ 6.544010183977203, 44.233249469900279 ], [ 6.545414980023069, 44.255729524704812 ] ] ] } },
{ "type": "Feature", "properties": { "id": 274, "left": 985493.4, "top": 6357100.1, "right": 987993.4, "bottom": 6354600.1, "grid_row": 3, "grid_col": 10, "id_2": 274, "name_fr": "Allos12", "name_nl": "Allos12", "population": 0.0, "centroid_lat": 44.24296436, "centroid_lon": 6.591619818 }, "geometry": { "type": "Polygon", "coordinates": [ [ [ 6.576692994275652, 44.254715033995701 ], [ 6.607969885397973, 44.253691639451944 ], [ 6.606540371681907, 44.231212414514374 ], [ 6.575275838728353, 44.232235392315687 ], [ 6.576692994275652, 44.254715033995701 ] ] ] } },
{ "type": "Feature", "properties": { "id": 275, "left": 985493.4, "top": 6354600.1, "right": 987993.4, "bottom": 6352100.1, "grid_row": 4, "grid_col": 10, "id_2": 274, "name_fr": "Allos12", "name_nl": "Allos12", "population": 0.0, "centroid_lat": 44.24296436, "centroid_lon": 6.591619818 }, "geometry": { "type": "Polygon", "coordinates": [ [ [ 6.575275838728353, 44.232235392315687 ], [ 6.606540371681907, 44.231212414514374 ], [ 6.605111989505557, 44.208733426253119 ], [ 6.573859804979001, 44.20975598749083 ], [ 6.575275838728353, 44.232235392315687 ] ] ] } },
{ "type": "Feature", "properties": { "id": 248, "left": 982993.4, "top": 6354600.1, "right": 985493.4, "bottom": 6352100.1, "grid_row": 4, "grid_col": 9, "id_2": 275, "name_fr": "Villars-Colmars06", "name_nl": "Villars-Colmars06", "population": 0.0, "centroid_lat": 44.220485044999997, "centroid_lon": 6.590197047 }, "geometry": { "type": "Polygon", "coordinates": [ [ [ 6.544010183977203, 44.233249469900279 ], [ 6.575275838728353, 44.232235392315687 ], [ 6.573859804979001, 44.20975598749083 ], [ 6.542606499985408, 44.210769652128228 ], [ 6.544010183977203, 44.233249469900279 ] ] ] } },
{ "type": "Feature", "properties": { "id": 249, "left": 982993.4, "top": 6352100.1, "right": 985493.4, "bottom": 6349600.1, "grid_row": 5, "grid_col": 9, "id_2": 275, "name_fr": "Villars-Colmars06", "name_nl": "Villars-Colmars06", "population": 0.0, "centroid_lat": 44.220485044999997, "centroid_lon": 6.590197047 }, "geometry": { "type": "Polygon", "coordinates": [ [ [ 6.542606499985408, 44.210769652128228 ], [ 6.573859804979001, 44.20975598749083 ], [ 6.572444891697035, 44.187276822855182 ], [ 6.541203926728618, 44.188290074722566 ], [ 6.542606499985408, 44.210769652128228 ] ] ] } },
{ "type": "Feature", "properties": { "id": 274, "left": 985493.4, "top": 6357100.1, "right": 987993.4, "bottom": 6354600.1, "grid_row": 3, "grid_col": 10, "id_2": 275, "name_fr": "Villars-Colmars06", "name_nl": "Villars-Colmars06", "population": 0.0, "centroid_lat": 44.220485044999997, "centroid_lon": 6.590197047 }, "geometry": { "type": "Polygon", "coordinates": [ [ [ 6.576692994275652, 44.254715033995701 ], [ 6.607969885397973, 44.253691639451944 ], [ 6.606540371681907, 44.231212414514374 ], [ 6.575275838728353, 44.232235392315687 ], [ 6.576692994275652, 44.254715033995701 ] ] ] } },
{ "type": "Feature", "properties": { "id": 275, "left": 985493.4, "top": 6354600.1, "right": 987993.4, "bottom": 6352100.1, "grid_row": 4, "grid_col": 10, "id_2": 275, "name_fr": "Villars-Colmars06", "name_nl": "Villars-Colmars06", "population": 0.0, "centroid_lat": 44.220485044999997, "centroid_lon": 6.590197047 }, "geometry": { "type": "Polygon", "coordinates": [ [ [ 6.575275838728353, 44.232235392315687 ], [ 6.606540371681907, 44.231212414514374 ], [ 6.605111989505557, 44.208733426253119 ], [ 6.573859804979001, 44.20975598749083 ], [ 6.575275838728353, 44.232235392315687 ] ] ] } },
{ "type": "Feature", "properties": { "id": 276, "left": 985493.4, "top": 6352100.1, "right": 987993.4, "bottom": 6349600.1, "grid_row": 5, "grid_col": 10, "id_2": 275, "name_fr": "Villars-Colmars06", "name_nl": "Villars-Colmars06", "population": 0.0, "centroid_lat": 44.220485044999997, "centroid_lon": 6.590197047 }, "geometry": { "type": "Polygon", "coordinates": [ [ [ 6.573859804979001, 44.20975598749083 ], [ 6.605111989505557, 44.208733426253119 ], [ 6.603684737526874, 44.186254678002349 ], [ 6.572444891697035, 44.187276822855182 ], [ 6.573859804979001, 44.20975598749083 ] ] ] } },
{ "type": "Feature", "properties": { "id": 249, "left": 982993.4, "top": 6352100.1, "right": 985493.4, "bottom": 6349600.1, "grid_row": 5, "grid_col": 9, "id_2": 276, "name_fr": "Villars-Colmars07", "name_nl": "Villars-Colmars07", "population": 0.0, "centroid_lat": 44.198005967999997, "centroid_lon": 6.588775401 }, "geometry": { "type": "Polygon", "coordinates": [ [ [ 6.542606499985408, 44.210769652128228 ], [ 6.573859804979001, 44.20975598749083 ], [ 6.572444891697035, 44.187276822855182 ], [ 6.541203926728618, 44.188290074722566 ], [ 6.542606499985408, 44.210769652128228 ] ] ] } },
{ "type": "Feature", "properties": { "id": 250, "left": 982993.4, "top": 6349600.1, "right": 985493.4, "bottom": 6347100.1, "grid_row": 6, "grid_col": 9, "id_2": 276, "name_fr": "Villars-Colmars07", "name_nl": "Villars-Colmars07", "population": 0.0, "centroid_lat": 44.198005967999997, "centroid_lon": 6.588775401 }, "geometry": { "type": "Polygon", "coordinates": [ [ [ 6.541203926728618, 44.188290074722566 ], [ 6.572444891697035, 44.187276822855182 ], [ 6.571031097554001, 44.164797901741366 ], [ 6.539802462889853, 44.165810741015747 ], [ 6.541203926728618, 44.188290074722566 ] ] ] } },
{ "type": "Feature", "properties": { "id": 276, "left": 985493.4, "top": 6352100.1, "right": 987993.4, "bottom": 6349600.1, "grid_row": 5, "grid_col": 10, "id_2": 276, "name_fr": "Villars-Colmars07", "name_nl": "Villars-Colmars07", "population": 0.0, "centroid_lat": 44.198005967999997, "centroid_lon": 6.588775401 }, "geometry": { "type": "Polygon", "coordinates": [ [ [ 6.573859804979001, 44.20975598749083 ], [ 6.605111989505557, 44.208733426253119 ], [ 6.603684737526874, 44.186254678002349 ], [ 6.572444891697035, 44.187276822855182 ], [ 6.573859804979001, 44.20975598749083 ] ] ] } },
{ "type": "Feature", "properties": { "id": 277, "left": 985493.4, "top": 6349600.1, "right": 987993.4, "bottom": 6347100.1, "grid_row": 6, "grid_col": 10, "id_2": 276, "name_fr": "Villars-Colmars07", "name_nl": "Villars-Colmars07", "population": 0.0, "centroid_lat": 44.198005967999997, "centroid_lon": 6.588775401 }, "geometry": { "type": "Polygon", "coordinates": [ [ [ 6.572444891697035, 44.187276822855182 ], [ 6.603684737526874, 44.186254678002349 ], [ 6.602258614405928, 44.163776173094824 ], [ 6.571031097554001, 44.164797901741366 ], [ 6.572444891697035, 44.187276822855182 ] ] ] } },
{ "type": "Feature", "properties": { "id": 250, "left": 982993.4, "top": 6349600.1, "right": 985493.4, "bottom": 6347100.1, "grid_row": 6, "grid_col": 9, "id_2": 277, "name_fr": "Villars-Colmars08", "name_nl": "Villars-Colmars08", "population": 47.0, "centroid_lat": 44.175527133000003, "centroid_lon": 6.587354881 }, "geometry": { "type": "Polygon", "coordinates": [ [ [ 6.541203926728618, 44.188290074722566 ], [ 6.572444891697035, 44.187276822855182 ], [ 6.571031097554001, 44.164797901741366 ], [ 6.539802462889853, 44.165810741015747 ], [ 6.541203926728618, 44.188290074722566 ] ] ] } },
{ "type": "Feature", "properties": { "id": 251, "left": 982993.4, "top": 6347100.1, "right": 985493.4, "bottom": 6344600.1, "grid_row": 7, "grid_col": 9, "id_2": 277, "name_fr": "Villars-Colmars08", "name_nl": "Villars-Colmars08", "population": 47.0, "centroid_lat": 44.175527133000003, "centroid_lon": 6.587354881 }, "geometry": { "type": "Polygon", "coordinates": [ [ [ 6.539802462889853, 44.165810741015747 ], [ 6.571031097554001, 44.164797901741366 ], [ 6.569618421223535, 44.142319227480584 ], [ 6.53840210715421, 44.14333165433888 ], [ 6.539802462889853, 44.165810741015747 ] ] ] } },
{ "type": "Feature", "properties": { "id": 277, "left": 985493.4, "top": 6349600.1, "right": 987993.4, "bottom": 6347100.1, "grid_row": 6, "grid_col": 10, "id_2": 277, "name_fr": "Villars-Colmars08", "name_nl": "Villars-Colmars08", "population": 47.0, "centroid_lat": 44.175527133000003, "centroid_lon": 6.587354881 }, "geometry": { "type": "Polygon", "coordinates": [ [ [ 6.572444891697035, 44.187276822855182 ], [ 6.603684737526874, 44.186254678002349 ], [ 6.602258614405928, 44.163776173094824 ], [ 6.571031097554001, 44.164797901741366 ], [ 6.572444891697035, 44.187276822855182 ] ] ] } },
{ "type": "Feature", "properties": { "id": 278, "left": 985493.4, "top": 6347100.1, "right": 987993.4, "bottom": 6344600.1, "grid_row": 7, "grid_col": 10, "id_2": 277, "name_fr": "Villars-Colmars08", "name_nl": "Villars-Colmars08", "population": 47.0, "centroid_lat": 44.175527133000003, "centroid_lon": 6.587354881 }, "geometry": { "type": "Polygon", "coordinates": [ [ [ 6.571031097554001, 44.164797901741366 ], [ 6.602258614405928, 44.163776173094824 ], [ 6.600833618804905, 44.141297914861958 ], [ 6.569618421223535, 44.142319227480584 ], [ 6.571031097554001, 44.164797901741366 ] ] ] } },
{ "type": "Feature", "properties": { "id": 251, "left": 982993.4, "top": 6347100.1, "right": 985493.4, "bottom": 6344600.1, "grid_row": 7, "grid_col": 9, "id_2": 278, "name_fr": "Beauvezer02", "name_nl": "Beauvezer02", "population": 309.0, "centroid_lat": 44.153048544000001, "centroid_lon": 6.585935483 }, "geometry": { "type": "Polygon", "coordinates": [ [ [ 6.539802462889853, 44.165810741015747 ], [ 6.571031097554001, 44.164797901741366 ], [ 6.569618421223535, 44.142319227480584 ], [ 6.53840210715421, 44.14333165433888 ], [ 6.539802462889853, 44.165810741015747 ] ] ] } },
{ "type": "Feature", "properties": { "id": 278, "left": 985493.4, "top": 6347100.1, "right": 987993.4, "bottom": 6344600.1, "grid_row": 7, "grid_col": 10, "id_2": 278, "name_fr": "Beauvezer02", "name_nl": "Beauvezer02", "population": 309.0, "centroid_lat": 44.153048544000001, "centroid_lon": 6.585935483 }, "geometry": { "type": "Polygon", "coordinates": [ [ [ 6.571031097554001, 44.164797901741366 ], [ 6.602258614405928, 44.163776173094824 ], [ 6.600833618804905, 44.141297914861958 ], [ 6.569618421223535, 44.142319227480584 ], [ 6.571031097554001, 44.164797901741366 ] ] ] } },
{ "type": "Feature", "properties": { "id": 279, "left": 985493.4, "top": 6344600.1, "right": 987993.4, "bottom": 6342100.1, "grid_row": 8, "grid_col": 10, "id_2": 278, "name_fr": "Beauvezer02", "name_nl": "Beauvezer02", "population": 309.0, "centroid_lat": 44.153048544000001, "centroid_lon": 6.585935483 }, "geometry": { "type": "Polygon", "coordinates": [ [ [ 6.569618421223535, 44.142319227480584 ], [ 6.600833618804905, 44.141297914861958 ], [ 6.599409749388101, 44.118819906633654 ], [ 6.568206861381373, 44.119840803402674 ], [ 6.569618421223535, 44.142319227480584 ] ] ] } },
{ "type": "Feature", "properties": { "id": 279, "left": 985493.4, "top": 6344600.1, "right": 987993.4, "bottom": 6342100.1, "grid_row": 8, "grid_col": 10, "id_2": 279, "name_fr": "Thorame-Haute05", "name_nl": "Thorame-Haute05", "population": 77.0, "centroid_lat": 44.130570202000001, "centroid_lon": 6.584517208 }, "geometry": { "type": "Polygon", "coordinates": [ [ [ 6.569618421223535, 44.142319227480584 ], [ 6.600833618804905, 44.141297914861958 ], [ 6.599409749388101, 44.118819906633654 ], [ 6.568206861381373, 44.119840803402674 ], [ 6.569618421223535, 44.142319227480584 ] ] ] } },
{ "type": "Feature", "properties": { "id": 280, "left": 985493.4, "top": 6342100.1, "right": 987993.4, "bottom": 6339600.1, "grid_row": 9, "grid_col": 10, "id_2": 279, "name_fr": "Thorame-Haute05", "name_nl": "Thorame-Haute05", "population": 77.0, "centroid_lat": 44.130570202000001, "centroid_lon": 6.584517208 }, "geometry": { "type": "Polygon", "coordinates": [ [ [ 6.568206861381373, 44.119840803402674 ], [ 6.599409749388101, 44.118819906633654 ], [ 6.597987004821924, 44.096342151738476 ], [ 6.566796416705339, 44.097362632836003 ], [ 6.568206861381373, 44.119840803402674 ] ] ] } },
{ "type": "Feature", "properties": { "id": 280, "left": 985493.4, "top": 6342100.1, "right": 987993.4, "bottom": 6339600.1, "grid_row": 9, "grid_col": 10, "id_2": 280, "name_fr": "Thorame-Haute06", "name_nl": "Thorame-Haute06", "population": 5.0, "centroid_lat": 44.108092112000001, "centroid_lon": 6.583100053 }, "geometry": { "type": "Polygon", "coordinates": [ [ [ 6.568206861381373, 44.119840803402674 ], [ 6.599409749388101, 44.118819906633654 ], [ 6.597987004821924, 44.096342151738476 ], [ 6.566796416705339, 44.097362632836003 ], [ 6.568206861381373, 44.119840803402674 ] ] ] } },
{ "type": "Feature", "properties": { "id": 281, "left": 985493.4, "top": 6339600.1, "right": 987993.4, "bottom": 6337100.1, "grid_row": 10, "grid_col": 10, "id_2": 280, "name_fr": "Thorame-Haute06", "name_nl": "Thorame-Haute06", "population": 5.0, "centroid_lat": 44.108092112000001, "centroid_lon": 6.583100053 }, "geometry": { "type": "Polygon", "coordinates": [ [ [ 6.566796416705339, 44.097362632836003 ], [ 6.597987004821924, 44.096342151738476 ], [ 6.596565383774881, 44.073864653503549 ], [ 6.56538708587534, 44.074884719107551 ], [ 6.566796416705339, 44.097362632836003 ] ] ] } },
{ "type": "Feature", "properties": { "id": 254, "left": 982993.4, "top": 6339600.1, "right": 985493.4, "bottom": 6337100.1, "grid_row": 10, "grid_col": 9, "id_2": 281, "name_fr": "Thorame-Haute07", "name_nl": "Thorame-Haute07", "population": 0.0, "centroid_lat": 44.085614278000001, "centroid_lon": 6.581684018 }, "geometry": { "type": "Polygon", "coordinates": [ [ [ 6.535604714743063, 44.098374235392143 ], [ 6.566796416705339, 44.097362632836003 ], [ 6.56538708587534, 44.074884719107551 ], [ 6.534207675448119, 44.075895909777344 ], [ 6.535604714743063, 44.098374235392143 ] ] ] } },
{ "type": "Feature", "properties": { "id": 255, "left": 982993.4, "top": 6337100.1, "right": 985493.4, "bottom": 6334600.1, "grid_row": 11, "grid_col": 9, "id_2": 281, "name_fr": "Thorame-Haute07", "name_nl": "Thorame-Haute07", "population": 0.0, "centroid_lat": 44.085614278000001, "centroid_lon": 6.581684018 }, "geometry": { "type": "Polygon", "coordinates": [ [ [ 6.534207675448119, 44.075895909777344 ], [ 6.56538708587534, 44.074884719107551 ], [ 6.563978867573367, 44.05240706554288 ], [ 6.532811739017406, 44.053417844502661 ], [ 6.534207675448119, 44.075895909777344 ] ] ] } },
{ "type": "Feature", "properties": { "id": 281, "left": 985493.4, "top": 6339600.1, "right": 987993.4, "bottom": 6337100.1, "grid_row": 10, "grid_col": 10, "id_2": 281, "name_fr": "Thorame-Haute07", "name_nl": "Thorame-Haute07", "population": 0.0, "centroid_lat": 44.085614278000001, "centroid_lon": 6.581684018 }, "geometry": { "type": "Polygon", "coordinates": [ [ [ 6.566796416705339, 44.097362632836003 ], [ 6.597987004821924, 44.096342151738476 ], [ 6.596565383774881, 44.073864653503549 ], [ 6.56538708587534, 44.074884719107551 ], [ 6.566796416705339, 44.097362632836003 ] ] ] } },
{ "type": "Feature", "properties": { "id": 282, "left": 985493.4, "top": 6337100.1, "right": 987993.4, "bottom": 6334600.1, "grid_row": 11, "grid_col": 10, "id_2": 281, "name_fr": "Thorame-Haute07", "name_nl": "Thorame-Haute07", "population": 0.0, "centroid_lat": 44.085614278000001, "centroid_lon": 6.581684018 }, "geometry": { "type": "Polygon", "coordinates": [ [ [ 6.56538708587534, 44.074884719107551 ], [ 6.596565383774881, 44.073864653503549 ], [ 6.595144884917579, 44.051387415254574 ], [ 6.563978867573367, 44.05240706554288 ], [ 6.56538708587534, 44.074884719107551 ] ] ] } },
{ "type": "Feature", "properties": { "id": 255, "left": 982993.4, "top": 6337100.1, "right": 985493.4, "bottom": 6334600.1, "grid_row": 11, "grid_col": 9, "id_2": 282, "name_fr": "Thorame-Haute08", "name_nl": "Thorame-Haute08", "population": 1.0, "centroid_lat": 44.063136700999998, "centroid_lon": 6.5802691 }, "geometry": { "type": "Polygon", "coordinates": [ [ [ 6.534207675448119, 44.075895909777344 ], [ 6.56538708587534, 44.074884719107551 ], [ 6.563978867573367, 44.05240706554288 ], [ 6.532811739017406, 44.053417844502661 ], [ 6.534207675448119, 44.075895909777344 ] ] ] } },
{ "type": "Feature", "properties": { "id": 256, "left": 982993.4, "top": 6334600.1, "right": 985493.4, "bottom": 6332100.1, "grid_row": 12, "grid_col": 9, "id_2": 282, "name_fr": "Thorame-Haute08", "name_nl": "Thorame-Haute08", "population": 1.0, "centroid_lat": 44.063136700999998, "centroid_lon": 6.5802691 }, "geometry": { "type": "Polygon", "coordinates": [ [ [ 6.532811739017406, 44.053417844502661 ], [ 6.563978867573367, 44.05240706554288 ], [ 6.562571760483486, 44.029929675466164 ], [ 6.531416904146362, 44.030940042892034 ], [ 6.532811739017406, 44.053417844502661 ] ] ] } },
{ "type": "Feature", "properties": { "id": 282, "left": 985493.4, "top": 6337100.1, "right": 987993.4, "bottom": 6334600.1, "grid_row": 11, "grid_col": 10, "id_2": 282, "name_fr": "Thorame-Haute08", "name_nl": "Thorame-Haute08", "population": 1.0, "centroid_lat": 44.063136700999998, "centroid_lon": 6.5802691 }, "geometry": { "type": "Polygon", "coordinates": [ [ [ 6.56538708587534, 44.074884719107551 ], [ 6.596565383774881, 44.073864653503549 ], [ 6.595144884917579, 44.051387415254574 ], [ 6.563978867573367, 44.05240706554288 ], [ 6.56538708587534, 44.074884719107551 ] ] ] } },
{ "type": "Feature", "properties": { "id": 283, "left": 985493.4, "top": 6334600.1, "right": 987993.4, "bottom": 6332100.1, "grid_row": 12, "grid_col": 10, "id_2": 282, "name_fr": "Thorame-Haute08", "name_nl": "Thorame-Haute08", "population": 1.0, "centroid_lat": 44.063136700999998, "centroid_lon": 6.5802691 }, "geometry": { "type": "Polygon", "coordinates": [ [ [ 6.563978867573367, 44.05240706554288 ], [ 6.595144884917579, 44.051387415254574 ], [ 6.59372550692272, 44.028910440315848 ], [ 6.562571760483486, 44.029929675466164 ], [ 6.563978867573367, 44.05240706554288 ] ] ] } },
{ "type": "Feature", "properties": { "id": 256, "left": 982993.4, "top": 6334600.1, "right": 985493.4, "bottom": 6332100.1, "grid_row": 12, "grid_col": 9, "id_2": 283, "name_fr": "Thorame-Haute09", "name_nl": "Thorame-Haute09", "population": 27.0, "centroid_lat": 44.040659386999998, "centroid_lon": 6.5788553 }, "geometry": { "type": "Polygon", "coordinates": [ [ [ 6.532811739017406, 44.053417844502661 ], [ 6.563978867573367, 44.05240706554288 ], [ 6.562571760483486, 44.029929675466164 ], [ 6.531416904146362, 44.030940042892034 ], [ 6.532811739017406, 44.053417844502661 ] ] ] } },
{ "type": "Feature", "properties": { "id": 257, "left": 982993.4, "top": 6332100.1, "right": 985493.4, "bottom": 6329600.1, "grid_row": 13, "grid_col": 9, "id_2": 283, "name_fr": "Thorame-Haute09", "name_nl": "Thorame-Haute09", "population": 27.0, "centroid_lat": 44.040659386999998, "centroid_lon": 6.5788553 }, "geometry": { "type": "Polygon", "coordinates": [ [ [ 6.531416904146362, 44.030940042892034 ], [ 6.562571760483486, 44.029929675466164 ], [ 6.561165763291839, 44.007452552200085 ], [ 6.53002316953248, 44.008462508268096 ], [ 6.531416904146362, 44.030940042892034 ] ] ] } },
{ "type": "Feature", "properties": { "id": 283, "left": 985493.4, "top": 6334600.1, "right": 987993.4, "bottom": 6332100.1, "grid_row": 12, "grid_col": 10, "id_2": 283, "name_fr": "Thorame-Haute09", "name_nl": "Thorame-Haute09", "population": 27.0, "centroid_lat": 44.040659386999998, "centroid_lon": 6.5788553 }, "geometry": { "type": "Polygon", "coordinates": [ [ [ 6.563978867573367, 44.05240706554288 ], [ 6.595144884917579, 44.051387415254574 ], [ 6.59372550692272, 44.028910440315848 ], [ 6.562571760483486, 44.029929675466164 ], [ 6.563978867573367, 44.05240706554288 ] ] ] } },
{ "type": "Feature", "properties": { "id": 284, "left": 985493.4, "top": 6332100.1, "right": 987993.4, "bottom": 6329600.1, "grid_row": 13, "grid_col": 10, "id_2": 283, "name_fr": "Thorame-Haute09", "name_nl": "Thorame-Haute09", "population": 27.0, "centroid_lat": 44.040659386999998, "centroid_lon": 6.5788553 }, "geometry": { "type": "Polygon", "coordinates": [ [ [ 6.562571760483486, 44.029929675466164 ], [ 6.59372550692272, 44.028910440315848 ], [ 6.5923072484651, 44.006433732010258 ], [ 6.561165763291839, 44.007452552200085 ], [ 6.562571760483486, 44.029929675466164 ] ] ] } },
{ "type": "Feature", "properties": { "id": 257, "left": 982993.4, "top": 6332100.1, "right": 985493.4, "bottom": 6329600.1, "grid_row": 13, "grid_col": 9, "id_2": 284, "name_fr": "Allons01", "name_nl": "Allons01", "population": 0.0, "centroid_lat": 44.018182337, "centroid_lon": 6.577442615 }, "geometry": { "type": "Polygon", "coordinates": [ [ [ 6.531416904146362, 44.030940042892034 ], [ 6.562571760483486, 44.029929675466164 ], [ 6.561165763291839, 44.007452552200085 ], [ 6.53002316953248, 44.008462508268096 ], [ 6.531416904146362, 44.030940042892034 ] ] ] } },
{ "type": "Feature", "properties": { "id": 284, "left": 985493.4, "top": 6332100.1, "right": 987993.4, "bottom": 6329600.1, "grid_row": 13, "grid_col": 10, "id_2": 284, "name_fr": "Allons01", "name_nl": "Allons01", "population": 0.0, "centroid_lat": 44.018182337, "centroid_lon": 6.577442615 }, "geometry": { "type": "Polygon", "coordinates": [ [ [ 6.562571760483486, 44.029929675466164 ], [ 6.59372550692272, 44.028910440315848 ], [ 6.5923072484651, 44.006433732010258 ], [ 6.561165763291839, 44.007452552200085 ], [ 6.562571760483486, 44.029929675466164 ] ] ] } },
{ "type": "Feature", "properties": { "id": 284, "left": 985493.4, "top": 6332100.1, "right": 987993.4, "bottom": 6329600.1, "grid_row": 13, "grid_col": 10, "id_2": 285, "name_fr": "Allons02", "name_nl": "Allons02", "population": 4.0, "centroid_lat": 43.995705555999997, "centroid_lon": 6.576031043 }, "geometry": { "type": "Polygon", "coordinates": [ [ [ 6.562571760483486, 44.029929675466164 ], [ 6.59372550692272, 44.028910440315848 ], [ 6.5923072484651, 44.006433732010258 ], [ 6.561165763291839, 44.007452552200085 ], [ 6.562571760483486, 44.029929675466164 ] ] ] } },
{ "type": "Feature", "properties": { "id": 285, "left": 985493.4, "top": 6329600.1, "right": 987993.4, "bottom": 6327100.1, "grid_row": 14, "grid_col": 10, "id_2": 285, "name_fr": "Allons02", "name_nl": "Allons02", "population": 4.0, "centroid_lat": 43.995705555999997, "centroid_lon": 6.576031043 }, "geometry": { "type": "Polygon", "coordinates": [ [ [ 6.561165763291839, 44.007452552200085 ], [ 6.5923072484651, 44.006433732010258 ], [ 6.590890108221598, 43.983957293659245 ], [ 6.559760874686637, 43.984975699066005 ], [ 6.561165763291839, 44.007452552200085 ] ] ] } },
{ "type": "Feature", "properties": { "id": 286, "left": 985493.4, "top": 6327100.1, "right": 987993.4, "bottom": 6324600.1, "grid_row": 15, "grid_col": 10, "id_2": 285, "name_fr": "Allons02", "name_nl": "Allons02", "population": 4.0, "centroid_lat": 43.995705555999997, "centroid_lon": 6.576031043 }, "geometry": { "type": "Polygon", "coordinates": [ [ [ 6.559760874686637, 43.984975699066005 ], [ 6.590890108221598, 43.983957293659245 ], [ 6.589474084871175, 43.961481128582882 ], [ 6.558357093358151, 43.962499119383814 ], [ 6.559760874686637, 43.984975699066005 ] ] ] } },
{ "type": "Feature", "properties": { "id": 259, "left": 982993.4, "top": 6327100.1, "right": 985493.4, "bottom": 6324600.1, "grid_row": 15, "grid_col": 9, "id_2": 286, "name_fr": "Allons03", "name_nl": "Allons03", "population": 1.0, "centroid_lat": 43.973229046999997, "centroid_lon": 6.574620585 }, "geometry": { "type": "Polygon", "coordinates": [ [ [ 6.5286305338753, 43.985985243952001 ], [ 6.559760874686637, 43.984975699066005 ], [ 6.558357093358151, 43.962499119383814 ], [ 6.527238995876416, 43.963508253263505 ], [ 6.5286305338753, 43.985985243952001 ] ] ] } },
{ "type": "Feature", "properties": { "id": 260, "left": 982993.4, "top": 6324600.1, "right": 985493.4, "bottom": 6322100.1, "grid_row": 16, "grid_col": 9, "id_2": 286, "name_fr": "Allons03", "name_nl": "Allons03", "population": 1.0, "centroid_lat": 43.973229046999997, "centroid_lon": 6.574620585 }, "geometry": { "type": "Polygon", "coordinates": [ [ [ 6.527238995876416, 43.963508253263505 ], [ 6.558357093358151, 43.962499119383814 ], [ 6.556954417998718, 43.940022816471966 ], [ 6.525848554239458, 43.941031539520949 ], [ 6.527238995876416, 43.963508253263505 ] ] ] } },
{ "type": "Feature", "properties": { "id": 286, "left": 985493.4, "top": 6327100.1, "right": 987993.4, "bottom": 6324600.1, "grid_row": 15, "grid_col": 10, "id_2": 286, "name_fr": "Allons03", "name_nl": "Allons03", "population": 1.0, "centroid_lat": 43.973229046999997, "centroid_lon": 6.574620585 }, "geometry": { "type": "Polygon", "coordinates": [ [ [ 6.559760874686637, 43.984975699066005 ], [ 6.590890108221598, 43.983957293659245 ], [ 6.589474084871175, 43.961481128582882 ], [ 6.558357093358151, 43.962499119383814 ], [ 6.559760874686637, 43.984975699066005 ] ] ] } },
{ "type": "Feature", "properties": { "id": 287, "left": 985493.4, "top": 6324600.1, "right": 987993.4, "bottom": 6322100.1, "grid_row": 16, "grid_col": 10, "id_2": 286, "name_fr": "Allons03", "name_nl": "Allons03", "population": 1.0, "centroid_lat": 43.973229046999997, "centroid_lon": 6.574620585 }, "geometry": { "type": "Polygon", "coordinates": [ [ [ 6.558357093358151, 43.962499119383814 ], [ 6.589474084871175, 43.961481128582882 ], [ 6.588059177094876, 43.939005240099767 ], [ 6.556954417998718, 43.940022816471966 ], [ 6.558357093358151, 43.962499119383814 ] ] ] } },
{ "type": "Feature", "properties": { "id": 260, "left": 982993.4, "top": 6324600.1, "right": 985493.4, "bottom": 6322100.1, "grid_row": 16, "grid_col": 9, "id_2": 287, "name_fr": "Allons04", "name_nl": "Allons04", "population": 55.0, "centroid_lat": 43.950752813000001, "centroid_lon": 6.573211238 }, "geometry": { "type": "Polygon", "coordinates": [ [ [ 6.527238995876416, 43.963508253263505 ], [ 6.558357093358151, 43.962499119383814 ], [ 6.556954417998718, 43.940022816471966 ], [ 6.525848554239458, 43.941031539520949 ], [ 6.527238995876416, 43.963508253263505 ] ] ] } },
{ "type": "Feature", "properties": { "id": 261, "left": 982993.4, "top": 6322100.1, "right": 985493.4, "bottom": 6319600.1, "grid_row": 17, "grid_col": 9, "id_2": 287, "name_fr": "Allons04", "name_nl": "Allons04", "population": 55.0, "centroid_lat": 43.950752813000001, "centroid_lon": 6.573211238 }, "geometry": { "type": "Polygon", "coordinates": [ [ [ 6.525848554239458, 43.941031539520949 ], [ 6.556954417998718, 43.940022816471966 ], [ 6.555552847302732, 43.917546793647546 ], [ 6.5244592076701, 43.918555106041232 ], [ 6.525848554239458, 43.941031539520949 ] ] ] } },
{ "type": "Feature", "properties": { "id": 286, "left": 985493.4, "top": 6327100.1, "right": 987993.4, "bottom": 6324600.1, "grid_row": 15, "grid_col": 10, "id_2": 287, "name_fr": "Allons04", "name_nl": "Allons04", "population": 55.0, "centroid_lat": 43.950752813000001, "centroid_lon": 6.573211238 }, "geometry": { "type": "Polygon", "coordinates": [ [ [ 6.559760874686637, 43.984975699066005 ], [ 6.590890108221598, 43.983957293659245 ], [ 6.589474084871175, 43.961481128582882 ], [ 6.558357093358151, 43.962499119383814 ], [ 6.559760874686637, 43.984975699066005 ] ] ] } },
{ "type": "Feature", "properties": { "id": 287, "left": 985493.4, "top": 6324600.1, "right": 987993.4, "bottom": 6322100.1, "grid_row": 16, "grid_col": 10, "id_2": 287, "name_fr": "Allons04", "name_nl": "Allons04", "population": 55.0, "centroid_lat": 43.950752813000001, "centroid_lon": 6.573211238 }, "geometry": { "type": "Polygon", "coordinates": [ [ [ 6.558357093358151, 43.962499119383814 ], [ 6.589474084871175, 43.961481128582882 ], [ 6.588059177094876, 43.939005240099767 ], [ 6.556954417998718, 43.940022816471966 ], [ 6.558357093358151, 43.962499119383814 ] ] ] } },
{ "type": "Feature", "properties": { "id": 288, "left": 985493.4, "top": 6322100.1, "right": 987993.4, "bottom": 6319600.1, "grid_row": 17, "grid_col": 10, "id_2": 287, "name_fr": "Allons04", "name_nl": "Allons04", "population": 55.0, "centroid_lat": 43.950752813000001, "centroid_lon": 6.573211238 }, "geometry": { "type": "Polygon", "coordinates": [ [ [ 6.556954417998718, 43.940022816471966 ], [ 6.588059177094876, 43.939005240099767 ], [ 6.586645383575815, 43.916529631527119 ], [ 6.555552847302732, 43.917546793647546 ], [ 6.556954417998718, 43.940022816471966 ] ] ] } },
{ "type": "Feature", "properties": { "id": 288, "left": 985493.4, "top": 6322100.1, "right": 987993.4, "bottom": 6319600.1, "grid_row": 17, "grid_col": 10, "id_2": 288, "name_fr": "Vergons01", "name_nl": "Vergons01", "population": 2.0, "centroid_lat": 43.928276857, "centroid_lon": 6.571803001 }, "geometry": { "type": "Polygon", "coordinates": [ [ [ 6.556954417998718, 43.940022816471966 ], [ 6.588059177094876, 43.939005240099767 ], [ 6.586645383575815, 43.916529631527119 ], [ 6.555552847302732, 43.917546793647546 ], [ 6.556954417998718, 43.940022816471966 ] ] ] } },
{ "type": "Feature", "properties": { "id": 289, "left": 985493.4, "top": 6319600.1, "right": 987993.4, "bottom": 6317100.1, "grid_row": 18, "grid_col": 10, "id_2": 288, "name_fr": "Vergons01", "name_nl": "Vergons01", "population": 2.0, "centroid_lat": 43.928276857, "centroid_lon": 6.571803001 }, "geometry": { "type": "Polygon", "coordinates": [ [ [ 6.555552847302732, 43.917546793647546 ], [ 6.586645383575815, 43.916529631527119 ], [ 6.585232702999178, 43.89405430618072 ], [ 6.554152379966637, 43.895071054226165 ], [ 6.555552847302732, 43.917546793647546 ] ] ] } },
{ "type": "Feature", "properties": { "id": 262, "left": 982993.4, "top": 6319600.1, "right": 985493.4, "bottom": 6317100.1, "grid_row": 18, "grid_col": 9, "id_2": 289, "name_fr": "Vergons02", "name_nl": "Vergons02", "population": 0.0, "centroid_lat": 43.905801181999998, "centroid_lon": 6.570395873 }, "geometry": { "type": "Polygon", "coordinates": [ [ [ 6.5244592076701, 43.918555106041232 ], [ 6.555552847302732, 43.917546793647546 ], [ 6.554152379966637, 43.895071054226165 ], [ 6.52307095487605, 43.896078956139846 ], [ 6.5244592076701, 43.918555106041232 ] ] ] } },
{ "type": "Feature", "properties": { "id": 263, "left": 982993.4, "top": 6317100.1, "right": 985493.4, "bottom": 6314600.1, "grid_row": 19, "grid_col": 9, "id_2": 289, "name_fr": "Vergons02", "name_nl": "Vergons02", "population": 0.0, "centroid_lat": 43.905801181999998, "centroid_lon": 6.570395873 }, "geometry": { "type": "Polygon", "coordinates": [ [ [ 6.52307095487605, 43.896078956139846 ], [ 6.554152379966637, 43.895071054226165 ], [ 6.552753014688925, 43.872595601522058 ], [ 6.521683794567045, 43.873603093130882 ], [ 6.52307095487605, 43.896078956139846 ] ] ] } },
{ "type": "Feature", "properties": { "id": 289, "left": 985493.4, "top": 6319600.1, "right": 987993.4, "bottom": 6317100.1, "grid_row": 18, "grid_col": 10, "id_2": 289, "name_fr": "Vergons02", "name_nl": "Vergons02", "population": 0.0, "centroid_lat": 43.905801181999998, "centroid_lon": 6.570395873 }, "geometry": { "type": "Polygon", "coordinates": [ [ [ 6.555552847302732, 43.917546793647546 ], [ 6.586645383575815, 43.916529631527119 ], [ 6.585232702999178, 43.89405430618072 ], [ 6.554152379966637, 43.895071054226165 ], [ 6.555552847302732, 43.917546793647546 ] ] ] } },
{ "type": "Feature", "properties": { "id": 290, "left": 985493.4, "top": 6317100.1, "right": 987993.4, "bottom": 6314600.1, "grid_row": 19, "grid_col": 10, "id_2": 289, "name_fr": "Vergons02", "name_nl": "Vergons02", "population": 0.0, "centroid_lat": 43.905801181999998, "centroid_lon": 6.570395873 }, "geometry": { "type": "Polygon", "coordinates": [ [ [ 6.554152379966637, 43.895071054226165 ], [ 6.585232702999178, 43.89405430618072 ], [ 6.58382113405222, 43.871579267374912 ], [ 6.552753014688925, 43.872595601522058 ], [ 6.554152379966637, 43.895071054226165 ] ] ] } },
{ "type": "Feature", "properties": { "id": 316, "left": 987993.4, "top": 6319600.1, "right": 990493.4, "bottom": 6317100.1, "grid_row": 18, "grid_col": 11, "id_2": 289, "name_fr": "Vergons02", "name_nl": "Vergons02", "population": 0.0, "centroid_lat": 43.905801181999998, "centroid_lon": 6.570395873 }, "geometry": { "type": "Polygon", "coordinates": [ [ [ 6.586645383575815, 43.916529631527119 ], [ 6.617736806906817, 43.915503620169524 ], [ 6.616311914402386, 43.893028712492672 ], [ 6.585232702999178, 43.89405430618072 ], [ 6.586645383575815, 43.916529631527119 ] ] ] } },
{ "type": "Feature", "properties": { "id": 317, "left": 987993.4, "top": 6317100.1, "right": 990493.4, "bottom": 6314600.1, "grid_row": 19, "grid_col": 11, "id_2": 289, "name_fr": "Vergons02", "name_nl": "Vergons02", "population": 0.0, "centroid_lat": 43.905801181999998, "centroid_lon": 6.570395873 }, "geometry": { "type": "Polygon", "coordinates": [ [ [ 6.585232702999178, 43.89405430618072 ], [ 6.616311914402386, 43.893028712492672 ], [ 6.614888143096866, 43.870554091178207 ], [ 6.58382113405222, 43.871579267374912 ], [ 6.585232702999178, 43.89405430618072 ] ] ] } },
{ "type": "Feature", "properties": { "id": 263, "left": 982993.4, "top": 6317100.1, "right": 985493.4, "bottom": 6314600.1, "grid_row": 19, "grid_col": 9, "id_2": 290, "name_fr": "Demandolx01", "name_nl": "Demandolx01", "population": 8.0, "centroid_lat": 43.883325792999997, "centroid_lon": 6.568989852 }, "geometry": { "type": "Polygon", "coordinates": [ [ [ 6.52307095487605, 43.896078956139846 ], [ 6.554152379966637, 43.895071054226165 ], [ 6.552753014688925, 43.872595601522058 ], [ 6.521683794567045, 43.873603093130882 ], [ 6.52307095487605, 43.896078956139846 ] ] ] } },
{ "type": "Feature", "properties": { "id": 264, "left": 982993.4, "top": 6314600.1, "right": 985493.4, "bottom": 6312100.1, "grid_row": 20, "grid_col": 9, "id_2": 290, "name_fr": "Demandolx01", "name_nl": "Demandolx01", "population": 8.0, "centroid_lat": 43.883325792999997, "centroid_lon": 6.568989852 }, "geometry": { "type": "Polygon", "coordinates": [ [ [ 6.521683794567045, 43.873603093130882 ], [ 6.552753014688925, 43.872595601522058 ], [ 6.551354750170137, 43.850120438848023 ], [ 6.520297725454856, 43.851127520326976 ], [ 6.521683794567045, 43.873603093130882 ] ] ] } },
{ "type": "Feature", "properties": { "id": 290, "left": 985493.4, "top": 6317100.1, "right": 987993.4, "bottom": 6314600.1, "grid_row": 19, "grid_col": 10, "id_2": 290, "name_fr": "Demandolx01", "name_nl": "Demandolx01", "population": 8.0, "centroid_lat": 43.883325792999997, "centroid_lon": 6.568989852 }, "geometry": { "type": "Polygon", "coordinates": [ [ [ 6.554152379966637, 43.895071054226165 ], [ 6.585232702999178, 43.89405430618072 ], [ 6.58382113405222, 43.871579267374912 ], [ 6.552753014688925, 43.872595601522058 ], [ 6.554152379966637, 43.895071054226165 ] ] ] } },
{ "type": "Feature", "properties": { "id": 291, "left": 985493.4, "top": 6314600.1, "right": 987993.4, "bottom": 6312100.1, "grid_row": 20, "grid_col": 10, "id_2": 290, "name_fr": "Demandolx01", "name_nl": "Demandolx01", "population": 8.0, "centroid_lat": 43.883325792999997, "centroid_lon": 6.568989852 }, "geometry": { "type": "Polygon", "coordinates": [ [ [ 6.552753014688925, 43.872595601522058 ], [ 6.58382113405222, 43.871579267374912 ], [ 6.582410675424256, 43.849104518422664 ], [ 6.551354750170137, 43.850120438848023 ], [ 6.552753014688925, 43.872595601522058 ] ] ] } },
{ "type": "Feature", "properties": { "id": 317, "left": 987993.4, "top": 6317100.1, "right": 990493.4, "bottom": 6314600.1, "grid_row": 19, "grid_col": 11, "id_2": 290, "name_fr": "Demandolx01", "name_nl": "Demandolx01", "population": 8.0, "centroid_lat": 43.883325792999997, "centroid_lon": 6.568989852 }, "geometry": { "type": "Polygon", "coordinates": [ [ [ 6.585232702999178, 43.89405430618072 ], [ 6.616311914402386, 43.893028712492672 ], [ 6.614888143096866, 43.870554091178207 ], [ 6.58382113405222, 43.871579267374912 ], [ 6.585232702999178, 43.89405430618072 ] ] ] } },
{ "type": "Feature", "properties": { "id": 264, "left": 982993.4, "top": 6314600.1, "right": 985493.4, "bottom": 6312100.1, "grid_row": 20, "grid_col": 9, "id_2": 291, "name_fr": "Demandolx02", "name_nl": "Demandolx02", "population": 67.0, "centroid_lat": 43.860850692, "centroid_lon": 6.567584938 }, "geometry": { "type": "Polygon", "coordinates": [ [ [ 6.521683794567045, 43.873603093130882 ], [ 6.552753014688925, 43.872595601522058 ], [ 6.551354750170137, 43.850120438848023 ], [ 6.520297725454856, 43.851127520326976 ], [ 6.521683794567045, 43.873603093130882 ] ] ] } },
{ "type": "Feature", "properties": { "id": 291, "left": 985493.4, "top": 6314600.1, "right": 987993.4, "bottom": 6312100.1, "grid_row": 20, "grid_col": 10, "id_2": 291, "name_fr": "Demandolx02", "name_nl": "Demandolx02", "population": 67.0, "centroid_lat": 43.860850692, "centroid_lon": 6.567584938 }, "geometry": { "type": "Polygon", "coordinates": [ [ [ 6.552753014688925, 43.872595601522058 ], [ 6.58382113405222, 43.871579267374912 ], [ 6.582410675424256, 43.849104518422664 ], [ 6.551354750170137, 43.850120438848023 ], [ 6.552753014688925, 43.872595601522058 ] ] ] } },
{ "type": "Feature", "properties": { "id": 292, "left": 985493.4, "top": 6312100.1, "right": 987993.4, "bottom": 6309600.1, "grid_row": 21, "grid_col": 10, "id_2": 291, "name_fr": "Demandolx02", "name_nl": "Demandolx02", "population": 67.0, "centroid_lat": 43.860850692, "centroid_lon": 6.567584938 }, "geometry": { "type": "Polygon", "coordinates": [ [ [ 6.551354750170137, 43.850120438848023 ], [ 6.582410675424256, 43.849104518422664 ], [ 6.581001325806657, 43.826630062635459 ], [ 6.549957585112853, 43.827645569515418 ], [ 6.551354750170137, 43.850120438848023 ] ] ] } },
{ "type": "Feature", "properties": { "id": 292, "left": 985493.4, "top": 6312100.1, "right": 987993.4, "bottom": 6309600.1, "grid_row": 21, "grid_col": 10, "id_2": 292, "name_fr": "La Garde01", "name_nl": "La Garde01", "population": 71.0, "centroid_lat": 43.838375882000001, "centroid_lon": 6.566181128 }, "geometry": { "type": "Polygon", "coordinates": [ [ [ 6.551354750170137, 43.850120438848023 ], [ 6.582410675424256, 43.849104518422664 ], [ 6.581001325806657, 43.826630062635459 ], [ 6.549957585112853, 43.827645569515418 ], [ 6.551354750170137, 43.850120438848023 ] ] ] } },
{ "type": "Feature", "properties": { "id": 293, "left": 985493.4, "top": 6309600.1, "right": 987993.4, "bottom": 6307100.1, "grid_row": 22, "grid_col": 10, "id_2": 292, "name_fr": "La Garde01", "name_nl": "La Garde01", "population": 71.0, "centroid_lat": 43.838375882000001, "centroid_lon": 6.566181128 }, "geometry": { "type": "Polygon", "coordinates": [ [ [ 6.549957585112853, 43.827645569515418 ], [ 6.581001325806657, 43.826630062635459 ], [ 6.579593083892854, 43.804155903323448 ], [ 6.548561518221687, 43.8051709968342 ], [ 6.549957585112853, 43.827645569515418 ] ] ] } },
{ "type": "Feature", "properties": { "id": 266, "left": 982993.4, "top": 6309600.1, "right": 985493.4, "bottom": 6307100.1, "grid_row": 22, "grid_col": 9, "id_2": 293, "name_fr": "La Garde02", "name_nl": "La Garde02", "population": 24.0, "centroid_lat": 43.815901368, "centroid_lon": 6.564778422 }, "geometry": { "type": "Polygon", "coordinates": [ [ [ 6.518912746253267, 43.828652241039357 ], [ 6.549957585112853, 43.827645569515418 ], [ 6.548561518221687, 43.8051709968342 ], [ 6.517528855678091, 43.806177258577847 ], [ 6.518912746253267, 43.828652241039357 ] ] ] } },
{ "type": "Feature", "properties": { "id": 267, "left": 982993.4, "top": 6307100.1, "right": 985493.4, "bottom": 6304600.1, "grid_row": 23, "grid_col": 9, "id_2": 293, "name_fr": "La Garde02", "name_nl": "La Garde02", "population": 24.0, "centroid_lat": 43.815901368, "centroid_lon": 6.564778422 }, "geometry": { "type": "Polygon", "coordinates": [ [ [ 6.517528855678091, 43.806177258577847 ], [ 6.548561518221687, 43.8051709968342 ], [ 6.547166548203292, 43.782696724112874 ], [ 6.516146052447151, 43.783702576250803 ], [ 6.517528855678091, 43.806177258577847 ] ] ] } },
{ "type": "Feature", "properties": { "id": 293, "left": 985493.4, "top": 6309600.1, "right": 987993.4, "bottom": 6307100.1, "grid_row": 22, "grid_col": 10, "id_2": 293, "name_fr": "La Garde02", "name_nl": "La Garde02", "population": 24.0, "centroid_lat": 43.815901368, "centroid_lon": 6.564778422 }, "geometry": { "type": "Polygon", "coordinates": [ [ [ 6.549957585112853, 43.827645569515418 ], [ 6.581001325806657, 43.826630062635459 ], [ 6.579593083892854, 43.804155903323448 ], [ 6.548561518221687, 43.8051709968342 ], [ 6.549957585112853, 43.827645569515418 ] ] ] } },
{ "type": "Feature", "properties": { "id": 294, "left": 985493.4, "top": 6307100.1, "right": 987993.4, "bottom": 6304600.1, "grid_row": 23, "grid_col": 10, "id_2": 293, "name_fr": "La Garde02", "name_nl": "La Garde02", "population": 24.0, "centroid_lat": 43.815901368, "centroid_lon": 6.564778422 }, "geometry": { "type": "Polygon", "coordinates": [ [ [ 6.548561518221687, 43.8051709968342 ], [ 6.579593083892854, 43.804155903323448 ], [ 6.578185948378325, 43.7816820437952 ], [ 6.547166548203292, 43.782696724112874 ], [ 6.548561518221687, 43.8051709968342 ] ] ] } },
{ "type": "Feature", "properties": { "id": 267, "left": 982993.4, "top": 6307100.1, "right": 985493.4, "bottom": 6304600.1, "grid_row": 23, "grid_col": 9, "id_2": 294, "name_fr": "Castellane22", "name_nl": "Castellane22", "population": 5.0, "centroid_lat": 43.793427151000003, "centroid_lon": 6.563376819 }, "geometry": { "type": "Polygon", "coordinates": [ [ [ 6.517528855678091, 43.806177258577847 ], [ 6.548561518221687, 43.8051709968342 ], [ 6.547166548203292, 43.782696724112874 ], [ 6.516146052447151, 43.783702576250803 ], [ 6.517528855678091, 43.806177258577847 ] ] ] } },
{ "type": "Feature", "properties": { "id": 268, "left": 982993.4, "top": 6304600.1, "right": 985493.4, "bottom": 6302100.1, "grid_row": 24, "grid_col": 9, "id_2": 294, "name_fr": "Castellane22", "name_nl": "Castellane22", "population": 5.0, "centroid_lat": 43.793427151000003, "centroid_lon": 6.563376819 }, "geometry": { "type": "Polygon", "coordinates": [ [ [ 6.516146052447151, 43.783702576250803 ], [ 6.547166548203292, 43.782696724112874 ], [ 6.545772673766343, 43.760222754658571 ], [ 6.514764335280281, 43.761228197365192 ], [ 6.516146052447151, 43.783702576250803 ] ] ] } },
{ "type": "Feature", "properties": { "id": 294, "left": 985493.4, "top": 6307100.1, "right": 987993.4, "bottom": 6304600.1, "grid_row": 23, "grid_col": 10, "id_2": 294, "name_fr": "Castellane22", "name_nl": "Castellane22", "population": 5.0, "centroid_lat": 43.793427151000003, "centroid_lon": 6.563376819 }, "geometry": { "type": "Polygon", "coordinates": [ [ [ 6.548561518221687, 43.8051709968342 ], [ 6.579593083892854, 43.804155903323448 ], [ 6.578185948378325, 43.7816820437952 ], [ 6.547166548203292, 43.782696724112874 ], [ 6.548561518221687, 43.8051709968342 ] ] ] } },
{ "type": "Feature", "properties": { "id": 295, "left": 985493.4, "top": 6304600.1, "right": 987993.4, "bottom": 6302100.1, "grid_row": 24, "grid_col": 10, "id_2": 294, "name_fr": "Castellane22", "name_nl": "Castellane22", "population": 5.0, "centroid_lat": 43.793427151000003, "centroid_lon": 6.563376819 }, "geometry": { "type": "Polygon", "coordinates": [ [ [ 6.547166548203292, 43.782696724112874 ], [ 6.578185948378325, 43.7816820437952 ], [ 6.576779917960591, 43.759208487358045 ], [ 6.545772673766343, 43.760222754658571 ], [ 6.547166548203292, 43.782696724112874 ] ] ] } },
{ "type": "Feature", "properties": { "id": 321, "left": 987993.4, "top": 6307100.1, "right": 990493.4, "bottom": 6304600.1, "grid_row": 23, "grid_col": 11, "id_2": 294, "name_fr": "Castellane22", "name_nl": "Castellane22", "population": 5.0, "centroid_lat": 43.793427151000003, "centroid_lon": 6.563376819 }, "geometry": { "type": "Polygon", "coordinates": [ [ [ 6.579593083892854, 43.804155903323448 ], [ 6.61062354316509, 43.803131978533123 ], [ 6.6092042434569, 43.780658535784958 ], [ 6.578185948378325, 43.7816820437952 ], [ 6.579593083892854, 43.804155903323448 ] ] ] } },
{ "type": "Feature", "properties": { "id": 322, "left": 987993.4, "top": 6304600.1, "right": 990493.4, "bottom": 6302100.1, "grid_row": 24, "grid_col": 11, "id_2": 294, "name_fr": "Castellane22", "name_nl": "Castellane22", "population": 5.0, "centroid_lat": 43.793427151000003, "centroid_lon": 6.563376819 }, "geometry": { "type": "Polygon", "coordinates": [ [ [ 6.578185948378325, 43.7816820437952 ], [ 6.6092042434569, 43.780658535784958 ], [ 6.607786058358816, 43.758185395950385 ], [ 6.576779917960591, 43.759208487358045 ], [ 6.578185948378325, 43.7816820437952 ] ] ] } },
{ "type": "Feature", "properties": { "id": 268, "left": 982993.4, "top": 6304600.1, "right": 985493.4, "bottom": 6302100.1, "grid_row": 24, "grid_col": 9, "id_2": 295, "name_fr": "Castellane23", "name_nl": "Castellane23", "population": 0.0, "centroid_lat": 43.770953237000001, "centroid_lon": 6.561976316 }, "geometry": { "type": "Polygon", "coordinates": [ [ [ 6.516146052447151, 43.783702576250803 ], [ 6.547166548203292, 43.782696724112874 ], [ 6.545772673766343, 43.760222754658571 ], [ 6.514764335280281, 43.761228197365192 ], [ 6.516146052447151, 43.783702576250803 ] ] ] } },
{ "type": "Feature", "properties": { "id": 295, "left": 985493.4, "top": 6304600.1, "right": 987993.4, "bottom": 6302100.1, "grid_row": 24, "grid_col": 10, "id_2": 295, "name_fr": "Castellane23", "name_nl": "Castellane23", "population": 0.0, "centroid_lat": 43.770953237000001, "centroid_lon": 6.561976316 }, "geometry": { "type": "Polygon", "coordinates": [ [ [ 6.547166548203292, 43.782696724112874 ], [ 6.578185948378325, 43.7816820437952 ], [ 6.576779917960591, 43.759208487358045 ], [ 6.545772673766343, 43.760222754658571 ], [ 6.547166548203292, 43.782696724112874 ] ] ] } },
{ "type": "Feature", "properties": { "id": 296, "left": 985493.4, "top": 6302100.1, "right": 987993.4, "bottom": 6299600.1, "grid_row": 25, "grid_col": 10, "id_2": 295, "name_fr": "Castellane23", "name_nl": "Castellane23", "population": 0.0, "centroid_lat": 43.770953237000001, "centroid_lon": 6.561976316 }, "geometry": { "type": "Polygon", "coordinates": [ [ [ 6.545772673766343, 43.760222754658571 ], [ 6.576779917960591, 43.759208487358045 ], [ 6.575374991339221, 43.736735237317745 ], [ 6.544379893621542, 43.737749091776898 ], [ 6.545772673766343, 43.760222754658571 ] ] ] } },
{ "type": "Feature", "properties": { "id": 322, "left": 987993.4, "top": 6304600.1, "right": 990493.4, "bottom": 6302100.1, "grid_row": 24, "grid_col": 11, "id_2": 295, "name_fr": "Castellane23", "name_nl": "Castellane23", "population": 0.0, "centroid_lat": 43.770953237000001, "centroid_lon": 6.561976316 }, "geometry": { "type": "Polygon", "coordinates": [ [ [ 6.578185948378325, 43.7816820437952 ], [ 6.6092042434569, 43.780658535784958 ], [ 6.607786058358816, 43.758185395950385 ], [ 6.576779917960591, 43.759208487358045 ], [ 6.578185948378325, 43.7816820437952 ] ] ] } },
{ "type": "Feature", "properties": { "id": 272, "left": 985493.4, "top": 6362100.1, "right": 987993.4, "bottom": 6359600.1, "grid_row": 1, "grid_col": 10, "id_2": 299, "name_fr": "Allos13", "name_nl": "Allos13", "population": 0.0, "centroid_lat": 44.286895217999998, "centroid_lon": 6.625763625 }, "geometry": { "type": "Polygon", "coordinates": [ [ [ 6.579530676096863, 44.299675014578028 ], [ 6.61083231282808, 44.298650786012153 ], [ 6.60940053199793, 44.276171097730192 ], [ 6.578111272953564, 44.277194909195437 ], [ 6.579530676096863, 44.299675014578028 ] ] ] } },
{ "type": "Feature", "properties": { "id": 273, "left": 985493.4, "top": 6359600.1, "right": 987993.4, "bottom": 6357100.1, "grid_row": 2, "grid_col": 10, "id_2": 299, "name_fr": "Allos13", "name_nl": "Allos13", "population": 0.0, "centroid_lat": 44.286895217999998, "centroid_lon": 6.625763625 }, "geometry": { "type": "Polygon", "coordinates": [ [ [ 6.578111272953564, 44.277194909195437 ], [ 6.60940053199793, 44.276171097730192 ], [ 6.607969885397973, 44.253691639451944 ], [ 6.576692994275652, 44.254715033995701 ], [ 6.578111272953564, 44.277194909195437 ] ] ] } },
{ "type": "Feature", "properties": { "id": 299, "left": 987993.4, "top": 6362100.1, "right": 990493.4, "bottom": 6359600.1, "grid_row": 1, "grid_col": 11, "id_2": 299, "name_fr": "Allos13", "name_nl": "Allos13", "population": 0.0, "centroid_lat": 44.286895217999998, "centroid_lon": 6.625763625 }, "geometry": { "type": "Polygon", "coordinates": [ [ [ 6.61083231282808, 44.298650786012153 ], [ 6.642132813981026, 44.29761764686755 ], [ 6.640688656812459, 44.275138379306838 ], [ 6.60940053199793, 44.276171097730192 ], [ 6.61083231282808, 44.298650786012153 ] ] ] } },
{ "type": "Feature", "properties": { "id": 300, "left": 987993.4, "top": 6359600.1, "right": 990493.4, "bottom": 6357100.1, "grid_row": 2, "grid_col": 11, "id_2": 299, "name_fr": "Allos13", "name_nl": "Allos13", "population": 0.0, "centroid_lat": 44.286895217999998, "centroid_lon": 6.625763625 }, "geometry": { "type": "Polygon", "coordinates": [ [ [ 6.60940053199793, 44.276171097730192 ], [ 6.640688656812459, 44.275138379306838 ], [ 6.63924564363676, 44.252659341569128 ], [ 6.607969885397973, 44.253691639451944 ], [ 6.60940053199793, 44.276171097730192 ] ] ] } },
{ "type": "Feature", "properties": { "id": 326, "left": 990493.4, "top": 6362100.1, "right": 992993.4, "bottom": 6359600.1, "grid_row": 1, "grid_col": 12, "id_2": 299, "name_fr": "Allos13", "name_nl": "Allos13", "population": 0.0, "centroid_lat": 44.286895217999998, "centroid_lon": 6.625763625 }, "geometry": { "type": "Polygon", "coordinates": [ [ [ 6.642132813981026, 44.29761764686755 ], [ 6.673432169781489, 44.296575597644988 ], [ 6.671975637634483, 44.274096754425727 ], [ 6.640688656812459, 44.275138379306838 ], [ 6.642132813981026, 44.29761764686755 ] ] ] } },
{ "type": "Feature", "properties": { "id": 273, "left": 985493.4, "top": 6359600.1, "right": 987993.4, "bottom": 6357100.1, "grid_row": 2, "grid_col": 10, "id_2": 300, "name_fr": "Allos14", "name_nl": "Allos14", "population": 2.0, "centroid_lat": 44.264415855000003, "centroid_lon": 6.624326225 }, "geometry": { "type": "Polygon", "coordinates": [ [ [ 6.578111272953564, 44.277194909195437 ], [ 6.60940053199793, 44.276171097730192 ], [ 6.607969885397973, 44.253691639451944 ], [ 6.576692994275652, 44.254715033995701 ], [ 6.578111272953564, 44.277194909195437 ] ] ] } },
{ "type": "Feature", "properties": { "id": 274, "left": 985493.4, "top": 6357100.1, "right": 987993.4, "bottom": 6354600.1, "grid_row": 3, "grid_col": 10, "id_2": 300, "name_fr": "Allos14", "name_nl": "Allos14", "population": 2.0, "centroid_lat": 44.264415855000003, "centroid_lon": 6.624326225 }, "geometry": { "type": "Polygon", "coordinates": [ [ [ 6.576692994275652, 44.254715033995701 ], [ 6.607969885397973, 44.253691639451944 ], [ 6.606540371681907, 44.231212414514374 ], [ 6.575275838728353, 44.232235392315687 ], [ 6.576692994275652, 44.254715033995701 ] ] ] } },
{ "type": "Feature", "properties": { "id": 300, "left": 987993.4, "top": 6359600.1, "right": 990493.4, "bottom": 6357100.1, "grid_row": 2, "grid_col": 11, "id_2": 300, "name_fr": "Allos14", "name_nl": "Allos14", "population": 2.0, "centroid_lat": 44.264415855000003, "centroid_lon": 6.624326225 }, "geometry": { "type": "Polygon", "coordinates": [ [ [ 6.60940053199793, 44.276171097730192 ], [ 6.640688656812459, 44.275138379306838 ], [ 6.63924564363676, 44.252659341569128 ], [ 6.607969885397973, 44.253691639451944 ], [ 6.60940053199793, 44.276171097730192 ] ] ] } },
{ "type": "Feature", "properties": { "id": 301, "left": 987993.4, "top": 6357100.1, "right": 990493.4, "bottom": 6354600.1, "grid_row": 3, "grid_col": 11, "id_2": 300, "name_fr": "Allos14", "name_nl": "Allos14", "population": 2.0, "centroid_lat": 44.264415855000003, "centroid_lon": 6.624326225 }, "geometry": { "type": "Polygon", "coordinates": [ [ [ 6.607969885397973, 44.253691639451944 ], [ 6.63924564363676, 44.252659341569128 ], [ 6.637803773096099, 44.230180536991575 ], [ 6.606540371681907, 44.231212414514374 ], [ 6.607969885397973, 44.253691639451944 ] ] ] } },
{ "type": "Feature", "properties": { "id": 274, "left": 985493.4, "top": 6357100.1, "right": 987993.4, "bottom": 6354600.1, "grid_row": 3, "grid_col": 10, "id_2": 301, "name_fr": "Allos15", "name_nl": "Allos15", "population": 405.0, "centroid_lat": 44.241936723000002, "centroid_lon": 6.622889964 }, "geometry": { "type": "Polygon", "coordinates": [ [ [ 6.576692994275652, 44.254715033995701 ], [ 6.607969885397973, 44.253691639451944 ], [ 6.606540371681907, 44.231212414514374 ], [ 6.575275838728353, 44.232235392315687 ], [ 6.576692994275652, 44.254715033995701 ] ] ] } },
{ "type": "Feature", "properties": { "id": 300, "left": 987993.4, "top": 6359600.1, "right": 990493.4, "bottom": 6357100.1, "grid_row": 2, "grid_col": 11, "id_2": 301, "name_fr": "Allos15", "name_nl": "Allos15", "population": 405.0, "centroid_lat": 44.241936723000002, "centroid_lon": 6.622889964 }, "geometry": { "type": "Polygon", "coordinates": [ [ [ 6.60940053199793, 44.276171097730192 ], [ 6.640688656812459, 44.275138379306838 ], [ 6.63924564363676, 44.252659341569128 ], [ 6.607969885397973, 44.253691639451944 ], [ 6.60940053199793, 44.276171097730192 ] ] ] } },
{ "type": "Feature", "properties": { "id": 301, "left": 987993.4, "top": 6357100.1, "right": 990493.4, "bottom": 6354600.1, "grid_row": 3, "grid_col": 11, "id_2": 301, "name_fr": "Allos15", "name_nl": "Allos15", "population": 405.0, "centroid_lat": 44.241936723000002, "centroid_lon": 6.622889964 }, "geometry": { "type": "Polygon", "coordinates": [ [ [ 6.607969885397973, 44.253691639451944 ], [ 6.63924564363676, 44.252659341569128 ], [ 6.637803773096099, 44.230180536991575 ], [ 6.606540371681907, 44.231212414514374 ], [ 6.607969885397973, 44.253691639451944 ] ] ] } },
{ "type": "Feature", "properties": { "id": 274, "left": 985493.4, "top": 6357100.1, "right": 987993.4, "bottom": 6354600.1, "grid_row": 3, "grid_col": 10, "id_2": 302, "name_fr": "Colmars01", "name_nl": "Colmars01", "population": 0.0, "centroid_lat": 44.219457827, "centroid_lon": 6.62145484 }, "geometry": { "type": "Polygon", "coordinates": [ [ [ 6.576692994275652, 44.254715033995701 ], [ 6.607969885397973, 44.253691639451944 ], [ 6.606540371681907, 44.231212414514374 ], [ 6.575275838728353, 44.232235392315687 ], [ 6.576692994275652, 44.254715033995701 ] ] ] } },
{ "type": "Feature", "properties": { "id": 275, "left": 985493.4, "top": 6354600.1, "right": 987993.4, "bottom": 6352100.1, "grid_row": 4, "grid_col": 10, "id_2": 302, "name_fr": "Colmars01", "name_nl": "Colmars01", "population": 0.0, "centroid_lat": 44.219457827, "centroid_lon": 6.62145484 }, "geometry": { "type": "Polygon", "coordinates": [ [ [ 6.575275838728353, 44.232235392315687 ], [ 6.606540371681907, 44.231212414514374 ], [ 6.605111989505557, 44.208733426253119 ], [ 6.573859804979001, 44.20975598749083 ], [ 6.575275838728353, 44.232235392315687 ] ] ] } },
{ "type": "Feature", "properties": { "id": 276, "left": 985493.4, "top": 6352100.1, "right": 987993.4, "bottom": 6349600.1, "grid_row": 5, "grid_col": 10, "id_2": 302, "name_fr": "Colmars01", "name_nl": "Colmars01", "population": 0.0, "centroid_lat": 44.219457827, "centroid_lon": 6.62145484 }, "geometry": { "type": "Polygon", "coordinates": [ [ [ 6.573859804979001, 44.20975598749083 ], [ 6.605111989505557, 44.208733426253119 ], [ 6.603684737526874, 44.186254678002349 ], [ 6.572444891697035, 44.187276822855182 ], [ 6.573859804979001, 44.20975598749083 ] ] ] } },
{ "type": "Feature", "properties": { "id": 301, "left": 987993.4, "top": 6357100.1, "right": 990493.4, "bottom": 6354600.1, "grid_row": 3, "grid_col": 11, "id_2": 302, "name_fr": "Colmars01", "name_nl": "Colmars01", "population": 0.0, "centroid_lat": 44.219457827, "centroid_lon": 6.62145484 }, "geometry": { "type": "Polygon", "coordinates": [ [ [ 6.607969885397973, 44.253691639451944 ], [ 6.63924564363676, 44.252659341569128 ], [ 6.637803773096099, 44.230180536991575 ], [ 6.606540371681907, 44.231212414514374 ], [ 6.607969885397973, 44.253691639451944 ] ] ] } },
{ "type": "Feature", "properties": { "id": 302, "left": 987993.4, "top": 6354600.1, "right": 990493.4, "bottom": 6352100.1, "grid_row": 4, "grid_col": 11, "id_2": 302, "name_fr": "Colmars01", "name_nl": "Colmars01", "population": 0.0, "centroid_lat": 44.219457827, "centroid_lon": 6.62145484 }, "geometry": { "type": "Polygon", "coordinates": [ [ [ 6.606540371681907, 44.231212414514374 ], [ 6.637803773096099, 44.230180536991575 ], [ 6.6363630438348, 44.207701968909895 ], [ 6.605111989505557, 44.208733426253119 ], [ 6.606540371681907, 44.231212414514374 ] ] ] } },
{ "type": "Feature", "properties": { "id": 303, "left": 987993.4, "top": 6352100.1, "right": 990493.4, "bottom": 6349600.1, "grid_row": 5, "grid_col": 11, "id_2": 302, "name_fr": "Colmars01", "name_nl": "Colmars01", "population": 0.0, "centroid_lat": 44.219457827, "centroid_lon": 6.62145484 }, "geometry": { "type": "Polygon", "coordinates": [ [ [ 6.605111989505557, 44.208733426253119 ], [ 6.6363630438348, 44.207701968909895 ], [ 6.634923454499328, 44.185223640658457 ], [ 6.603684737526874, 44.186254678002349 ], [ 6.605111989505557, 44.208733426253119 ] ] ] } },
{ "type": "Feature", "properties": { "id": 329, "left": 990493.4, "top": 6354600.1, "right": 992993.4, "bottom": 6352100.1, "grid_row": 4, "grid_col": 12, "id_2": 302, "name_fr": "Colmars01", "name_nl": "Colmars01", "population": 0.0, "centroid_lat": 44.219457827, "centroid_lon": 6.62145484 }, "geometry": { "type": "Polygon", "coordinates": [ [ [ 6.637803773096099, 44.230180536991575 ], [ 6.669066033231284, 44.229139760246767 ], [ 6.667612958238572, 44.206661615960272 ], [ 6.6363630438348, 44.207701968909895 ], [ 6.637803773096099, 44.230180536991575 ] ] ] } },
{ "type": "Feature", "properties": { "id": 330, "left": 990493.4, "top": 6352100.1, "right": 992993.4, "bottom": 6349600.1, "grid_row": 5, "grid_col": 12, "id_2": 302, "name_fr": "Colmars01", "name_nl": "Colmars01", "population": 0.0, "centroid_lat": 44.219457827, "centroid_lon": 6.62145484 }, "geometry": { "type": "Polygon", "coordinates": [ [ [ 6.6363630438348, 44.207701968909895 ], [ 6.667612958238572, 44.206661615960272 ], [ 6.666161032897708, 44.184183711322191 ], [ 6.634923454499328, 44.185223640658457 ], [ 6.6363630438348, 44.207701968909895 ] ] ] } },
{ "type": "Feature", "properties": { "id": 276, "left": 985493.4, "top": 6352100.1, "right": 987993.4, "bottom": 6349600.1, "grid_row": 5, "grid_col": 10, "id_2": 303, "name_fr": "Colmars02", "name_nl": "Colmars02", "population": 46.0, "centroid_lat": 44.196979168, "centroid_lon": 6.620020852 }, "geometry": { "type": "Polygon", "coordinates": [ [ [ 6.573859804979001, 44.20975598749083 ], [ 6.605111989505557, 44.208733426253119 ], [ 6.603684737526874, 44.186254678002349 ], [ 6.572444891697035, 44.187276822855182 ], [ 6.573859804979001, 44.20975598749083 ] ] ] } },
{ "type": "Feature", "properties": { "id": 277, "left": 985493.4, "top": 6349600.1, "right": 987993.4, "bottom": 6347100.1, "grid_row": 6, "grid_col": 10, "id_2": 303, "name_fr": "Colmars02", "name_nl": "Colmars02", "population": 46.0, "centroid_lat": 44.196979168, "centroid_lon": 6.620020852 }, "geometry": { "type": "Polygon", "coordinates": [ [ [ 6.572444891697035, 44.187276822855182 ], [ 6.603684737526874, 44.186254678002349 ], [ 6.602258614405928, 44.163776173094824 ], [ 6.571031097554001, 44.164797901741366 ], [ 6.572444891697035, 44.187276822855182 ] ] ] } },
{ "type": "Feature", "properties": { "id": 303, "left": 987993.4, "top": 6352100.1, "right": 990493.4, "bottom": 6349600.1, "grid_row": 5, "grid_col": 11, "id_2": 303, "name_fr": "Colmars02", "name_nl": "Colmars02", "population": 46.0, "centroid_lat": 44.196979168, "centroid_lon": 6.620020852 }, "geometry": { "type": "Polygon", "coordinates": [ [ [ 6.605111989505557, 44.208733426253119 ], [ 6.6363630438348, 44.207701968909895 ], [ 6.634923454499328, 44.185223640658457 ], [ 6.603684737526874, 44.186254678002349 ], [ 6.605111989505557, 44.208733426253119 ] ] ] } },
{ "type": "Feature", "properties": { "id": 304, "left": 987993.4, "top": 6349600.1, "right": 990493.4, "bottom": 6347100.1, "grid_row": 6, "grid_col": 11, "id_2": 303, "name_fr": "Colmars02", "name_nl": "Colmars02", "population": 46.0, "centroid_lat": 44.196979168, "centroid_lon": 6.620020852 }, "geometry": { "type": "Polygon", "coordinates": [ [ [ 6.603684737526874, 44.186254678002349 ], [ 6.634923454499328, 44.185223640658457 ], [ 6.633485003738285, 44.162745555570169 ], [ 6.602258614405928, 44.163776173094824 ], [ 6.603684737526874, 44.186254678002349 ] ] ] } },
{ "type": "Feature", "properties": { "id": 330, "left": 990493.4, "top": 6352100.1, "right": 992993.4, "bottom": 6349600.1, "grid_row": 5, "grid_col": 12, "id_2": 303, "name_fr": "Colmars02", "name_nl": "Colmars02", "population": 46.0, "centroid_lat": 44.196979168, "centroid_lon": 6.620020852 }, "geometry": { "type": "Polygon", "coordinates": [ [ [ 6.6363630438348, 44.207701968909895 ], [ 6.667612958238572, 44.206661615960272 ], [ 6.666161032897708, 44.184183711322191 ], [ 6.634923454499328, 44.185223640658457 ], [ 6.6363630438348, 44.207701968909895 ] ] ] } },
{ "type": "Feature", "properties": { "id": 277, "left": 985493.4, "top": 6349600.1, "right": 987993.4, "bottom": 6347100.1, "grid_row": 6, "grid_col": 10, "id_2": 304, "name_fr": "Colmars03", "name_nl": "Colmars03", "population": 468.0, "centroid_lat": 44.174500750999997, "centroid_lon": 6.618587998 }, "geometry": { "type": "Polygon", "coordinates": [ [ [ 6.572444891697035, 44.187276822855182 ], [ 6.603684737526874, 44.186254678002349 ], [ 6.602258614405928, 44.163776173094824 ], [ 6.571031097554001, 44.164797901741366 ], [ 6.572444891697035, 44.187276822855182 ] ] ] } },
{ "type": "Feature", "properties": { "id": 278, "left": 985493.4, "top": 6347100.1, "right": 987993.4, "bottom": 6344600.1, "grid_row": 7, "grid_col": 10, "id_2": 304, "name_fr": "Colmars03", "name_nl": "Colmars03", "population": 468.0, "centroid_lat": 44.174500750999997, "centroid_lon": 6.618587998 }, "geometry": { "type": "Polygon", "coordinates": [ [ [ 6.571031097554001, 44.164797901741366 ], [ 6.602258614405928, 44.163776173094824 ], [ 6.600833618804905, 44.141297914861958 ], [ 6.569618421223535, 44.142319227480584 ], [ 6.571031097554001, 44.164797901741366 ] ] ] } },
{ "type": "Feature", "properties": { "id": 304, "left": 987993.4, "top": 6349600.1, "right": 990493.4, "bottom": 6347100.1, "grid_row": 6, "grid_col": 11, "id_2": 304, "name_fr": "Colmars03", "name_nl": "Colmars03", "population": 468.0, "centroid_lat": 44.174500750999997, "centroid_lon": 6.618587998 }, "geometry": { "type": "Polygon", "coordinates": [ [ [ 6.603684737526874, 44.186254678002349 ], [ 6.634923454499328, 44.185223640658457 ], [ 6.633485003738285, 44.162745555570169 ], [ 6.602258614405928, 44.163776173094824 ], [ 6.603684737526874, 44.186254678002349 ] ] ] } },
{ "type": "Feature", "properties": { "id": 305, "left": 987993.4, "top": 6347100.1, "right": 990493.4, "bottom": 6344600.1, "grid_row": 7, "grid_col": 11, "id_2": 304, "name_fr": "Colmars03", "name_nl": "Colmars03", "population": 468.0, "centroid_lat": 44.174500750999997, "centroid_lon": 6.618587998 }, "geometry": { "type": "Polygon", "coordinates": [ [ [ 6.602258614405928, 44.163776173094824 ], [ 6.633485003738285, 44.162745555570169 ], [ 6.632047690202405, 44.140267716976567 ], [ 6.600833618804905, 44.141297914861958 ], [ 6.602258614405928, 44.163776173094824 ] ] ] } },
{ "type": "Feature", "properties": { "id": 278, "left": 985493.4, "top": 6347100.1, "right": 987993.4, "bottom": 6344600.1, "grid_row": 7, "grid_col": 10, "id_2": 305, "name_fr": "Beauvezer03", "name_nl": "Beauvezer03", "population": 27.0, "centroid_lat": 44.152022578999997, "centroid_lon": 6.617156277 }, "geometry": { "type": "Polygon", "coordinates": [ [ [ 6.571031097554001, 44.164797901741366 ], [ 6.602258614405928, 44.163776173094824 ], [ 6.600833618804905, 44.141297914861958 ], [ 6.569618421223535, 44.142319227480584 ], [ 6.571031097554001, 44.164797901741366 ] ] ] } },
{ "type": "Feature", "properties": { "id": 279, "left": 985493.4, "top": 6344600.1, "right": 987993.4, "bottom": 6342100.1, "grid_row": 8, "grid_col": 10, "id_2": 305, "name_fr": "Beauvezer03", "name_nl": "Beauvezer03", "population": 27.0, "centroid_lat": 44.152022578999997, "centroid_lon": 6.617156277 }, "geometry": { "type": "Polygon", "coordinates": [ [ [ 6.569618421223535, 44.142319227480584 ], [ 6.600833618804905, 44.141297914861958 ], [ 6.599409749388101, 44.118819906633654 ], [ 6.568206861381373, 44.119840803402674 ], [ 6.569618421223535, 44.142319227480584 ] ] ] } },
{ "type": "Feature", "properties": { "id": 305, "left": 987993.4, "top": 6347100.1, "right": 990493.4, "bottom": 6344600.1, "grid_row": 7, "grid_col": 11, "id_2": 305, "name_fr": "Beauvezer03", "name_nl": "Beauvezer03", "population": 27.0, "centroid_lat": 44.152022578999997, "centroid_lon": 6.617156277 }, "geometry": { "type": "Polygon", "coordinates": [ [ [ 6.602258614405928, 44.163776173094824 ], [ 6.633485003738285, 44.162745555570169 ], [ 6.632047690202405, 44.140267716976567 ], [ 6.600833618804905, 44.141297914861958 ], [ 6.602258614405928, 44.163776173094824 ] ] ] } },
{ "type": "Feature", "properties": { "id": 306, "left": 987993.4, "top": 6344600.1, "right": 990493.4, "bottom": 6342100.1, "grid_row": 8, "grid_col": 11, "id_2": 305, "name_fr": "Beauvezer03", "name_nl": "Beauvezer03", "population": 27.0, "centroid_lat": 44.152022578999997, "centroid_lon": 6.617156277 }, "geometry": { "type": "Polygon", "coordinates": [ [ [ 6.600833618804905, 44.141297914861958 ], [ 6.632047690202405, 44.140267716976567 ], [ 6.630611512544554, 44.117790128207723 ], [ 6.599409749388101, 44.118819906633654 ], [ 6.600833618804905, 44.141297914861958 ] ] ] } },
{ "type": "Feature", "properties": { "id": 332, "left": 990493.4, "top": 6347100.1, "right": 992993.4, "bottom": 6344600.1, "grid_row": 7, "grid_col": 12, "id_2": 305, "name_fr": "Beauvezer03", "name_nl": "Beauvezer03", "population": 27.0, "centroid_lat": 44.152022578999997, "centroid_lon": 6.617156277 }, "geometry": { "type": "Polygon", "coordinates": [ [ [ 6.633485003738285, 44.162745555570169 ], [ 6.66471025584583, 44.161706049665646 ], [ 6.663260625722229, 44.139228634322279 ], [ 6.632047690202405, 44.140267716976567 ], [ 6.633485003738285, 44.162745555570169 ] ] ] } },
{ "type": "Feature", "properties": { "id": 333, "left": 990493.4, "top": 6344600.1, "right": 992993.4, "bottom": 6342100.1, "grid_row": 8, "grid_col": 12, "id_2": 305, "name_fr": "Beauvezer03", "name_nl": "Beauvezer03", "population": 27.0, "centroid_lat": 44.152022578999997, "centroid_lon": 6.617156277 }, "geometry": { "type": "Polygon", "coordinates": [ [ [ 6.632047690202405, 44.140267716976567 ], [ 6.663260625722229, 44.139228634322279 ], [ 6.66181214116834, 44.11675146862234 ], [ 6.630611512544554, 44.117790128207723 ], [ 6.632047690202405, 44.140267716976567 ] ] ] } },
{ "type": "Feature", "properties": { "id": 279, "left": 985493.4, "top": 6344600.1, "right": 987993.4, "bottom": 6342100.1, "grid_row": 8, "grid_col": 10, "id_2": 306, "name_fr": "Beauvezer04", "name_nl": "Beauvezer04", "population": 2.0, "centroid_lat": 44.129544656, "centroid_lon": 6.615725688 }, "geometry": { "type": "Polygon", "coordinates": [ [ [ 6.569618421223535, 44.142319227480584 ], [ 6.600833618804905, 44.141297914861958 ], [ 6.599409749388101, 44.118819906633654 ], [ 6.568206861381373, 44.119840803402674 ], [ 6.569618421223535, 44.142319227480584 ] ] ] } },
{ "type": "Feature", "properties": { "id": 280, "left": 985493.4, "top": 6342100.1, "right": 987993.4, "bottom": 6339600.1, "grid_row": 9, "grid_col": 10, "id_2": 306, "name_fr": "Beauvezer04", "name_nl": "Beauvezer04", "population": 2.0, "centroid_lat": 44.129544656, "centroid_lon": 6.615725688 }, "geometry": { "type": "Polygon", "coordinates": [ [ [ 6.568206861381373, 44.119840803402674 ], [ 6.599409749388101, 44.118819906633654 ], [ 6.597987004821924, 44.096342151738476 ], [ 6.566796416705339, 44.097362632836003 ], [ 6.568206861381373, 44.119840803402674 ] ] ] } },
{ "type": "Feature", "properties": { "id": 306, "left": 987993.4, "top": 6344600.1, "right": 990493.4, "bottom": 6342100.1, "grid_row": 8, "grid_col": 11, "id_2": 306, "name_fr": "Beauvezer04", "name_nl": "Beauvezer04", "population": 2.0, "centroid_lat": 44.129544656, "centroid_lon": 6.615725688 }, "geometry": { "type": "Polygon", "coordinates": [ [ [ 6.600833618804905, 44.141297914861958 ], [ 6.632047690202405, 44.140267716976567 ], [ 6.630611512544554, 44.117790128207723 ], [ 6.599409749388101, 44.118819906633654 ], [ 6.600833618804905, 44.141297914861958 ] ] ] } },
{ "type": "Feature", "properties": { "id": 307, "left": 987993.4, "top": 6342100.1, "right": 990493.4, "bottom": 6339600.1, "grid_row": 9, "grid_col": 11, "id_2": 306, "name_fr": "Beauvezer04", "name_nl": "Beauvezer04", "population": 2.0, "centroid_lat": 44.129544656, "centroid_lon": 6.615725688 }, "geometry": { "type": "Polygon", "coordinates": [ [ [ 6.599409749388101, 44.118819906633654 ], [ 6.630611512544554, 44.117790128207723 ], [ 6.629176469419726, 44.09531279259236 ], [ 6.597987004821924, 44.096342151738476 ], [ 6.599409749388101, 44.118819906633654 ] ] ] } },
{ "type": "Feature", "properties": { "id": 333, "left": 990493.4, "top": 6344600.1, "right": 992993.4, "bottom": 6342100.1, "grid_row": 8, "grid_col": 12, "id_2": 306, "name_fr": "Beauvezer04", "name_nl": "Beauvezer04", "population": 2.0, "centroid_lat": 44.129544656, "centroid_lon": 6.615725688 }, "geometry": { "type": "Polygon", "coordinates": [ [ [ 6.632047690202405, 44.140267716976567 ], [ 6.663260625722229, 44.139228634322279 ], [ 6.66181214116834, 44.11675146862234 ], [ 6.630611512544554, 44.117790128207723 ], [ 6.632047690202405, 44.140267716976567 ] ] ] } },
{ "type": "Feature", "properties": { "id": 280, "left": 985493.4, "top": 6342100.1, "right": 987993.4, "bottom": 6339600.1, "grid_row": 9, "grid_col": 10, "id_2": 307, "name_fr": "Thorame-Haute10", "name_nl": "Thorame-Haute10", "population": 0.0, "centroid_lat": 44.107066983000003, "centroid_lon": 6.614296229 }, "geometry": { "type": "Polygon", "coordinates": [ [ [ 6.568206861381373, 44.119840803402674 ], [ 6.599409749388101, 44.118819906633654 ], [ 6.597987004821924, 44.096342151738476 ], [ 6.566796416705339, 44.097362632836003 ], [ 6.568206861381373, 44.119840803402674 ] ] ] } },
{ "type": "Feature", "properties": { "id": 281, "left": 985493.4, "top": 6339600.1, "right": 987993.4, "bottom": 6337100.1, "grid_row": 10, "grid_col": 10, "id_2": 307, "name_fr": "Thorame-Haute10", "name_nl": "Thorame-Haute10", "population": 0.0, "centroid_lat": 44.107066983000003, "centroid_lon": 6.614296229 }, "geometry": { "type": "Polygon", "coordinates": [ [ [ 6.566796416705339, 44.097362632836003 ], [ 6.597987004821924, 44.096342151738476 ], [ 6.596565383774881, 44.073864653503549 ], [ 6.56538708587534, 44.074884719107551 ], [ 6.566796416705339, 44.097362632836003 ] ] ] } },
{ "type": "Feature", "properties": { "id": 307, "left": 987993.4, "top": 6342100.1, "right": 990493.4, "bottom": 6339600.1, "grid_row": 9, "grid_col": 11, "id_2": 307, "name_fr": "Thorame-Haute10", "name_nl": "Thorame-Haute10", "population": 0.0, "centroid_lat": 44.107066983000003, "centroid_lon": 6.614296229 }, "geometry": { "type": "Polygon", "coordinates": [ [ [ 6.599409749388101, 44.118819906633654 ], [ 6.630611512544554, 44.117790128207723 ], [ 6.629176469419726, 44.09531279259236 ], [ 6.597987004821924, 44.096342151738476 ], [ 6.599409749388101, 44.118819906633654 ] ] ] } },
{ "type": "Feature", "properties": { "id": 308, "left": 987993.4, "top": 6339600.1, "right": 990493.4, "bottom": 6337100.1, "grid_row": 10, "grid_col": 11, "id_2": 307, "name_fr": "Thorame-Haute10", "name_nl": "Thorame-Haute10", "population": 0.0, "centroid_lat": 44.107066983000003, "centroid_lon": 6.614296229 }, "geometry": { "type": "Polygon", "coordinates": [ [ [ 6.597987004821924, 44.096342151738476 ], [ 6.629176469419726, 44.09531279259236 ], [ 6.62774255948503, 44.072835713457721 ], [ 6.596565383774881, 44.073864653503549 ], [ 6.597987004821924, 44.096342151738476 ] ] ] } },
{ "type": "Feature", "properties": { "id": 281, "left": 985493.4, "top": 6339600.1, "right": 987993.4, "bottom": 6337100.1, "grid_row": 10, "grid_col": 10, "id_2": 308, "name_fr": "Thorame-Haute11", "name_nl": "Thorame-Haute11", "population": 0.0, "centroid_lat": 44.084589565999998, "centroid_lon": 6.6128679 }, "geometry": { "type": "Polygon", "coordinates": [ [ [ 6.566796416705339, 44.097362632836003 ], [ 6.597987004821924, 44.096342151738476 ], [ 6.596565383774881, 44.073864653503549 ], [ 6.56538708587534, 44.074884719107551 ], [ 6.566796416705339, 44.097362632836003 ] ] ] } },
{ "type": "Feature", "properties": { "id": 308, "left": 987993.4, "top": 6339600.1, "right": 990493.4, "bottom": 6337100.1, "grid_row": 10, "grid_col": 11, "id_2": 308, "name_fr": "Thorame-Haute11", "name_nl": "Thorame-Haute11", "population": 0.0, "centroid_lat": 44.084589565999998, "centroid_lon": 6.6128679 }, "geometry": { "type": "Polygon", "coordinates": [ [ [ 6.597987004821924, 44.096342151738476 ], [ 6.629176469419726, 44.09531279259236 ], [ 6.62774255948503, 44.072835713457721 ], [ 6.596565383774881, 44.073864653503549 ], [ 6.597987004821924, 44.096342151738476 ] ] ] } },
{ "type": "Feature", "properties": { "id": 282, "left": 985493.4, "top": 6337100.1, "right": 987993.4, "bottom": 6334600.1, "grid_row": 11, "grid_col": 10, "id_2": 309, "name_fr": "Thorame-Haute12", "name_nl": "Thorame-Haute12", "population": 2.0, "centroid_lat": 44.062112407000001, "centroid_lon": 6.611440698 }, "geometry": { "type": "Polygon", "coordinates": [ [ [ 6.56538708587534, 44.074884719107551 ], [ 6.596565383774881, 44.073864653503549 ], [ 6.595144884917579, 44.051387415254574 ], [ 6.563978867573367, 44.05240706554288 ], [ 6.56538708587534, 44.074884719107551 ] ] ] } },
{ "type": "Feature", "properties": { "id": 283, "left": 985493.4, "top": 6334600.1, "right": 987993.4, "bottom": 6332100.1, "grid_row": 12, "grid_col": 10, "id_2": 309, "name_fr": "Thorame-Haute12", "name_nl": "Thorame-Haute12", "population": 2.0, "centroid_lat": 44.062112407000001, "centroid_lon": 6.611440698 }, "geometry": { "type": "Polygon", "coordinates": [ [ [ 6.563978867573367, 44.05240706554288 ], [ 6.595144884917579, 44.051387415254574 ], [ 6.59372550692272, 44.028910440315848 ], [ 6.562571760483486, 44.029929675466164 ], [ 6.563978867573367, 44.05240706554288 ] ] ] } },
{ "type": "Feature", "properties": { "id": 309, "left": 987993.4, "top": 6337100.1, "right": 990493.4, "bottom": 6334600.1, "grid_row": 11, "grid_col": 11, "id_2": 309, "name_fr": "Thorame-Haute12", "name_nl": "Thorame-Haute12", "population": 2.0, "centroid_lat": 44.062112407000001, "centroid_lon": 6.611440698 }, "geometry": { "type": "Polygon", "coordinates": [ [ [ 6.596565383774881, 44.073864653503549 ], [ 6.62774255948503, 44.072835713457721 ], [ 6.626309781399696, 44.05035889412968 ], [ 6.595144884917579, 44.051387415254574 ], [ 6.596565383774881, 44.073864653503549 ] ] ] } },
{ "type": "Feature", "properties": { "id": 310, "left": 987993.4, "top": 6334600.1, "right": 990493.4, "bottom": 6332100.1, "grid_row": 12, "grid_col": 11, "id_2": 309, "name_fr": "Thorame-Haute12", "name_nl": "Thorame-Haute12", "population": 2.0, "centroid_lat": 44.062112407000001, "centroid_lon": 6.611440698 }, "geometry": { "type": "Polygon", "coordinates": [ [ [ 6.595144884917579, 44.051387415254574 ], [ 6.626309781399696, 44.05035889412968 ], [ 6.624878133825066, 44.027882337932681 ], [ 6.59372550692272, 44.028910440315848 ], [ 6.595144884917579, 44.051387415254574 ] ] ] } },
{ "type": "Feature", "properties": { "id": 336, "left": 990493.4, "top": 6337100.1, "right": 992993.4, "bottom": 6334600.1, "grid_row": 11, "grid_col": 12, "id_2": 309, "name_fr": "Thorame-Haute12", "name_nl": "Thorame-Haute12", "population": 2.0, "centroid_lat": 44.062112407000001, "centroid_lon": 6.611440698 }, "geometry": { "type": "Polygon", "coordinates": [ [ [ 6.62774255948503, 44.072835713457721 ], [ 6.658918603346169, 44.071797899466723 ], [ 6.657473547371461, 44.049321502664462 ], [ 6.626309781399696, 44.05035889412968 ], [ 6.62774255948503, 44.072835713457721 ] ] ] } },
{ "type": "Feature", "properties": { "id": 337, "left": 990493.4, "top": 6334600.1, "right": 992993.4, "bottom": 6332100.1, "grid_row": 12, "grid_col": 12, "id_2": 309, "name_fr": "Thorame-Haute12", "name_nl": "Thorame-Haute12", "population": 2.0, "centroid_lat": 44.062112407000001, "centroid_lon": 6.611440698 }, "geometry": { "type": "Polygon", "coordinates": [ [ [ 6.626309781399696, 44.05035889412968 ], [ 6.657473547371461, 44.049321502664462 ], [ 6.656029631553607, 44.026845368812474 ], [ 6.624878133825066, 44.027882337932681 ], [ 6.626309781399696, 44.05035889412968 ] ] ] } },
{ "type": "Feature", "properties": { "id": 283, "left": 985493.4, "top": 6334600.1, "right": 987993.4, "bottom": 6332100.1, "grid_row": 12, "grid_col": 10, "id_2": 310, "name_fr": "Méailles01", "name_nl": "Méailles01", "population": 6.0, "centroid_lat": 44.03963551, "centroid_lon": 6.610014622 }, "geometry": { "type": "Polygon", "coordinates": [ [ [ 6.563978867573367, 44.05240706554288 ], [ 6.595144884917579, 44.051387415254574 ], [ 6.59372550692272, 44.028910440315848 ], [ 6.562571760483486, 44.029929675466164 ], [ 6.563978867573367, 44.05240706554288 ] ] ] } },
{ "type": "Feature", "properties": { "id": 284, "left": 985493.4, "top": 6332100.1, "right": 987993.4, "bottom": 6329600.1, "grid_row": 13, "grid_col": 10, "id_2": 310, "name_fr": "Méailles01", "name_nl": "Méailles01", "population": 6.0, "centroid_lat": 44.03963551, "centroid_lon": 6.610014622 }, "geometry": { "type": "Polygon", "coordinates": [ [ [ 6.562571760483486, 44.029929675466164 ], [ 6.59372550692272, 44.028910440315848 ], [ 6.5923072484651, 44.006433732010258 ], [ 6.561165763291839, 44.007452552200085 ], [ 6.562571760483486, 44.029929675466164 ] ] ] } },
{ "type": "Feature", "properties": { "id": 310, "left": 987993.4, "top": 6334600.1, "right": 990493.4, "bottom": 6332100.1, "grid_row": 12, "grid_col": 11, "id_2": 310, "name_fr": "Méailles01", "name_nl": "Méailles01", "population": 6.0, "centroid_lat": 44.03963551, "centroid_lon": 6.610014622 }, "geometry": { "type": "Polygon", "coordinates": [ [ [ 6.595144884917579, 44.051387415254574 ], [ 6.626309781399696, 44.05035889412968 ], [ 6.624878133825066, 44.027882337932681 ], [ 6.59372550692272, 44.028910440315848 ], [ 6.595144884917579, 44.051387415254574 ] ] ] } },
{ "type": "Feature", "properties": { "id": 311, "left": 987993.4, "top": 6332100.1, "right": 990493.4, "bottom": 6329600.1, "grid_row": 13, "grid_col": 11, "id_2": 310, "name_fr": "Méailles01", "name_nl": "Méailles01", "population": 6.0, "centroid_lat": 44.03963551, "centroid_lon": 6.610014622 }, "geometry": { "type": "Polygon", "coordinates": [ [ [ 6.59372550692272, 44.028910440315848 ], [ 6.624878133825066, 44.027882337932681 ], [ 6.62344761542459, 44.005406048189734 ], [ 6.5923072484651, 44.006433732010258 ], [ 6.59372550692272, 44.028910440315848 ] ] ] } },
{ "type": "Feature", "properties": { "id": 337, "left": 990493.4, "top": 6334600.1, "right": 992993.4, "bottom": 6332100.1, "grid_row": 12, "grid_col": 12, "id_2": 310, "name_fr": "Méailles01", "name_nl": "Méailles01", "population": 6.0, "centroid_lat": 44.03963551, "centroid_lon": 6.610014622 }, "geometry": { "type": "Polygon", "coordinates": [ [ [ 6.626309781399696, 44.05035889412968 ], [ 6.657473547371461, 44.049321502664462 ], [ 6.656029631553607, 44.026845368812474 ], [ 6.624878133825066, 44.027882337932681 ], [ 6.626309781399696, 44.05035889412968 ] ] ] } },
{ "type": "Feature", "properties": { "id": 284, "left": 985493.4, "top": 6332100.1, "right": 987993.4, "bottom": 6329600.1, "grid_row": 13, "grid_col": 10, "id_2": 311, "name_fr": "Méailles02", "name_nl": "Méailles02", "population": 0.0, "centroid_lat": 44.017158877, "centroid_lon": 6.608589671 }, "geometry": { "type": "Polygon", "coordinates": [ [ [ 6.562571760483486, 44.029929675466164 ], [ 6.59372550692272, 44.028910440315848 ], [ 6.5923072484651, 44.006433732010258 ], [ 6.561165763291839, 44.007452552200085 ], [ 6.562571760483486, 44.029929675466164 ] ] ] } },
{ "type": "Feature", "properties": { "id": 311, "left": 987993.4, "top": 6332100.1, "right": 990493.4, "bottom": 6329600.1, "grid_row": 13, "grid_col": 11, "id_2": 311, "name_fr": "Méailles02", "name_nl": "Méailles02", "population": 0.0, "centroid_lat": 44.017158877, "centroid_lon": 6.608589671 }, "geometry": { "type": "Polygon", "coordinates": [ [ [ 6.59372550692272, 44.028910440315848 ], [ 6.624878133825066, 44.027882337932681 ], [ 6.62344761542459, 44.005406048189734 ], [ 6.5923072484651, 44.006433732010258 ], [ 6.59372550692272, 44.028910440315848 ] ] ] } },
{ "type": "Feature", "properties": { "id": 284, "left": 985493.4, "top": 6332100.1, "right": 987993.4, "bottom": 6329600.1, "grid_row": 13, "grid_col": 10, "id_2": 312, "name_fr": "Allons05", "name_nl": "Allons05", "population": 0.0, "centroid_lat": 43.994682513000001, "centroid_lon": 6.607165844 }, "geometry": { "type": "Polygon", "coordinates": [ [ [ 6.562571760483486, 44.029929675466164 ], [ 6.59372550692272, 44.028910440315848 ], [ 6.5923072484651, 44.006433732010258 ], [ 6.561165763291839, 44.007452552200085 ], [ 6.562571760483486, 44.029929675466164 ] ] ] } },
{ "type": "Feature", "properties": { "id": 285, "left": 985493.4, "top": 6329600.1, "right": 987993.4, "bottom": 6327100.1, "grid_row": 14, "grid_col": 10, "id_2": 312, "name_fr": "Allons05", "name_nl": "Allons05", "population": 0.0, "centroid_lat": 43.994682513000001, "centroid_lon": 6.607165844 }, "geometry": { "type": "Polygon", "coordinates": [ [ [ 6.561165763291839, 44.007452552200085 ], [ 6.5923072484651, 44.006433732010258 ], [ 6.590890108221598, 43.983957293659245 ], [ 6.559760874686637, 43.984975699066005 ], [ 6.561165763291839, 44.007452552200085 ] ] ] } },
{ "type": "Feature", "properties": { "id": 286, "left": 985493.4, "top": 6327100.1, "right": 987993.4, "bottom": 6324600.1, "grid_row": 15, "grid_col": 10, "id_2": 312, "name_fr": "Allons05", "name_nl": "Allons05", "population": 0.0, "centroid_lat": 43.994682513000001, "centroid_lon": 6.607165844 }, "geometry": { "type": "Polygon", "coordinates": [ [ [ 6.559760874686637, 43.984975699066005 ], [ 6.590890108221598, 43.983957293659245 ], [ 6.589474084871175, 43.961481128582882 ], [ 6.558357093358151, 43.962499119383814 ], [ 6.559760874686637, 43.984975699066005 ] ] ] } },
{ "type": "Feature", "properties": { "id": 311, "left": 987993.4, "top": 6332100.1, "right": 990493.4, "bottom": 6329600.1, "grid_row": 13, "grid_col": 11, "id_2": 312, "name_fr": "Allons05", "name_nl": "Allons05", "population": 0.0, "centroid_lat": 43.994682513000001, "centroid_lon": 6.607165844 }, "geometry": { "type": "Polygon", "coordinates": [ [ [ 6.59372550692272, 44.028910440315848 ], [ 6.624878133825066, 44.027882337932681 ], [ 6.62344761542459, 44.005406048189734 ], [ 6.5923072484651, 44.006433732010258 ], [ 6.59372550692272, 44.028910440315848 ] ] ] } },
{ "type": "Feature", "properties": { "id": 312, "left": 987993.4, "top": 6329600.1, "right": 990493.4, "bottom": 6327100.1, "grid_row": 14, "grid_col": 11, "id_2": 312, "name_fr": "Allons05", "name_nl": "Allons05", "population": 0.0, "centroid_lat": 43.994682513000001, "centroid_lon": 6.607165844 }, "geometry": { "type": "Polygon", "coordinates": [ [ [ 6.5923072484651, 44.006433732010258 ], [ 6.62344761542459, 44.005406048189734 ], [ 6.622018224863824, 43.982930028222462 ], [ 6.590890108221598, 43.983957293659245 ], [ 6.5923072484651, 44.006433732010258 ] ] ] } },
{ "type": "Feature", "properties": { "id": 313, "left": 987993.4, "top": 6327100.1, "right": 990493.4, "bottom": 6324600.1, "grid_row": 15, "grid_col": 11, "id_2": 312, "name_fr": "Allons05", "name_nl": "Allons05", "population": 0.0, "centroid_lat": 43.994682513000001, "centroid_lon": 6.607165844 }, "geometry": { "type": "Polygon", "coordinates": [ [ [ 6.590890108221598, 43.983957293659245 ], [ 6.622018224863824, 43.982930028222462 ], [ 6.620589960810423, 43.960454281351069 ], [ 6.589474084871175, 43.961481128582882 ], [ 6.590890108221598, 43.983957293659245 ] ] ] } },
{ "type": "Feature", "properties": { "id": 339, "left": 990493.4, "top": 6329600.1, "right": 992993.4, "bottom": 6327100.1, "grid_row": 14, "grid_col": 12, "id_2": 312, "name_fr": "Allons05", "name_nl": "Allons05", "population": 0.0, "centroid_lat": 43.994682513000001, "centroid_lon": 6.607165844 }, "geometry": { "type": "Polygon", "coordinates": [ [ [ 6.62344761542459, 44.005406048189734 ], [ 6.65458685454472, 44.004369501233974 ], [ 6.653145214999035, 43.981893903250707 ], [ 6.622018224863824, 43.982930028222462 ], [ 6.62344761542459, 44.005406048189734 ] ] ] } },
{ "type": "Feature", "properties": { "id": 340, "left": 990493.4, "top": 6327100.1, "right": 992993.4, "bottom": 6324600.1, "grid_row": 15, "grid_col": 12, "id_2": 312, "name_fr": "Allons05", "name_nl": "Allons05", "population": 0.0, "centroid_lat": 43.994682513000001, "centroid_lon": 6.607165844 }, "geometry": { "type": "Polygon", "coordinates": [ [ [ 6.622018224863824, 43.982930028222462 ], [ 6.653145214999035, 43.981893903250707 ], [ 6.651704711572902, 43.959418578183005 ], [ 6.620589960810423, 43.960454281351069 ], [ 6.622018224863824, 43.982930028222462 ] ] ] } },
{ "type": "Feature", "properties": { "id": 286, "left": 985493.4, "top": 6327100.1, "right": 987993.4, "bottom": 6324600.1, "grid_row": 15, "grid_col": 10, "id_2": 313, "name_fr": "Allons06", "name_nl": "Allons06", "population": 88.0, "centroid_lat": 43.97220642, "centroid_lon": 6.60574314 }, "geometry": { "type": "Polygon", "coordinates": [ [ [ 6.559760874686637, 43.984975699066005 ], [ 6.590890108221598, 43.983957293659245 ], [ 6.589474084871175, 43.961481128582882 ], [ 6.558357093358151, 43.962499119383814 ], [ 6.559760874686637, 43.984975699066005 ] ] ] } },
{ "type": "Feature", "properties": { "id": 313, "left": 987993.4, "top": 6327100.1, "right": 990493.4, "bottom": 6324600.1, "grid_row": 15, "grid_col": 11, "id_2": 313, "name_fr": "Allons06", "name_nl": "Allons06", "population": 88.0, "centroid_lat": 43.97220642, "centroid_lon": 6.60574314 }, "geometry": { "type": "Polygon", "coordinates": [ [ [ 6.590890108221598, 43.983957293659245 ], [ 6.622018224863824, 43.982930028222462 ], [ 6.620589960810423, 43.960454281351069 ], [ 6.589474084871175, 43.961481128582882 ], [ 6.590890108221598, 43.983957293659245 ] ] ] } },
{ "type": "Feature", "properties": { "id": 314, "left": 987993.4, "top": 6324600.1, "right": 990493.4, "bottom": 6322100.1, "grid_row": 16, "grid_col": 11, "id_2": 313, "name_fr": "Allons06", "name_nl": "Allons06", "population": 88.0, "centroid_lat": 43.97220642, "centroid_lon": 6.60574314 }, "geometry": { "type": "Polygon", "coordinates": [ [ [ 6.589474084871175, 43.961481128582882 ], [ 6.620589960810423, 43.960454281351069 ], [ 6.61916282193414, 43.937978810894307 ], [ 6.588059177094876, 43.939005240099767 ], [ 6.589474084871175, 43.961481128582882 ] ] ] } },
{ "type": "Feature", "properties": { "id": 340, "left": 990493.4, "top": 6327100.1, "right": 992993.4, "bottom": 6324600.1, "grid_row": 15, "grid_col": 12, "id_2": 313, "name_fr": "Allons06", "name_nl": "Allons06", "population": 88.0, "centroid_lat": 43.97220642, "centroid_lon": 6.60574314 }, "geometry": { "type": "Polygon", "coordinates": [ [ [ 6.622018224863824, 43.982930028222462 ], [ 6.653145214999035, 43.981893903250707 ], [ 6.651704711572902, 43.959418578183005 ], [ 6.620589960810423, 43.960454281351069 ], [ 6.622018224863824, 43.982930028222462 ] ] ] } },
{ "type": "Feature", "properties": { "id": 341, "left": 990493.4, "top": 6324600.1, "right": 992993.4, "bottom": 6322100.1, "grid_row": 16, "grid_col": 12, "id_2": 313, "name_fr": "Allons06", "name_nl": "Allons06", "population": 88.0, "centroid_lat": 43.97220642, "centroid_lon": 6.60574314 }, "geometry": { "type": "Polygon", "coordinates": [ [ [ 6.620589960810423, 43.960454281351069 ], [ 6.651704711572902, 43.959418578183005 ], [ 6.650265342924789, 43.936943529349783 ], [ 6.61916282193414, 43.937978810894307 ], [ 6.620589960810423, 43.960454281351069 ] ] ] } },
{ "type": "Feature", "properties": { "id": 286, "left": 985493.4, "top": 6327100.1, "right": 987993.4, "bottom": 6324600.1, "grid_row": 15, "grid_col": 10, "id_2": 314, "name_fr": "Allons07", "name_nl": "Allons07", "population": 0.0, "centroid_lat": 43.949730602000002, "centroid_lon": 6.604321556 }, "geometry": { "type": "Polygon", "coordinates": [ [ [ 6.559760874686637, 43.984975699066005 ], [ 6.590890108221598, 43.983957293659245 ], [ 6.589474084871175, 43.961481128582882 ], [ 6.558357093358151, 43.962499119383814 ], [ 6.559760874686637, 43.984975699066005 ] ] ] } },
{ "type": "Feature", "properties": { "id": 287, "left": 985493.4, "top": 6324600.1, "right": 987993.4, "bottom": 6322100.1, "grid_row": 16, "grid_col": 10, "id_2": 314, "name_fr": "Allons07", "name_nl": "Allons07", "population": 0.0, "centroid_lat": 43.949730602000002, "centroid_lon": 6.604321556 }, "geometry": { "type": "Polygon", "coordinates": [ [ [ 6.558357093358151, 43.962499119383814 ], [ 6.589474084871175, 43.961481128582882 ], [ 6.588059177094876, 43.939005240099767 ], [ 6.556954417998718, 43.940022816471966 ], [ 6.558357093358151, 43.962499119383814 ] ] ] } },
{ "type": "Feature", "properties": { "id": 288, "left": 985493.4, "top": 6322100.1, "right": 987993.4, "bottom": 6319600.1, "grid_row": 17, "grid_col": 10, "id_2": 314, "name_fr": "Allons07", "name_nl": "Allons07", "population": 0.0, "centroid_lat": 43.949730602000002, "centroid_lon": 6.604321556 }, "geometry": { "type": "Polygon", "coordinates": [ [ [ 6.556954417998718, 43.940022816471966 ], [ 6.588059177094876, 43.939005240099767 ], [ 6.586645383575815, 43.916529631527119 ], [ 6.555552847302732, 43.917546793647546 ], [ 6.556954417998718, 43.940022816471966 ] ] ] } },
{ "type": "Feature", "properties": { "id": 313, "left": 987993.4, "top": 6327100.1, "right": 990493.4, "bottom": 6324600.1, "grid_row": 15, "grid_col": 11, "id_2": 314, "name_fr": "Allons07", "name_nl": "Allons07", "population": 0.0, "centroid_lat": 43.949730602000002, "centroid_lon": 6.604321556 }, "geometry": { "type": "Polygon", "coordinates": [ [ [ 6.590890108221598, 43.983957293659245 ], [ 6.622018224863824, 43.982930028222462 ], [ 6.620589960810423, 43.960454281351069 ], [ 6.589474084871175, 43.961481128582882 ], [ 6.590890108221598, 43.983957293659245 ] ] ] } },
{ "type": "Feature", "properties": { "id": 314, "left": 987993.4, "top": 6324600.1, "right": 990493.4, "bottom": 6322100.1, "grid_row": 16, "grid_col": 11, "id_2": 314, "name_fr": "Allons07", "name_nl": "Allons07", "population": 0.0, "centroid_lat": 43.949730602000002, "centroid_lon": 6.604321556 }, "geometry": { "type": "Polygon", "coordinates": [ [ [ 6.589474084871175, 43.961481128582882 ], [ 6.620589960810423, 43.960454281351069 ], [ 6.61916282193414, 43.937978810894307 ], [ 6.588059177094876, 43.939005240099767 ], [ 6.589474084871175, 43.961481128582882 ] ] ] } },
{ "type": "Feature", "properties": { "id": 315, "left": 987993.4, "top": 6322100.1, "right": 990493.4, "bottom": 6319600.1, "grid_row": 17, "grid_col": 11, "id_2": 314, "name_fr": "Allons07", "name_nl": "Allons07", "population": 0.0, "centroid_lat": 43.949730602000002, "centroid_lon": 6.604321556 }, "geometry": { "type": "Polygon", "coordinates": [ [ [ 6.588059177094876, 43.939005240099767 ], [ 6.61916282193414, 43.937978810894307 ], [ 6.617736806906817, 43.915503620169524 ], [ 6.586645383575815, 43.916529631527119 ], [ 6.588059177094876, 43.939005240099767 ] ] ] } },
{ "type": "Feature", "properties": { "id": 341, "left": 990493.4, "top": 6324600.1, "right": 992993.4, "bottom": 6322100.1, "grid_row": 16, "grid_col": 12, "id_2": 314, "name_fr": "Allons07", "name_nl": "Allons07", "population": 0.0, "centroid_lat": 43.949730602000002, "centroid_lon": 6.604321556 }, "geometry": { "type": "Polygon", "coordinates": [ [ [ 6.620589960810423, 43.960454281351069 ], [ 6.651704711572902, 43.959418578183005 ], [ 6.650265342924789, 43.936943529349783 ], [ 6.61916282193414, 43.937978810894307 ], [ 6.620589960810423, 43.960454281351069 ] ] ] } },
{ "type": "Feature", "properties": { "id": 288, "left": 985493.4, "top": 6322100.1, "right": 987993.4, "bottom": 6319600.1, "grid_row": 17, "grid_col": 10, "id_2": 315, "name_fr": "Vergons03", "name_nl": "Vergons03", "population": 0.0, "centroid_lat": 43.927255062, "centroid_lon": 6.602901092 }, "geometry": { "type": "Polygon", "coordinates": [ [ [ 6.556954417998718, 43.940022816471966 ], [ 6.588059177094876, 43.939005240099767 ], [ 6.586645383575815, 43.916529631527119 ], [ 6.555552847302732, 43.917546793647546 ], [ 6.556954417998718, 43.940022816471966 ] ] ] } },
{ "type": "Feature", "properties": { "id": 289, "left": 985493.4, "top": 6319600.1, "right": 987993.4, "bottom": 6317100.1, "grid_row": 18, "grid_col": 10, "id_2": 315, "name_fr": "Vergons03", "name_nl": "Vergons03", "population": 0.0, "centroid_lat": 43.927255062, "centroid_lon": 6.602901092 }, "geometry": { "type": "Polygon", "coordinates": [ [ [ 6.555552847302732, 43.917546793647546 ], [ 6.586645383575815, 43.916529631527119 ], [ 6.585232702999178, 43.89405430618072 ], [ 6.554152379966637, 43.895071054226165 ], [ 6.555552847302732, 43.917546793647546 ] ] ] } },
{ "type": "Feature", "properties": { "id": 315, "left": 987993.4, "top": 6322100.1, "right": 990493.4, "bottom": 6319600.1, "grid_row": 17, "grid_col": 11, "id_2": 315, "name_fr": "Vergons03", "name_nl": "Vergons03", "population": 0.0, "centroid_lat": 43.927255062, "centroid_lon": 6.602901092 }, "geometry": { "type": "Polygon", "coordinates": [ [ [ 6.588059177094876, 43.939005240099767 ], [ 6.61916282193414, 43.937978810894307 ], [ 6.617736806906817, 43.915503620169524 ], [ 6.586645383575815, 43.916529631527119 ], [ 6.588059177094876, 43.939005240099767 ] ] ] } },
{ "type": "Feature", "properties": { "id": 316, "left": 987993.4, "top": 6319600.1, "right": 990493.4, "bottom": 6317100.1, "grid_row": 18, "grid_col": 11, "id_2": 315, "name_fr": "Vergons03", "name_nl": "Vergons03", "population": 0.0, "centroid_lat": 43.927255062, "centroid_lon": 6.602901092 }, "geometry": { "type": "Polygon", "coordinates": [ [ [ 6.586645383575815, 43.916529631527119 ], [ 6.617736806906817, 43.915503620169524 ], [ 6.616311914402386, 43.893028712492672 ], [ 6.585232702999178, 43.89405430618072 ], [ 6.586645383575815, 43.916529631527119 ] ] ] } },
{ "type": "Feature", "properties": { "id": 289, "left": 985493.4, "top": 6319600.1, "right": 987993.4, "bottom": 6317100.1, "grid_row": 18, "grid_col": 10, "id_2": 316, "name_fr": "Vergons04", "name_nl": "Vergons04", "population": 42.0, "centroid_lat": 43.904779802999997, "centroid_lon": 6.601481747 }, "geometry": { "type": "Polygon", "coordinates": [ [ [ 6.555552847302732, 43.917546793647546 ], [ 6.586645383575815, 43.916529631527119 ], [ 6.585232702999178, 43.89405430618072 ], [ 6.554152379966637, 43.895071054226165 ], [ 6.555552847302732, 43.917546793647546 ] ] ] } },
{ "type": "Feature", "properties": { "id": 316, "left": 987993.4, "top": 6319600.1, "right": 990493.4, "bottom": 6317100.1, "grid_row": 18, "grid_col": 11, "id_2": 316, "name_fr": "Vergons04", "name_nl": "Vergons04", "population": 42.0, "centroid_lat": 43.904779802999997, "centroid_lon": 6.601481747 }, "geometry": { "type": "Polygon", "coordinates": [ [ [ 6.586645383575815, 43.916529631527119 ], [ 6.617736806906817, 43.915503620169524 ], [ 6.616311914402386, 43.893028712492672 ], [ 6.585232702999178, 43.89405430618072 ], [ 6.586645383575815, 43.916529631527119 ] ] ] } },
{ "type": "Feature", "properties": { "id": 317, "left": 987993.4, "top": 6317100.1, "right": 990493.4, "bottom": 6314600.1, "grid_row": 19, "grid_col": 11, "id_2": 316, "name_fr": "Vergons04", "name_nl": "Vergons04", "population": 42.0, "centroid_lat": 43.904779802999997, "centroid_lon": 6.601481747 }, "geometry": { "type": "Polygon", "coordinates": [ [ [ 6.585232702999178, 43.89405430618072 ], [ 6.616311914402386, 43.893028712492672 ], [ 6.614888143096866, 43.870554091178207 ], [ 6.58382113405222, 43.871579267374912 ], [ 6.585232702999178, 43.89405430618072 ] ] ] } },
{ "type": "Feature", "properties": { "id": 290, "left": 985493.4, "top": 6317100.1, "right": 987993.4, "bottom": 6314600.1, "grid_row": 19, "grid_col": 10, "id_2": 317, "name_fr": "Vergons05", "name_nl": "Vergons05", "population": 0.0, "centroid_lat": 43.88230483, "centroid_lon": 6.600063518 }, "geometry": { "type": "Polygon", "coordinates": [ [ [ 6.554152379966637, 43.895071054226165 ], [ 6.585232702999178, 43.89405430618072 ], [ 6.58382113405222, 43.871579267374912 ], [ 6.552753014688925, 43.872595601522058 ], [ 6.554152379966637, 43.895071054226165 ] ] ] } },
{ "type": "Feature", "properties": { "id": 291, "left": 985493.4, "top": 6314600.1, "right": 987993.4, "bottom": 6312100.1, "grid_row": 20, "grid_col": 10, "id_2": 317, "name_fr": "Vergons05", "name_nl": "Vergons05", "population": 0.0, "centroid_lat": 43.88230483, "centroid_lon": 6.600063518 }, "geometry": { "type": "Polygon", "coordinates": [ [ [ 6.552753014688925, 43.872595601522058 ], [ 6.58382113405222, 43.871579267374912 ], [ 6.582410675424256, 43.849104518422664 ], [ 6.551354750170137, 43.850120438848023 ], [ 6.552753014688925, 43.872595601522058 ] ] ] } },
{ "type": "Feature", "properties": { "id": 317, "left": 987993.4, "top": 6317100.1, "right": 990493.4, "bottom": 6314600.1, "grid_row": 19, "grid_col": 11, "id_2": 317, "name_fr": "Vergons05", "name_nl": "Vergons05", "population": 0.0, "centroid_lat": 43.88230483, "centroid_lon": 6.600063518 }, "geometry": { "type": "Polygon", "coordinates": [ [ [ 6.585232702999178, 43.89405430618072 ], [ 6.616311914402386, 43.893028712492672 ], [ 6.614888143096866, 43.870554091178207 ], [ 6.58382113405222, 43.871579267374912 ], [ 6.585232702999178, 43.89405430618072 ] ] ] } },
{ "type": "Feature", "properties": { "id": 318, "left": 987993.4, "top": 6314600.1, "right": 990493.4, "bottom": 6312100.1, "grid_row": 20, "grid_col": 11, "id_2": 317, "name_fr": "Vergons05", "name_nl": "Vergons05", "population": 0.0, "centroid_lat": 43.88230483, "centroid_lon": 6.600063518 }, "geometry": { "type": "Polygon", "coordinates": [ [ [ 6.58382113405222, 43.871579267374912 ], [ 6.614888143096866, 43.870554091178207 ], [ 6.613465491668349, 43.848079759539267 ], [ 6.582410675424256, 43.849104518422664 ], [ 6.58382113405222, 43.871579267374912 ] ] ] } },
{ "type": "Feature", "properties": { "id": 291, "left": 985493.4, "top": 6314600.1, "right": 987993.4, "bottom": 6312100.1, "grid_row": 20, "grid_col": 10, "id_2": 318, "name_fr": "Demandolx03", "name_nl": "Demandolx03", "population": 0.0, "centroid_lat": 43.859830144, "centroid_lon": 6.598646406 }, "geometry": { "type": "Polygon", "coordinates": [ [ [ 6.552753014688925, 43.872595601522058 ], [ 6.58382113405222, 43.871579267374912 ], [ 6.582410675424256, 43.849104518422664 ], [ 6.551354750170137, 43.850120438848023 ], [ 6.552753014688925, 43.872595601522058 ] ] ] } },
{ "type": "Feature", "properties": { "id": 292, "left": 985493.4, "top": 6312100.1, "right": 987993.4, "bottom": 6309600.1, "grid_row": 21, "grid_col": 10, "id_2": 318, "name_fr": "Demandolx03", "name_nl": "Demandolx03", "population": 0.0, "centroid_lat": 43.859830144, "centroid_lon": 6.598646406 }, "geometry": { "type": "Polygon", "coordinates": [ [ [ 6.551354750170137, 43.850120438848023 ], [ 6.582410675424256, 43.849104518422664 ], [ 6.581001325806657, 43.826630062635459 ], [ 6.549957585112853, 43.827645569515418 ], [ 6.551354750170137, 43.850120438848023 ] ] ] } },
{ "type": "Feature", "properties": { "id": 318, "left": 987993.4, "top": 6314600.1, "right": 990493.4, "bottom": 6312100.1, "grid_row": 20, "grid_col": 11, "id_2": 318, "name_fr": "Demandolx03", "name_nl": "Demandolx03", "population": 0.0, "centroid_lat": 43.859830144, "centroid_lon": 6.598646406 }, "geometry": { "type": "Polygon", "coordinates": [ [ [ 6.58382113405222, 43.871579267374912 ], [ 6.614888143096866, 43.870554091178207 ], [ 6.613465491668349, 43.848079759539267 ], [ 6.582410675424256, 43.849104518422664 ], [ 6.58382113405222, 43.871579267374912 ] ] ] } },
{ "type": "Feature", "properties": { "id": 319, "left": 987993.4, "top": 6312100.1, "right": 990493.4, "bottom": 6309600.1, "grid_row": 21, "grid_col": 11, "id_2": 318, "name_fr": "Demandolx03", "name_nl": "Demandolx03", "population": 0.0, "centroid_lat": 43.859830144, "centroid_lon": 6.598646406 }, "geometry": { "type": "Polygon", "coordinates": [ [ [ 6.582410675424256, 43.849104518422664 ], [ 6.613465491668349, 43.848079759539267 ], [ 6.612043958797009, 43.825605720887488 ], [ 6.581001325806657, 43.826630062635459 ], [ 6.582410675424256, 43.849104518422664 ] ] ] } },
{ "type": "Feature", "properties": { "id": 345, "left": 990493.4, "top": 6314600.1, "right": 992993.4, "bottom": 6312100.1, "grid_row": 20, "grid_col": 12, "id_2": 318, "name_fr": "Demandolx03", "name_nl": "Demandolx03", "population": 0.0, "centroid_lat": 43.859830144, "centroid_lon": 6.598646406 }, "geometry": { "type": "Polygon", "coordinates": [ [ [ 6.614888143096866, 43.870554091178207 ], [ 6.645954032264851, 43.869520073424901 ], [ 6.644519189355611, 43.847046162690397 ], [ 6.613465491668349, 43.848079759539267 ], [ 6.614888143096866, 43.870554091178207 ] ] ] } },
{ "type": "Feature", "properties": { "id": 346, "left": 990493.4, "top": 6312100.1, "right": 992993.4, "bottom": 6309600.1, "grid_row": 21, "grid_col": 12, "id_2": 318, "name_fr": "Demandolx03", "name_nl": "Demandolx03", "population": 0.0, "centroid_lat": 43.859830144, "centroid_lon": 6.598646406 }, "geometry": { "type": "Polygon", "coordinates": [ [ [ 6.613465491668349, 43.848079759539267 ], [ 6.644519189355611, 43.847046162690397 ], [ 6.643085474548286, 43.824572544763647 ], [ 6.612043958797009, 43.825605720887488 ], [ 6.613465491668349, 43.848079759539267 ] ] ] } },
{ "type": "Feature", "properties": { "id": 292, "left": 985493.4, "top": 6312100.1, "right": 987993.4, "bottom": 6309600.1, "grid_row": 21, "grid_col": 10, "id_2": 319, "name_fr": "La Garde03", "name_nl": "La Garde03", "population": 0.0, "centroid_lat": 43.83735575, "centroid_lon": 6.597230407 }, "geometry": { "type": "Polygon", "coordinates": [ [ [ 6.551354750170137, 43.850120438848023 ], [ 6.582410675424256, 43.849104518422664 ], [ 6.581001325806657, 43.826630062635459 ], [ 6.549957585112853, 43.827645569515418 ], [ 6.551354750170137, 43.850120438848023 ] ] ] } },
{ "type": "Feature", "properties": { "id": 293, "left": 985493.4, "top": 6309600.1, "right": 987993.4, "bottom": 6307100.1, "grid_row": 22, "grid_col": 10, "id_2": 319, "name_fr": "La Garde03", "name_nl": "La Garde03", "population": 0.0, "centroid_lat": 43.83735575, "centroid_lon": 6.597230407 }, "geometry": { "type": "Polygon", "coordinates": [ [ [ 6.549957585112853, 43.827645569515418 ], [ 6.581001325806657, 43.826630062635459 ], [ 6.579593083892854, 43.804155903323448 ], [ 6.548561518221687, 43.8051709968342 ], [ 6.549957585112853, 43.827645569515418 ] ] ] } },
{ "type": "Feature", "properties": { "id": 319, "left": 987993.4, "top": 6312100.1, "right": 990493.4, "bottom": 6309600.1, "grid_row": 21, "grid_col": 11, "id_2": 319, "name_fr": "La Garde03", "name_nl": "La Garde03", "population": 0.0, "centroid_lat": 43.83735575, "centroid_lon": 6.597230407 }, "geometry": { "type": "Polygon", "coordinates": [ [ [ 6.582410675424256, 43.849104518422664 ], [ 6.613465491668349, 43.848079759539267 ], [ 6.612043958797009, 43.825605720887488 ], [ 6.581001325806657, 43.826630062635459 ], [ 6.582410675424256, 43.849104518422664 ] ] ] } },
{ "type": "Feature", "properties": { "id": 320, "left": 987993.4, "top": 6309600.1, "right": 990493.4, "bottom": 6307100.1, "grid_row": 22, "grid_col": 11, "id_2": 319, "name_fr": "La Garde03", "name_nl": "La Garde03", "population": 0.0, "centroid_lat": 43.83735575, "centroid_lon": 6.597230407 }, "geometry": { "type": "Polygon", "coordinates": [ [ [ 6.581001325806657, 43.826630062635459 ], [ 6.612043958797009, 43.825605720887488 ], [ 6.61062354316509, 43.803131978533123 ], [ 6.579593083892854, 43.804155903323448 ], [ 6.581001325806657, 43.826630062635459 ] ] ] } },
{ "type": "Feature", "properties": { "id": 346, "left": 990493.4, "top": 6312100.1, "right": 992993.4, "bottom": 6309600.1, "grid_row": 21, "grid_col": 12, "id_2": 319, "name_fr": "La Garde03", "name_nl": "La Garde03", "population": 0.0, "centroid_lat": 43.83735575, "centroid_lon": 6.597230407 }, "geometry": { "type": "Polygon", "coordinates": [ [ [ 6.613465491668349, 43.848079759539267 ], [ 6.644519189355611, 43.847046162690397 ], [ 6.643085474548286, 43.824572544763647 ], [ 6.612043958797009, 43.825605720887488 ], [ 6.613465491668349, 43.848079759539267 ] ] ] } },
{ "type": "Feature", "properties": { "id": 347, "left": 990493.4, "top": 6309600.1, "right": 992993.4, "bottom": 6307100.1, "grid_row": 22, "grid_col": 12, "id_2": 319, "name_fr": "La Garde03", "name_nl": "La Garde03", "population": 0.0, "centroid_lat": 43.83735575, "centroid_lon": 6.597230407 }, "geometry": { "type": "Polygon", "coordinates": [ [ [ 6.612043958797009, 43.825605720887488 ], [ 6.643085474548286, 43.824572544763647 ], [ 6.641652886513937, 43.802099222955015 ], [ 6.61062354316509, 43.803131978533123 ], [ 6.612043958797009, 43.825605720887488 ] ] ] } },
{ "type": "Feature", "properties": { "id": 293, "left": 985493.4, "top": 6309600.1, "right": 987993.4, "bottom": 6307100.1, "grid_row": 22, "grid_col": 10, "id_2": 320, "name_fr": "Peyroules01", "name_nl": "Peyroules01", "population": 47.0, "centroid_lat": 43.814881651, "centroid_lon": 6.595815522 }, "geometry": { "type": "Polygon", "coordinates": [ [ [ 6.549957585112853, 43.827645569515418 ], [ 6.581001325806657, 43.826630062635459 ], [ 6.579593083892854, 43.804155903323448 ], [ 6.548561518221687, 43.8051709968342 ], [ 6.549957585112853, 43.827645569515418 ] ] ] } },
{ "type": "Feature", "properties": { "id": 294, "left": 985493.4, "top": 6307100.1, "right": 987993.4, "bottom": 6304600.1, "grid_row": 23, "grid_col": 10, "id_2": 320, "name_fr": "Peyroules01", "name_nl": "Peyroules01", "population": 47.0, "centroid_lat": 43.814881651, "centroid_lon": 6.595815522 }, "geometry": { "type": "Polygon", "coordinates": [ [ [ 6.548561518221687, 43.8051709968342 ], [ 6.579593083892854, 43.804155903323448 ], [ 6.578185948378325, 43.7816820437952 ], [ 6.547166548203292, 43.782696724112874 ], [ 6.548561518221687, 43.8051709968342 ] ] ] } },
{ "type": "Feature", "properties": { "id": 320, "left": 987993.4, "top": 6309600.1, "right": 990493.4, "bottom": 6307100.1, "grid_row": 22, "grid_col": 11, "id_2": 320, "name_fr": "Peyroules01", "name_nl": "Peyroules01", "population": 47.0, "centroid_lat": 43.814881651, "centroid_lon": 6.595815522 }, "geometry": { "type": "Polygon", "coordinates": [ [ [ 6.581001325806657, 43.826630062635459 ], [ 6.612043958797009, 43.825605720887488 ], [ 6.61062354316509, 43.803131978533123 ], [ 6.579593083892854, 43.804155903323448 ], [ 6.581001325806657, 43.826630062635459 ] ] ] } },
{ "type": "Feature", "properties": { "id": 321, "left": 987993.4, "top": 6307100.1, "right": 990493.4, "bottom": 6304600.1, "grid_row": 23, "grid_col": 11, "id_2": 320, "name_fr": "Peyroules01", "name_nl": "Peyroules01", "population": 47.0, "centroid_lat": 43.814881651, "centroid_lon": 6.595815522 }, "geometry": { "type": "Polygon", "coordinates": [ [ [ 6.579593083892854, 43.804155903323448 ], [ 6.61062354316509, 43.803131978533123 ], [ 6.6092042434569, 43.780658535784958 ], [ 6.578185948378325, 43.7816820437952 ], [ 6.579593083892854, 43.804155903323448 ] ] ] } },
{ "type": "Feature", "properties": { "id": 347, "left": 990493.4, "top": 6309600.1, "right": 992993.4, "bottom": 6307100.1, "grid_row": 22, "grid_col": 12, "id_2": 320, "name_fr": "Peyroules01", "name_nl": "Peyroules01", "population": 47.0, "centroid_lat": 43.814881651, "centroid_lon": 6.595815522 }, "geometry": { "type": "Polygon", "coordinates": [ [ [ 6.612043958797009, 43.825605720887488 ], [ 6.643085474548286, 43.824572544763647 ], [ 6.641652886513937, 43.802099222955015 ], [ 6.61062354316509, 43.803131978533123 ], [ 6.612043958797009, 43.825605720887488 ] ] ] } },
{ "type": "Feature", "properties": { "id": 348, "left": 990493.4, "top": 6307100.1, "right": 992993.4, "bottom": 6304600.1, "grid_row": 23, "grid_col": 12, "id_2": 320, "name_fr": "Peyroules01", "name_nl": "Peyroules01", "population": 47.0, "centroid_lat": 43.814881651, "centroid_lon": 6.595815522 }, "geometry": { "type": "Polygon", "coordinates": [ [ [ 6.61062354316509, 43.803131978533123 ], [ 6.641652886513937, 43.802099222955015 ], [ 6.640221423925714, 43.779626200573482 ], [ 6.6092042434569, 43.780658535784958 ], [ 6.61062354316509, 43.803131978533123 ] ] ] } },
{ "type": "Feature", "properties": { "id": 294, "left": 985493.4, "top": 6307100.1, "right": 987993.4, "bottom": 6304600.1, "grid_row": 23, "grid_col": 10, "id_2": 321, "name_fr": "La Garde04", "name_nl": "La Garde04", "population": 2.0, "centroid_lat": 43.79240785, "centroid_lon": 6.594401749 }, "geometry": { "type": "Polygon", "coordinates": [ [ [ 6.548561518221687, 43.8051709968342 ], [ 6.579593083892854, 43.804155903323448 ], [ 6.578185948378325, 43.7816820437952 ], [ 6.547166548203292, 43.782696724112874 ], [ 6.548561518221687, 43.8051709968342 ] ] ] } },
{ "type": "Feature", "properties": { "id": 321, "left": 987993.4, "top": 6307100.1, "right": 990493.4, "bottom": 6304600.1, "grid_row": 23, "grid_col": 11, "id_2": 321, "name_fr": "La Garde04", "name_nl": "La Garde04", "population": 2.0, "centroid_lat": 43.79240785, "centroid_lon": 6.594401749 }, "geometry": { "type": "Polygon", "coordinates": [ [ [ 6.579593083892854, 43.804155903323448 ], [ 6.61062354316509, 43.803131978533123 ], [ 6.6092042434569, 43.780658535784958 ], [ 6.578185948378325, 43.7816820437952 ], [ 6.579593083892854, 43.804155903323448 ] ] ] } },
{ "type": "Feature", "properties": { "id": 322, "left": 987993.4, "top": 6304600.1, "right": 990493.4, "bottom": 6302100.1, "grid_row": 24, "grid_col": 11, "id_2": 321, "name_fr": "La Garde04", "name_nl": "La Garde04", "population": 2.0, "centroid_lat": 43.79240785, "centroid_lon": 6.594401749 }, "geometry": { "type": "Polygon", "coordinates": [ [ [ 6.578185948378325, 43.7816820437952 ], [ 6.6092042434569, 43.780658535784958 ], [ 6.607786058358816, 43.758185395950385 ], [ 6.576779917960591, 43.759208487358045 ], [ 6.578185948378325, 43.7816820437952 ] ] ] } },
{ "type": "Feature", "properties": { "id": 348, "left": 990493.4, "top": 6307100.1, "right": 992993.4, "bottom": 6304600.1, "grid_row": 23, "grid_col": 12, "id_2": 321, "name_fr": "La Garde04", "name_nl": "La Garde04", "population": 2.0, "centroid_lat": 43.79240785, "centroid_lon": 6.594401749 }, "geometry": { "type": "Polygon", "coordinates": [ [ [ 6.61062354316509, 43.803131978533123 ], [ 6.641652886513937, 43.802099222955015 ], [ 6.640221423925714, 43.779626200573482 ], [ 6.6092042434569, 43.780658535784958 ], [ 6.61062354316509, 43.803131978533123 ] ] ] } },
{ "type": "Feature", "properties": { "id": 349, "left": 990493.4, "top": 6304600.1, "right": 992993.4, "bottom": 6302100.1, "grid_row": 24, "grid_col": 12, "id_2": 321, "name_fr": "La Garde04", "name_nl": "La Garde04", "population": 2.0, "centroid_lat": 43.79240785, "centroid_lon": 6.594401749 }, "geometry": { "type": "Polygon", "coordinates": [ [ [ 6.6092042434569, 43.780658535784958 ], [ 6.640221423925714, 43.779626200573482 ], [ 6.638791085458844, 43.757153480926569 ], [ 6.607786058358816, 43.758185395950385 ], [ 6.6092042434569, 43.780658535784958 ] ] ] } },
{ "type": "Feature", "properties": { "id": 299, "left": 987993.4, "top": 6362100.1, "right": 990493.4, "bottom": 6359600.1, "grid_row": 1, "grid_col": 11, "id_2": 326, "name_fr": "Allos16", "name_nl": "Allos16", "population": 0.0, "centroid_lat": 44.285857835000002, "centroid_lon": 6.657057366 }, "geometry": { "type": "Polygon", "coordinates": [ [ [ 6.61083231282808, 44.298650786012153 ], [ 6.642132813981026, 44.29761764686755 ], [ 6.640688656812459, 44.275138379306838 ], [ 6.60940053199793, 44.276171097730192 ], [ 6.61083231282808, 44.298650786012153 ] ] ] } },
{ "type": "Feature", "properties": { "id": 300, "left": 987993.4, "top": 6359600.1, "right": 990493.4, "bottom": 6357100.1, "grid_row": 2, "grid_col": 11, "id_2": 326, "name_fr": "Allos16", "name_nl": "Allos16", "population": 0.0, "centroid_lat": 44.285857835000002, "centroid_lon": 6.657057366 }, "geometry": { "type": "Polygon", "coordinates": [ [ [ 6.60940053199793, 44.276171097730192 ], [ 6.640688656812459, 44.275138379306838 ], [ 6.63924564363676, 44.252659341569128 ], [ 6.607969885397973, 44.253691639451944 ], [ 6.60940053199793, 44.276171097730192 ] ] ] } },
{ "type": "Feature", "properties": { "id": 326, "left": 990493.4, "top": 6362100.1, "right": 992993.4, "bottom": 6359600.1, "grid_row": 1, "grid_col": 12, "id_2": 326, "name_fr": "Allos16", "name_nl": "Allos16", "population": 0.0, "centroid_lat": 44.285857835000002, "centroid_lon": 6.657057366 }, "geometry": { "type": "Polygon", "coordinates": [ [ [ 6.642132813981026, 44.29761764686755 ], [ 6.673432169781489, 44.296575597644988 ], [ 6.671975637634483, 44.274096754425727 ], [ 6.640688656812459, 44.275138379306838 ], [ 6.642132813981026, 44.29761764686755 ] ] ] } },
{ "type": "Feature", "properties": { "id": 327, "left": 990493.4, "top": 6359600.1, "right": 992993.4, "bottom": 6357100.1, "grid_row": 2, "grid_col": 12, "id_2": 326, "name_fr": "Allos16", "name_nl": "Allos16", "population": 0.0, "centroid_lat": 44.285857835000002, "centroid_lon": 6.657057366 }, "geometry": { "type": "Polygon", "coordinates": [ [ [ 6.640688656812459, 44.275138379306838 ], [ 6.671975637634483, 44.274096754425727 ], [ 6.670520259240862, 44.251618140847214 ], [ 6.63924564363676, 44.252659341569128 ], [ 6.640688656812459, 44.275138379306838 ] ] ] } },
{ "type": "Feature", "properties": { "id": 300, "left": 987993.4, "top": 6359600.1, "right": 990493.4, "bottom": 6357100.1, "grid_row": 2, "grid_col": 11, "id_2": 327, "name_fr": "Allos17", "name_nl": "Allos17", "population": 7.0, "centroid_lat": 44.263378895000002, "centroid_lon": 6.655607596 }, "geometry": { "type": "Polygon", "coordinates": [ [ [ 6.60940053199793, 44.276171097730192 ], [ 6.640688656812459, 44.275138379306838 ], [ 6.63924564363676, 44.252659341569128 ], [ 6.607969885397973, 44.253691639451944 ], [ 6.60940053199793, 44.276171097730192 ] ] ] } },
{ "type": "Feature", "properties": { "id": 327, "left": 990493.4, "top": 6359600.1, "right": 992993.4, "bottom": 6357100.1, "grid_row": 2, "grid_col": 12, "id_2": 327, "name_fr": "Allos17", "name_nl": "Allos17", "population": 7.0, "centroid_lat": 44.263378895000002, "centroid_lon": 6.655607596 }, "geometry": { "type": "Polygon", "coordinates": [ [ [ 6.640688656812459, 44.275138379306838 ], [ 6.671975637634483, 44.274096754425727 ], [ 6.670520259240862, 44.251618140847214 ], [ 6.63924564363676, 44.252659341569128 ], [ 6.640688656812459, 44.275138379306838 ] ] ] } },
{ "type": "Feature", "properties": { "id": 328, "left": 990493.4, "top": 6357100.1, "right": 992993.4, "bottom": 6354600.1, "grid_row": 3, "grid_col": 12, "id_2": 327, "name_fr": "Allos17", "name_nl": "Allos17", "population": 7.0, "centroid_lat": 44.263378895000002, "centroid_lon": 6.655607596 }, "geometry": { "type": "Polygon", "coordinates": [ [ [ 6.63924564363676, 44.252659341569128 ], [ 6.670520259240862, 44.251618140847214 ], [ 6.669066033231284, 44.229139760246767 ], [ 6.637803773096099, 44.230180536991575 ], [ 6.63924564363676, 44.252659341569128 ] ] ] } },
{ "type": "Feature", "properties": { "id": 300, "left": 987993.4, "top": 6359600.1, "right": 990493.4, "bottom": 6357100.1, "grid_row": 2, "grid_col": 11, "id_2": 328, "name_fr": "Allos18", "name_nl": "Allos18", "population": 11.0, "centroid_lat": 44.240900185000001, "centroid_lon": 6.654158974 }, "geometry": { "type": "Polygon", "coordinates": [ [ [ 6.60940053199793, 44.276171097730192 ], [ 6.640688656812459, 44.275138379306838 ], [ 6.63924564363676, 44.252659341569128 ], [ 6.607969885397973, 44.253691639451944 ], [ 6.60940053199793, 44.276171097730192 ] ] ] } },
{ "type": "Feature", "properties": { "id": 301, "left": 987993.4, "top": 6357100.1, "right": 990493.4, "bottom": 6354600.1, "grid_row": 3, "grid_col": 11, "id_2": 328, "name_fr": "Allos18", "name_nl": "Allos18", "population": 11.0, "centroid_lat": 44.240900185000001, "centroid_lon": 6.654158974 }, "geometry": { "type": "Polygon", "coordinates": [ [ [ 6.607969885397973, 44.253691639451944 ], [ 6.63924564363676, 44.252659341569128 ], [ 6.637803773096099, 44.230180536991575 ], [ 6.606540371681907, 44.231212414514374 ], [ 6.607969885397973, 44.253691639451944 ] ] ] } },
{ "type": "Feature", "properties": { "id": 302, "left": 987993.4, "top": 6354600.1, "right": 990493.4, "bottom": 6352100.1, "grid_row": 4, "grid_col": 11, "id_2": 328, "name_fr": "Allos18", "name_nl": "Allos18", "population": 11.0, "centroid_lat": 44.240900185000001, "centroid_lon": 6.654158974 }, "geometry": { "type": "Polygon", "coordinates": [ [ [ 6.606540371681907, 44.231212414514374 ], [ 6.637803773096099, 44.230180536991575 ], [ 6.6363630438348, 44.207701968909895 ], [ 6.605111989505557, 44.208733426253119 ], [ 6.606540371681907, 44.231212414514374 ] ] ] } },
{ "type": "Feature", "properties": { "id": 327, "left": 990493.4, "top": 6359600.1, "right": 992993.4, "bottom": 6357100.1, "grid_row": 2, "grid_col": 12, "id_2": 328, "name_fr": "Allos18", "name_nl": "Allos18", "population": 11.0, "centroid_lat": 44.240900185000001, "centroid_lon": 6.654158974 }, "geometry": { "type": "Polygon", "coordinates": [ [ [ 6.640688656812459, 44.275138379306838 ], [ 6.671975637634483, 44.274096754425727 ], [ 6.670520259240862, 44.251618140847214 ], [ 6.63924564363676, 44.252659341569128 ], [ 6.640688656812459, 44.275138379306838 ] ] ] } },
{ "type": "Feature", "properties": { "id": 328, "left": 990493.4, "top": 6357100.1, "right": 992993.4, "bottom": 6354600.1, "grid_row": 3, "grid_col": 12, "id_2": 328, "name_fr": "Allos18", "name_nl": "Allos18", "population": 11.0, "centroid_lat": 44.240900185000001, "centroid_lon": 6.654158974 }, "geometry": { "type": "Polygon", "coordinates": [ [ [ 6.63924564363676, 44.252659341569128 ], [ 6.670520259240862, 44.251618140847214 ], [ 6.669066033231284, 44.229139760246767 ], [ 6.637803773096099, 44.230180536991575 ], [ 6.63924564363676, 44.252659341569128 ] ] ] } },
{ "type": "Feature", "properties": { "id": 329, "left": 990493.4, "top": 6354600.1, "right": 992993.4, "bottom": 6352100.1, "grid_row": 4, "grid_col": 12, "id_2": 328, "name_fr": "Allos18", "name_nl": "Allos18", "population": 11.0, "centroid_lat": 44.240900185000001, "centroid_lon": 6.654158974 }, "geometry": { "type": "Polygon", "coordinates": [ [ [ 6.637803773096099, 44.230180536991575 ], [ 6.669066033231284, 44.229139760246767 ], [ 6.667612958238572, 44.206661615960272 ], [ 6.6363630438348, 44.207701968909895 ], [ 6.637803773096099, 44.230180536991575 ] ] ] } },
{ "type": "Feature", "properties": { "id": 302, "left": 987993.4, "top": 6354600.1, "right": 990493.4, "bottom": 6352100.1, "grid_row": 4, "grid_col": 11, "id_2": 329, "name_fr": "Colmars04", "name_nl": "Colmars04", "population": 0.0, "centroid_lat": 44.218421710999998, "centroid_lon": 6.652711498 }, "geometry": { "type": "Polygon", "coordinates": [ [ [ 6.606540371681907, 44.231212414514374 ], [ 6.637803773096099, 44.230180536991575 ], [ 6.6363630438348, 44.207701968909895 ], [ 6.605111989505557, 44.208733426253119 ], [ 6.606540371681907, 44.231212414514374 ] ] ] } },
{ "type": "Feature", "properties": { "id": 329, "left": 990493.4, "top": 6354600.1, "right": 992993.4, "bottom": 6352100.1, "grid_row": 4, "grid_col": 12, "id_2": 329, "name_fr": "Colmars04", "name_nl": "Colmars04", "population": 0.0, "centroid_lat": 44.218421710999998, "centroid_lon": 6.652711498 }, "geometry": { "type": "Polygon", "coordinates": [ [ [ 6.637803773096099, 44.230180536991575 ], [ 6.669066033231284, 44.229139760246767 ], [ 6.667612958238572, 44.206661615960272 ], [ 6.6363630438348, 44.207701968909895 ], [ 6.637803773096099, 44.230180536991575 ] ] ] } },
{ "type": "Feature", "properties": { "id": 330, "left": 990493.4, "top": 6352100.1, "right": 992993.4, "bottom": 6349600.1, "grid_row": 5, "grid_col": 12, "id_2": 329, "name_fr": "Colmars04", "name_nl": "Colmars04", "population": 0.0, "centroid_lat": 44.218421710999998, "centroid_lon": 6.652711498 }, "geometry": { "type": "Polygon", "coordinates": [ [ [ 6.6363630438348, 44.207701968909895 ], [ 6.667612958238572, 44.206661615960272 ], [ 6.666161032897708, 44.184183711322191 ], [ 6.634923454499328, 44.185223640658457 ], [ 6.6363630438348, 44.207701968909895 ] ] ] } },
{ "type": "Feature", "properties": { "id": 303, "left": 987993.4, "top": 6352100.1, "right": 990493.4, "bottom": 6349600.1, "grid_row": 5, "grid_col": 11, "id_2": 330, "name_fr": "Colmars05", "name_nl": "Colmars05", "population": 30.0, "centroid_lat": 44.195943474000003, "centroid_lon": 6.651265168 }, "geometry": { "type": "Polygon", "coordinates": [ [ [ 6.605111989505557, 44.208733426253119 ], [ 6.6363630438348, 44.207701968909895 ], [ 6.634923454499328, 44.185223640658457 ], [ 6.603684737526874, 44.186254678002349 ], [ 6.605111989505557, 44.208733426253119 ] ] ] } },
{ "type": "Feature", "properties": { "id": 304, "left": 987993.4, "top": 6349600.1, "right": 990493.4, "bottom": 6347100.1, "grid_row": 6, "grid_col": 11, "id_2": 330, "name_fr": "Colmars05", "name_nl": "Colmars05", "population": 30.0, "centroid_lat": 44.195943474000003, "centroid_lon": 6.651265168 }, "geometry": { "type": "Polygon", "coordinates": [ [ [ 6.603684737526874, 44.186254678002349 ], [ 6.634923454499328, 44.185223640658457 ], [ 6.633485003738285, 44.162745555570169 ], [ 6.602258614405928, 44.163776173094824 ], [ 6.603684737526874, 44.186254678002349 ] ] ] } },
{ "type": "Feature", "properties": { "id": 330, "left": 990493.4, "top": 6352100.1, "right": 992993.4, "bottom": 6349600.1, "grid_row": 5, "grid_col": 12, "id_2": 330, "name_fr": "Colmars05", "name_nl": "Colmars05", "population": 30.0, "centroid_lat": 44.195943474000003, "centroid_lon": 6.651265168 }, "geometry": { "type": "Polygon", "coordinates": [ [ [ 6.6363630438348, 44.207701968909895 ], [ 6.667612958238572, 44.206661615960272 ], [ 6.666161032897708, 44.184183711322191 ], [ 6.634923454499328, 44.185223640658457 ], [ 6.6363630438348, 44.207701968909895 ] ] ] } },
{ "type": "Feature", "properties": { "id": 331, "left": 990493.4, "top": 6349600.1, "right": 992993.4, "bottom": 6347100.1, "grid_row": 6, "grid_col": 12, "id_2": 330, "name_fr": "Colmars05", "name_nl": "Colmars05", "population": 30.0, "centroid_lat": 44.195943474000003, "centroid_lon": 6.651265168 }, "geometry": { "type": "Polygon", "coordinates": [ [ [ 6.634923454499328, 44.185223640658457 ], [ 6.666161032897708, 44.184183711322191 ], [ 6.66471025584583, 44.161706049665646 ], [ 6.633485003738285, 44.162745555570169 ], [ 6.634923454499328, 44.185223640658457 ] ] ] } },
{ "type": "Feature", "properties": { "id": 304, "left": 987993.4, "top": 6349600.1, "right": 990493.4, "bottom": 6347100.1, "grid_row": 6, "grid_col": 11, "id_2": 331, "name_fr": "Colmars06", "name_nl": "Colmars06", "population": 0.0, "centroid_lat": 44.173465479000001, "centroid_lon": 6.649819983 }, "geometry": { "type": "Polygon", "coordinates": [ [ [ 6.603684737526874, 44.186254678002349 ], [ 6.634923454499328, 44.185223640658457 ], [ 6.633485003738285, 44.162745555570169 ], [ 6.602258614405928, 44.163776173094824 ], [ 6.603684737526874, 44.186254678002349 ] ] ] } },
{ "type": "Feature", "properties": { "id": 305, "left": 987993.4, "top": 6347100.1, "right": 990493.4, "bottom": 6344600.1, "grid_row": 7, "grid_col": 11, "id_2": 331, "name_fr": "Colmars06", "name_nl": "Colmars06", "population": 0.0, "centroid_lat": 44.173465479000001, "centroid_lon": 6.649819983 }, "geometry": { "type": "Polygon", "coordinates": [ [ [ 6.602258614405928, 44.163776173094824 ], [ 6.633485003738285, 44.162745555570169 ], [ 6.632047690202405, 44.140267716976567 ], [ 6.600833618804905, 44.141297914861958 ], [ 6.602258614405928, 44.163776173094824 ] ] ] } },
{ "type": "Feature", "properties": { "id": 331, "left": 990493.4, "top": 6349600.1, "right": 992993.4, "bottom": 6347100.1, "grid_row": 6, "grid_col": 12, "id_2": 331, "name_fr": "Colmars06", "name_nl": "Colmars06", "population": 0.0, "centroid_lat": 44.173465479000001, "centroid_lon": 6.649819983 }, "geometry": { "type": "Polygon", "coordinates": [ [ [ 6.634923454499328, 44.185223640658457 ], [ 6.666161032897708, 44.184183711322191 ], [ 6.66471025584583, 44.161706049665646 ], [ 6.633485003738285, 44.162745555570169 ], [ 6.634923454499328, 44.185223640658457 ] ] ] } },
{ "type": "Feature", "properties": { "id": 332, "left": 990493.4, "top": 6347100.1, "right": 992993.4, "bottom": 6344600.1, "grid_row": 7, "grid_col": 12, "id_2": 331, "name_fr": "Colmars06", "name_nl": "Colmars06", "population": 0.0, "centroid_lat": 44.173465479000001, "centroid_lon": 6.649819983 }, "geometry": { "type": "Polygon", "coordinates": [ [ [ 6.633485003738285, 44.162745555570169 ], [ 6.66471025584583, 44.161706049665646 ], [ 6.663260625722229, 44.139228634322279 ], [ 6.632047690202405, 44.140267716976567 ], [ 6.633485003738285, 44.162745555570169 ] ] ] } },
{ "type": "Feature", "properties": { "id": 332, "left": 990493.4, "top": 6347100.1, "right": 992993.4, "bottom": 6344600.1, "grid_row": 7, "grid_col": 12, "id_2": 332, "name_fr": "Colmars07", "name_nl": "Colmars07", "population": 0.0, "centroid_lat": 44.150987727999997, "centroid_lon": 6.64837594 }, "geometry": { "type": "Polygon", "coordinates": [ [ [ 6.633485003738285, 44.162745555570169 ], [ 6.66471025584583, 44.161706049665646 ], [ 6.663260625722229, 44.139228634322279 ], [ 6.632047690202405, 44.140267716976567 ], [ 6.633485003738285, 44.162745555570169 ] ] ] } },
{ "type": "Feature", "properties": { "id": 333, "left": 990493.4, "top": 6344600.1, "right": 992993.4, "bottom": 6342100.1, "grid_row": 8, "grid_col": 12, "id_2": 332, "name_fr": "Colmars07", "name_nl": "Colmars07", "population": 0.0, "centroid_lat": 44.150987727999997, "centroid_lon": 6.64837594 }, "geometry": { "type": "Polygon", "coordinates": [ [ [ 6.632047690202405, 44.140267716976567 ], [ 6.663260625722229, 44.139228634322279 ], [ 6.66181214116834, 44.11675146862234 ], [ 6.630611512544554, 44.117790128207723 ], [ 6.632047690202405, 44.140267716976567 ] ] ] } },
{ "type": "Feature", "properties": { "id": 359, "left": 992993.4, "top": 6347100.1, "right": 995493.4, "bottom": 6344600.1, "grid_row": 7, "grid_col": 13, "id_2": 332, "name_fr": "Colmars07", "name_nl": "Colmars07", "population": 0.0, "centroid_lat": 44.150987727999997, "centroid_lon": 6.64837594 }, "geometry": { "type": "Polygon", "coordinates": [ [ [ 6.66471025584583, 44.161706049665646 ], [ 6.695934361025458, 44.160657655883817 ], [ 6.694472415672696, 44.138180667401244 ], [ 6.663260625722229, 44.139228634322279 ], [ 6.66471025584583, 44.161706049665646 ] ] ] } },
{ "type": "Feature", "properties": { "id": 360, "left": 992993.4, "top": 6344600.1, "right": 995493.4, "bottom": 6342100.1, "grid_row": 8, "grid_col": 13, "id_2": 332, "name_fr": "Colmars07", "name_nl": "Colmars07", "population": 0.0, "centroid_lat": 44.150987727999997, "centroid_lon": 6.64837594 }, "geometry": { "type": "Polygon", "coordinates": [ [ [ 6.663260625722229, 44.139228634322279 ], [ 6.694472415672696, 44.138180667401244 ], [ 6.693011625579188, 44.11570392837924 ], [ 6.66181214116834, 44.11675146862234 ], [ 6.663260625722229, 44.139228634322279 ] ] ] } },
{ "type": "Feature", "properties": { "id": 306, "left": 987993.4, "top": 6344600.1, "right": 990493.4, "bottom": 6342100.1, "grid_row": 8, "grid_col": 11, "id_2": 333, "name_fr": "Beauvezer05", "name_nl": "Beauvezer05", "population": 0.0, "centroid_lat": 44.128510226000003, "centroid_lon": 6.646933038 }, "geometry": { "type": "Polygon", "coordinates": [ [ [ 6.600833618804905, 44.141297914861958 ], [ 6.632047690202405, 44.140267716976567 ], [ 6.630611512544554, 44.117790128207723 ], [ 6.599409749388101, 44.118819906633654 ], [ 6.600833618804905, 44.141297914861958 ] ] ] } },
{ "type": "Feature", "properties": { "id": 307, "left": 987993.4, "top": 6342100.1, "right": 990493.4, "bottom": 6339600.1, "grid_row": 9, "grid_col": 11, "id_2": 333, "name_fr": "Beauvezer05", "name_nl": "Beauvezer05", "population": 0.0, "centroid_lat": 44.128510226000003, "centroid_lon": 6.646933038 }, "geometry": { "type": "Polygon", "coordinates": [ [ [ 6.599409749388101, 44.118819906633654 ], [ 6.630611512544554, 44.117790128207723 ], [ 6.629176469419726, 44.09531279259236 ], [ 6.597987004821924, 44.096342151738476 ], [ 6.599409749388101, 44.118819906633654 ] ] ] } },
{ "type": "Feature", "properties": { "id": 333, "left": 990493.4, "top": 6344600.1, "right": 992993.4, "bottom": 6342100.1, "grid_row": 8, "grid_col": 12, "id_2": 333, "name_fr": "Beauvezer05", "name_nl": "Beauvezer05", "population": 0.0, "centroid_lat": 44.128510226000003, "centroid_lon": 6.646933038 }, "geometry": { "type": "Polygon", "coordinates": [ [ [ 6.632047690202405, 44.140267716976567 ], [ 6.663260625722229, 44.139228634322279 ], [ 6.66181214116834, 44.11675146862234 ], [ 6.630611512544554, 44.117790128207723 ], [ 6.632047690202405, 44.140267716976567 ] ] ] } },
{ "type": "Feature", "properties": { "id": 334, "left": 990493.4, "top": 6342100.1, "right": 992993.4, "bottom": 6339600.1, "grid_row": 9, "grid_col": 12, "id_2": 333, "name_fr": "Beauvezer05", "name_nl": "Beauvezer05", "population": 0.0, "centroid_lat": 44.128510226000003, "centroid_lon": 6.646933038 }, "geometry": { "type": "Polygon", "coordinates": [ [ [ 6.630611512544554, 44.117790128207723 ], [ 6.66181214116834, 44.11675146862234 ], [ 6.660364800827748, 44.094274555894678 ], [ 6.629176469419726, 44.09531279259236 ], [ 6.630611512544554, 44.117790128207723 ] ] ] } },
{ "type": "Feature", "properties": { "id": 360, "left": 992993.4, "top": 6344600.1, "right": 995493.4, "bottom": 6342100.1, "grid_row": 8, "grid_col": 13, "id_2": 333, "name_fr": "Beauvezer05", "name_nl": "Beauvezer05", "population": 0.0, "centroid_lat": 44.128510226000003, "centroid_lon": 6.646933038 }, "geometry": { "type": "Polygon", "coordinates": [ [ [ 6.663260625722229, 44.139228634322279 ], [ 6.694472415672696, 44.138180667401244 ], [ 6.693011625579188, 44.11570392837924 ], [ 6.66181214116834, 44.11675146862234 ], [ 6.663260625722229, 44.139228634322279 ] ] ] } },
{ "type": "Feature", "properties": { "id": 361, "left": 992993.4, "top": 6342100.1, "right": 995493.4, "bottom": 6339600.1, "grid_row": 9, "grid_col": 13, "id_2": 333, "name_fr": "Beauvezer05", "name_nl": "Beauvezer05", "population": 0.0, "centroid_lat": 44.128510226000003, "centroid_lon": 6.646933038 }, "geometry": { "type": "Polygon", "coordinates": [ [ [ 6.66181214116834, 44.11675146862234 ], [ 6.693011625579188, 44.11570392837924 ], [ 6.69155198937711, 44.09322744214677 ], [ 6.660364800827748, 44.094274555894678 ], [ 6.66181214116834, 44.11675146862234 ] ] ] } },
{ "type": "Feature", "properties": { "id": 307, "left": 987993.4, "top": 6342100.1, "right": 990493.4, "bottom": 6339600.1, "grid_row": 9, "grid_col": 11, "id_2": 334, "name_fr": "Thorame-Haute13", "name_nl": "Thorame-Haute13", "population": 0.0, "centroid_lat": 44.106032974999998, "centroid_lon": 6.645491277 }, "geometry": { "type": "Polygon", "coordinates": [ [ [ 6.599409749388101, 44.118819906633654 ], [ 6.630611512544554, 44.117790128207723 ], [ 6.629176469419726, 44.09531279259236 ], [ 6.597987004821924, 44.096342151738476 ], [ 6.599409749388101, 44.118819906633654 ] ] ] } },
{ "type": "Feature", "properties": { "id": 308, "left": 987993.4, "top": 6339600.1, "right": 990493.4, "bottom": 6337100.1, "grid_row": 10, "grid_col": 11, "id_2": 334, "name_fr": "Thorame-Haute13", "name_nl": "Thorame-Haute13", "population": 0.0, "centroid_lat": 44.106032974999998, "centroid_lon": 6.645491277 }, "geometry": { "type": "Polygon", "coordinates": [ [ [ 6.597987004821924, 44.096342151738476 ], [ 6.629176469419726, 44.09531279259236 ], [ 6.62774255948503, 44.072835713457721 ], [ 6.596565383774881, 44.073864653503549 ], [ 6.597987004821924, 44.096342151738476 ] ] ] } },
{ "type": "Feature", "properties": { "id": 334, "left": 990493.4, "top": 6342100.1, "right": 992993.4, "bottom": 6339600.1, "grid_row": 9, "grid_col": 12, "id_2": 334, "name_fr": "Thorame-Haute13", "name_nl": "Thorame-Haute13", "population": 0.0, "centroid_lat": 44.106032974999998, "centroid_lon": 6.645491277 }, "geometry": { "type": "Polygon", "coordinates": [ [ [ 6.630611512544554, 44.117790128207723 ], [ 6.66181214116834, 44.11675146862234 ], [ 6.660364800827748, 44.094274555894678 ], [ 6.629176469419726, 44.09531279259236 ], [ 6.630611512544554, 44.117790128207723 ] ] ] } },
{ "type": "Feature", "properties": { "id": 335, "left": 990493.4, "top": 6339600.1, "right": 992993.4, "bottom": 6337100.1, "grid_row": 10, "grid_col": 12, "id_2": 334, "name_fr": "Thorame-Haute13", "name_nl": "Thorame-Haute13", "population": 0.0, "centroid_lat": 44.106032974999998, "centroid_lon": 6.645491277 }, "geometry": { "type": "Polygon", "coordinates": [ [ [ 6.629176469419726, 44.09531279259236 ], [ 6.660364800827748, 44.094274555894678 ], [ 6.658918603346169, 44.071797899466723 ], [ 6.62774255948503, 44.072835713457721 ], [ 6.629176469419726, 44.09531279259236 ] ] ] } },
{ "type": "Feature", "properties": { "id": 361, "left": 992993.4, "top": 6342100.1, "right": 995493.4, "bottom": 6339600.1, "grid_row": 9, "grid_col": 13, "id_2": 334, "name_fr": "Thorame-Haute13", "name_nl": "Thorame-Haute13", "population": 0.0, "centroid_lat": 44.106032974999998, "centroid_lon": 6.645491277 }, "geometry": { "type": "Polygon", "coordinates": [ [ [ 6.66181214116834, 44.11675146862234 ], [ 6.693011625579188, 44.11570392837924 ], [ 6.69155198937711, 44.09322744214677 ], [ 6.660364800827748, 44.094274555894678 ], [ 6.66181214116834, 44.11675146862234 ] ] ] } },
{ "type": "Feature", "properties": { "id": 362, "left": 992993.4, "top": 6339600.1, "right": 995493.4, "bottom": 6337100.1, "grid_row": 10, "grid_col": 13, "id_2": 334, "name_fr": "Thorame-Haute13", "name_nl": "Thorame-Haute13", "population": 0.0, "centroid_lat": 44.106032974999998, "centroid_lon": 6.645491277 }, "geometry": { "type": "Polygon", "coordinates": [ [ [ 6.660364800827748, 44.094274555894678 ], [ 6.69155198937711, 44.09322744214677 ], [ 6.690093505700794, 44.070751212031418 ], [ 6.658918603346169, 44.071797899466723 ], [ 6.660364800827748, 44.094274555894678 ] ] ] } },
{ "type": "Feature", "properties": { "id": 308, "left": 987993.4, "top": 6339600.1, "right": 990493.4, "bottom": 6337100.1, "grid_row": 10, "grid_col": 11, "id_2": 335, "name_fr": "Thorame-Haute14", "name_nl": "Thorame-Haute14", "population": 0.0, "centroid_lat": 44.083555979000003, "centroid_lon": 6.644050654 }, "geometry": { "type": "Polygon", "coordinates": [ [ [ 6.597987004821924, 44.096342151738476 ], [ 6.629176469419726, 44.09531279259236 ], [ 6.62774255948503, 44.072835713457721 ], [ 6.596565383774881, 44.073864653503549 ], [ 6.597987004821924, 44.096342151738476 ] ] ] } },
{ "type": "Feature", "properties": { "id": 309, "left": 987993.4, "top": 6337100.1, "right": 990493.4, "bottom": 6334600.1, "grid_row": 11, "grid_col": 11, "id_2": 335, "name_fr": "Thorame-Haute14", "name_nl": "Thorame-Haute14", "population": 0.0, "centroid_lat": 44.083555979000003, "centroid_lon": 6.644050654 }, "geometry": { "type": "Polygon", "coordinates": [ [ [ 6.596565383774881, 44.073864653503549 ], [ 6.62774255948503, 44.072835713457721 ], [ 6.626309781399696, 44.05035889412968 ], [ 6.595144884917579, 44.051387415254574 ], [ 6.596565383774881, 44.073864653503549 ] ] ] } },
{ "type": "Feature", "properties": { "id": 335, "left": 990493.4, "top": 6339600.1, "right": 992993.4, "bottom": 6337100.1, "grid_row": 10, "grid_col": 12, "id_2": 335, "name_fr": "Thorame-Haute14", "name_nl": "Thorame-Haute14", "population": 0.0, "centroid_lat": 44.083555979000003, "centroid_lon": 6.644050654 }, "geometry": { "type": "Polygon", "coordinates": [ [ [ 6.629176469419726, 44.09531279259236 ], [ 6.660364800827748, 44.094274555894678 ], [ 6.658918603346169, 44.071797899466723 ], [ 6.62774255948503, 44.072835713457721 ], [ 6.629176469419726, 44.09531279259236 ] ] ] } },
{ "type": "Feature", "properties": { "id": 336, "left": 990493.4, "top": 6337100.1, "right": 992993.4, "bottom": 6334600.1, "grid_row": 11, "grid_col": 12, "id_2": 335, "name_fr": "Thorame-Haute14", "name_nl": "Thorame-Haute14", "population": 0.0, "centroid_lat": 44.083555979000003, "centroid_lon": 6.644050654 }, "geometry": { "type": "Polygon", "coordinates": [ [ [ 6.62774255948503, 44.072835713457721 ], [ 6.658918603346169, 44.071797899466723 ], [ 6.657473547371461, 44.049321502664462 ], [ 6.626309781399696, 44.05035889412968 ], [ 6.62774255948503, 44.072835713457721 ] ] ] } },
{ "type": "Feature", "properties": { "id": 362, "left": 992993.4, "top": 6339600.1, "right": 995493.4, "bottom": 6337100.1, "grid_row": 10, "grid_col": 13, "id_2": 335, "name_fr": "Thorame-Haute14", "name_nl": "Thorame-Haute14", "population": 0.0, "centroid_lat": 44.083555979000003, "centroid_lon": 6.644050654 }, "geometry": { "type": "Polygon", "coordinates": [ [ [ 6.660364800827748, 44.094274555894678 ], [ 6.69155198937711, 44.09322744214677 ], [ 6.690093505700794, 44.070751212031418 ], [ 6.658918603346169, 44.071797899466723 ], [ 6.660364800827748, 44.094274555894678 ] ] ] } },
{ "type": "Feature", "properties": { "id": 309, "left": 987993.4, "top": 6337100.1, "right": 990493.4, "bottom": 6334600.1, "grid_row": 11, "grid_col": 11, "id_2": 336, "name_fr": "Thorame-Haute15", "name_nl": "Thorame-Haute15", "population": 0.0, "centroid_lat": 44.06107924, "centroid_lon": 6.642611169 }, "geometry": { "type": "Polygon", "coordinates": [ [ [ 6.596565383774881, 44.073864653503549 ], [ 6.62774255948503, 44.072835713457721 ], [ 6.626309781399696, 44.05035889412968 ], [ 6.595144884917579, 44.051387415254574 ], [ 6.596565383774881, 44.073864653503549 ] ] ] } },
{ "type": "Feature", "properties": { "id": 336, "left": 990493.4, "top": 6337100.1, "right": 992993.4, "bottom": 6334600.1, "grid_row": 11, "grid_col": 12, "id_2": 336, "name_fr": "Thorame-Haute15", "name_nl": "Thorame-Haute15", "population": 0.0, "centroid_lat": 44.06107924, "centroid_lon": 6.642611169 }, "geometry": { "type": "Polygon", "coordinates": [ [ [ 6.62774255948503, 44.072835713457721 ], [ 6.658918603346169, 44.071797899466723 ], [ 6.657473547371461, 44.049321502664462 ], [ 6.626309781399696, 44.05035889412968 ], [ 6.62774255948503, 44.072835713457721 ] ] ] } },
{ "type": "Feature", "properties": { "id": 337, "left": 990493.4, "top": 6334600.1, "right": 992993.4, "bottom": 6332100.1, "grid_row": 12, "grid_col": 12, "id_2": 336, "name_fr": "Thorame-Haute15", "name_nl": "Thorame-Haute15", "population": 0.0, "centroid_lat": 44.06107924, "centroid_lon": 6.642611169 }, "geometry": { "type": "Polygon", "coordinates": [ [ [ 6.626309781399696, 44.05035889412968 ], [ 6.657473547371461, 44.049321502664462 ], [ 6.656029631553607, 44.026845368812474 ], [ 6.624878133825066, 44.027882337932681 ], [ 6.626309781399696, 44.05035889412968 ] ] ] } },
{ "type": "Feature", "properties": { "id": 310, "left": 987993.4, "top": 6334600.1, "right": 990493.4, "bottom": 6332100.1, "grid_row": 12, "grid_col": 11, "id_2": 337, "name_fr": "Méailles03", "name_nl": "Méailles03", "population": 10.0, "centroid_lat": 44.038602763, "centroid_lon": 6.641172819 }, "geometry": { "type": "Polygon", "coordinates": [ [ [ 6.595144884917579, 44.051387415254574 ], [ 6.626309781399696, 44.05035889412968 ], [ 6.624878133825066, 44.027882337932681 ], [ 6.59372550692272, 44.028910440315848 ], [ 6.595144884917579, 44.051387415254574 ] ] ] } },
{ "type": "Feature", "properties": { "id": 311, "left": 987993.4, "top": 6332100.1, "right": 990493.4, "bottom": 6329600.1, "grid_row": 13, "grid_col": 11, "id_2": 337, "name_fr": "Méailles03", "name_nl": "Méailles03", "population": 10.0, "centroid_lat": 44.038602763, "centroid_lon": 6.641172819 }, "geometry": { "type": "Polygon", "coordinates": [ [ [ 6.59372550692272, 44.028910440315848 ], [ 6.624878133825066, 44.027882337932681 ], [ 6.62344761542459, 44.005406048189734 ], [ 6.5923072484651, 44.006433732010258 ], [ 6.59372550692272, 44.028910440315848 ] ] ] } },
{ "type": "Feature", "properties": { "id": 336, "left": 990493.4, "top": 6337100.1, "right": 992993.4, "bottom": 6334600.1, "grid_row": 11, "grid_col": 12, "id_2": 337, "name_fr": "Méailles03", "name_nl": "Méailles03", "population": 10.0, "centroid_lat": 44.038602763, "centroid_lon": 6.641172819 }, "geometry": { "type": "Polygon", "coordinates": [ [ [ 6.62774255948503, 44.072835713457721 ], [ 6.658918603346169, 44.071797899466723 ], [ 6.657473547371461, 44.049321502664462 ], [ 6.626309781399696, 44.05035889412968 ], [ 6.62774255948503, 44.072835713457721 ] ] ] } },
{ "type": "Feature", "properties": { "id": 337, "left": 990493.4, "top": 6334600.1, "right": 992993.4, "bottom": 6332100.1, "grid_row": 12, "grid_col": 12, "id_2": 337, "name_fr": "Méailles03", "name_nl": "Méailles03", "population": 10.0, "centroid_lat": 44.038602763, "centroid_lon": 6.641172819 }, "geometry": { "type": "Polygon", "coordinates": [ [ [ 6.626309781399696, 44.05035889412968 ], [ 6.657473547371461, 44.049321502664462 ], [ 6.656029631553607, 44.026845368812474 ], [ 6.624878133825066, 44.027882337932681 ], [ 6.626309781399696, 44.05035889412968 ] ] ] } },
{ "type": "Feature", "properties": { "id": 338, "left": 990493.4, "top": 6332100.1, "right": 992993.4, "bottom": 6329600.1, "grid_row": 13, "grid_col": 12, "id_2": 337, "name_fr": "Méailles03", "name_nl": "Méailles03", "population": 10.0, "centroid_lat": 44.038602763, "centroid_lon": 6.641172819 }, "geometry": { "type": "Polygon", "coordinates": [ [ [ 6.624878133825066, 44.027882337932681 ], [ 6.656029631553607, 44.026845368812474 ], [ 6.65458685454472, 44.004369501233974 ], [ 6.62344761542459, 44.005406048189734 ], [ 6.624878133825066, 44.027882337932681 ] ] ] } },
{ "type": "Feature", "properties": { "id": 311, "left": 987993.4, "top": 6332100.1, "right": 990493.4, "bottom": 6329600.1, "grid_row": 13, "grid_col": 11, "id_2": 338, "name_fr": "Méailles04", "name_nl": "Méailles04", "population": 118.0, "centroid_lat": 44.016126551, "centroid_lon": 6.639735604 }, "geometry": { "type": "Polygon", "coordinates": [ [ [ 6.59372550692272, 44.028910440315848 ], [ 6.624878133825066, 44.027882337932681 ], [ 6.62344761542459, 44.005406048189734 ], [ 6.5923072484651, 44.006433732010258 ], [ 6.59372550692272, 44.028910440315848 ] ] ] } },
{ "type": "Feature", "properties": { "id": 338, "left": 990493.4, "top": 6332100.1, "right": 992993.4, "bottom": 6329600.1, "grid_row": 13, "grid_col": 12, "id_2": 338, "name_fr": "Méailles04", "name_nl": "Méailles04", "population": 118.0, "centroid_lat": 44.016126551, "centroid_lon": 6.639735604 }, "geometry": { "type": "Polygon", "coordinates": [ [ [ 6.624878133825066, 44.027882337932681 ], [ 6.656029631553607, 44.026845368812474 ], [ 6.65458685454472, 44.004369501233974 ], [ 6.62344761542459, 44.005406048189734 ], [ 6.624878133825066, 44.027882337932681 ] ] ] } },
{ "type": "Feature", "properties": { "id": 339, "left": 990493.4, "top": 6329600.1, "right": 992993.4, "bottom": 6327100.1, "grid_row": 14, "grid_col": 12, "id_2": 338, "name_fr": "Méailles04", "name_nl": "Méailles04", "population": 118.0, "centroid_lat": 44.016126551, "centroid_lon": 6.639735604 }, "geometry": { "type": "Polygon", "coordinates": [ [ [ 6.62344761542459, 44.005406048189734 ], [ 6.65458685454472, 44.004369501233974 ], [ 6.653145214999035, 43.981893903250707 ], [ 6.622018224863824, 43.982930028222462 ], [ 6.62344761542459, 44.005406048189734 ] ] ] } },
{ "type": "Feature", "properties": { "id": 365, "left": 992993.4, "top": 6332100.1, "right": 995493.4, "bottom": 6329600.1, "grid_row": 13, "grid_col": 13, "id_2": 338, "name_fr": "Méailles04", "name_nl": "Méailles04", "population": 118.0, "centroid_lat": 44.016126551, "centroid_lon": 6.639735604 }, "geometry": { "type": "Polygon", "coordinates": [ [ [ 6.656029631553607, 44.026845368812474 ], [ 6.687179990473535, 44.025799533455313 ], [ 6.685724956202002, 44.003324091642618 ], [ 6.65458685454472, 44.004369501233974 ], [ 6.656029631553607, 44.026845368812474 ] ] ] } },
{ "type": "Feature", "properties": { "id": 366, "left": 992993.4, "top": 6329600.1, "right": 995493.4, "bottom": 6327100.1, "grid_row": 14, "grid_col": 13, "id_2": 338, "name_fr": "Méailles04", "name_nl": "Méailles04", "population": 118.0, "centroid_lat": 44.016126551, "centroid_lon": 6.639735604 }, "geometry": { "type": "Polygon", "coordinates": [ [ [ 6.65458685454472, 44.004369501233974 ], [ 6.685724956202002, 44.003324091642618 ], [ 6.684271069015044, 43.980848919243179 ], [ 6.653145214999035, 43.981893903250707 ], [ 6.65458685454472, 44.004369501233974 ] ] ] } },
{ "type": "Feature", "properties": { "id": 311, "left": 987993.4, "top": 6332100.1, "right": 990493.4, "bottom": 6329600.1, "grid_row": 13, "grid_col": 11, "id_2": 339, "name_fr": "Le Fugeret01", "name_nl": "Le Fugeret01", "population": 168.0, "centroid_lat": 43.993650607, "centroid_lon": 6.638299523 }, "geometry": { "type": "Polygon", "coordinates": [ [ [ 6.59372550692272, 44.028910440315848 ], [ 6.624878133825066, 44.027882337932681 ], [ 6.62344761542459, 44.005406048189734 ], [ 6.5923072484651, 44.006433732010258 ], [ 6.59372550692272, 44.028910440315848 ] ] ] } },
{ "type": "Feature", "properties": { "id": 312, "left": 987993.4, "top": 6329600.1, "right": 990493.4, "bottom": 6327100.1, "grid_row": 14, "grid_col": 11, "id_2": 339, "name_fr": "Le Fugeret01", "name_nl": "Le Fugeret01", "population": 168.0, "centroid_lat": 43.993650607, "centroid_lon": 6.638299523 }, "geometry": { "type": "Polygon", "coordinates": [ [ [ 6.5923072484651, 44.006433732010258 ], [ 6.62344761542459, 44.005406048189734 ], [ 6.622018224863824, 43.982930028222462 ], [ 6.590890108221598, 43.983957293659245 ], [ 6.5923072484651, 44.006433732010258 ] ] ] } },
{ "type": "Feature", "properties": { "id": 338, "left": 990493.4, "top": 6332100.1, "right": 992993.4, "bottom": 6329600.1, "grid_row": 13, "grid_col": 12, "id_2": 339, "name_fr": "Le Fugeret01", "name_nl": "Le Fugeret01", "population": 168.0, "centroid_lat": 43.993650607, "centroid_lon": 6.638299523 }, "geometry": { "type": "Polygon", "coordinates": [ [ [ 6.624878133825066, 44.027882337932681 ], [ 6.656029631553607, 44.026845368812474 ], [ 6.65458685454472, 44.004369501233974 ], [ 6.62344761542459, 44.005406048189734 ], [ 6.624878133825066, 44.027882337932681 ] ] ] } },
{ "type": "Feature", "properties": { "id": 339, "left": 990493.4, "top": 6329600.1, "right": 992993.4, "bottom": 6327100.1, "grid_row": 14, "grid_col": 12, "id_2": 339, "name_fr": "Le Fugeret01", "name_nl": "Le Fugeret01", "population": 168.0, "centroid_lat": 43.993650607, "centroid_lon": 6.638299523 }, "geometry": { "type": "Polygon", "coordinates": [ [ [ 6.62344761542459, 44.005406048189734 ], [ 6.65458685454472, 44.004369501233974 ], [ 6.653145214999035, 43.981893903250707 ], [ 6.622018224863824, 43.982930028222462 ], [ 6.62344761542459, 44.005406048189734 ] ] ] } },
{ "type": "Feature", "properties": { "id": 340, "left": 990493.4, "top": 6327100.1, "right": 992993.4, "bottom": 6324600.1, "grid_row": 15, "grid_col": 12, "id_2": 339, "name_fr": "Le Fugeret01", "name_nl": "Le Fugeret01", "population": 168.0, "centroid_lat": 43.993650607, "centroid_lon": 6.638299523 }, "geometry": { "type": "Polygon", "coordinates": [ [ [ 6.622018224863824, 43.982930028222462 ], [ 6.653145214999035, 43.981893903250707 ], [ 6.651704711572902, 43.959418578183005 ], [ 6.620589960810423, 43.960454281351069 ], [ 6.622018224863824, 43.982930028222462 ] ] ] } },
{ "type": "Feature", "properties": { "id": 366, "left": 992993.4, "top": 6329600.1, "right": 995493.4, "bottom": 6327100.1, "grid_row": 14, "grid_col": 13, "id_2": 339, "name_fr": "Le Fugeret01", "name_nl": "Le Fugeret01", "population": 168.0, "centroid_lat": 43.993650607, "centroid_lon": 6.638299523 }, "geometry": { "type": "Polygon", "coordinates": [ [ [ 6.65458685454472, 44.004369501233974 ], [ 6.685724956202002, 44.003324091642618 ], [ 6.684271069015044, 43.980848919243179 ], [ 6.653145214999035, 43.981893903250707 ], [ 6.65458685454472, 44.004369501233974 ] ] ] } },
{ "type": "Feature", "properties": { "id": 367, "left": 992993.4, "top": 6327100.1, "right": 995493.4, "bottom": 6324600.1, "grid_row": 15, "grid_col": 13, "id_2": 339, "name_fr": "Le Fugeret01", "name_nl": "Le Fugeret01", "population": 168.0, "centroid_lat": 43.993650607, "centroid_lon": 6.638299523 }, "geometry": { "type": "Polygon", "coordinates": [ [ [ 6.653145214999035, 43.981893903250707 ], [ 6.684271069015044, 43.980848919243179 ], [ 6.682818327557714, 43.958374019577498 ], [ 6.651704711572902, 43.959418578183005 ], [ 6.653145214999035, 43.981893903250707 ] ] ] } },
{ "type": "Feature", "properties": { "id": 340, "left": 990493.4, "top": 6327100.1, "right": 992993.4, "bottom": 6324600.1, "grid_row": 15, "grid_col": 12, "id_2": 340, "name_fr": "Annot01", "name_nl": "Annot01", "population": 0.0, "centroid_lat": 43.971174933999997, "centroid_lon": 6.636864573 }, "geometry": { "type": "Polygon", "coordinates": [ [ [ 6.622018224863824, 43.982930028222462 ], [ 6.653145214999035, 43.981893903250707 ], [ 6.651704711572902, 43.959418578183005 ], [ 6.620589960810423, 43.960454281351069 ], [ 6.622018224863824, 43.982930028222462 ] ] ] } },
{ "type": "Feature", "properties": { "id": 341, "left": 990493.4, "top": 6324600.1, "right": 992993.4, "bottom": 6322100.1, "grid_row": 16, "grid_col": 12, "id_2": 340, "name_fr": "Annot01", "name_nl": "Annot01", "population": 0.0, "centroid_lat": 43.971174933999997, "centroid_lon": 6.636864573 }, "geometry": { "type": "Polygon", "coordinates": [ [ [ 6.620589960810423, 43.960454281351069 ], [ 6.651704711572902, 43.959418578183005 ], [ 6.650265342924789, 43.936943529349783 ], [ 6.61916282193414, 43.937978810894307 ], [ 6.620589960810423, 43.960454281351069 ] ] ] } },
{ "type": "Feature", "properties": { "id": 314, "left": 987993.4, "top": 6324600.1, "right": 990493.4, "bottom": 6322100.1, "grid_row": 16, "grid_col": 11, "id_2": 341, "name_fr": "Vergons06", "name_nl": "Vergons06", "population": 0.0, "centroid_lat": 43.948699536, "centroid_lon": 6.635430755 }, "geometry": { "type": "Polygon", "coordinates": [ [ [ 6.589474084871175, 43.961481128582882 ], [ 6.620589960810423, 43.960454281351069 ], [ 6.61916282193414, 43.937978810894307 ], [ 6.588059177094876, 43.939005240099767 ], [ 6.589474084871175, 43.961481128582882 ] ] ] } },
{ "type": "Feature", "properties": { "id": 315, "left": 987993.4, "top": 6322100.1, "right": 990493.4, "bottom": 6319600.1, "grid_row": 17, "grid_col": 11, "id_2": 341, "name_fr": "Vergons06", "name_nl": "Vergons06", "population": 0.0, "centroid_lat": 43.948699536, "centroid_lon": 6.635430755 }, "geometry": { "type": "Polygon", "coordinates": [ [ [ 6.588059177094876, 43.939005240099767 ], [ 6.61916282193414, 43.937978810894307 ], [ 6.617736806906817, 43.915503620169524 ], [ 6.586645383575815, 43.916529631527119 ], [ 6.588059177094876, 43.939005240099767 ] ] ] } },
{ "type": "Feature", "properties": { "id": 341, "left": 990493.4, "top": 6324600.1, "right": 992993.4, "bottom": 6322100.1, "grid_row": 16, "grid_col": 12, "id_2": 341, "name_fr": "Vergons06", "name_nl": "Vergons06", "population": 0.0, "centroid_lat": 43.948699536, "centroid_lon": 6.635430755 }, "geometry": { "type": "Polygon", "coordinates": [ [ [ 6.620589960810423, 43.960454281351069 ], [ 6.651704711572902, 43.959418578183005 ], [ 6.650265342924789, 43.936943529349783 ], [ 6.61916282193414, 43.937978810894307 ], [ 6.620589960810423, 43.960454281351069 ] ] ] } },
{ "type": "Feature", "properties": { "id": 342, "left": 990493.4, "top": 6322100.1, "right": 992993.4, "bottom": 6319600.1, "grid_row": 17, "grid_col": 12, "id_2": 341, "name_fr": "Vergons06", "name_nl": "Vergons06", "population": 0.0, "centroid_lat": 43.948699536, "centroid_lon": 6.635430755 }, "geometry": { "type": "Polygon", "coordinates": [ [ [ 6.61916282193414, 43.937978810894307 ], [ 6.650265342924789, 43.936943529349783 ], [ 6.648827107715273, 43.914468760068559 ], [ 6.617736806906817, 43.915503620169524 ], [ 6.61916282193414, 43.937978810894307 ] ] ] } },
{ "type": "Feature", "properties": { "id": 315, "left": 987993.4, "top": 6322100.1, "right": 990493.4, "bottom": 6319600.1, "grid_row": 17, "grid_col": 11, "id_2": 342, "name_fr": "Vergons07", "name_nl": "Vergons07", "population": 29.0, "centroid_lat": 43.926224415999997, "centroid_lon": 6.633998065 }, "geometry": { "type": "Polygon", "coordinates": [ [ [ 6.588059177094876, 43.939005240099767 ], [ 6.61916282193414, 43.937978810894307 ], [ 6.617736806906817, 43.915503620169524 ], [ 6.586645383575815, 43.916529631527119 ], [ 6.588059177094876, 43.939005240099767 ] ] ] } },
{ "type": "Feature", "properties": { "id": 316, "left": 987993.4, "top": 6319600.1, "right": 990493.4, "bottom": 6317100.1, "grid_row": 18, "grid_col": 11, "id_2": 342, "name_fr": "Vergons07", "name_nl": "Vergons07", "population": 29.0, "centroid_lat": 43.926224415999997, "centroid_lon": 6.633998065 }, "geometry": { "type": "Polygon", "coordinates": [ [ [ 6.586645383575815, 43.916529631527119 ], [ 6.617736806906817, 43.915503620169524 ], [ 6.616311914402386, 43.893028712492672 ], [ 6.585232702999178, 43.89405430618072 ], [ 6.586645383575815, 43.916529631527119 ] ] ] } },
{ "type": "Feature", "properties": { "id": 342, "left": 990493.4, "top": 6322100.1, "right": 992993.4, "bottom": 6319600.1, "grid_row": 17, "grid_col": 12, "id_2": 342, "name_fr": "Vergons07", "name_nl": "Vergons07", "population": 29.0, "centroid_lat": 43.926224415999997, "centroid_lon": 6.633998065 }, "geometry": { "type": "Polygon", "coordinates": [ [ [ 6.61916282193414, 43.937978810894307 ], [ 6.650265342924789, 43.936943529349783 ], [ 6.648827107715273, 43.914468760068559 ], [ 6.617736806906817, 43.915503620169524 ], [ 6.61916282193414, 43.937978810894307 ] ] ] } },
{ "type": "Feature", "properties": { "id": 343, "left": 990493.4, "top": 6319600.1, "right": 992993.4, "bottom": 6317100.1, "grid_row": 18, "grid_col": 12, "id_2": 342, "name_fr": "Vergons07", "name_nl": "Vergons07", "population": 29.0, "centroid_lat": 43.926224415999997, "centroid_lon": 6.633998065 }, "geometry": { "type": "Polygon", "coordinates": [ [ [ 6.617736806906817, 43.915503620169524 ], [ 6.648827107715273, 43.914468760068559 ], [ 6.647390004607032, 43.891994273655385 ], [ 6.616311914402386, 43.893028712492672 ], [ 6.617736806906817, 43.915503620169524 ] ] ] } },
{ "type": "Feature", "properties": { "id": 316, "left": 987993.4, "top": 6319600.1, "right": 990493.4, "bottom": 6317100.1, "grid_row": 18, "grid_col": 11, "id_2": 343, "name_fr": "Vergons08", "name_nl": "Vergons08", "population": 0.0, "centroid_lat": 43.903749577, "centroid_lon": 6.632566504 }, "geometry": { "type": "Polygon", "coordinates": [ [ [ 6.586645383575815, 43.916529631527119 ], [ 6.617736806906817, 43.915503620169524 ], [ 6.616311914402386, 43.893028712492672 ], [ 6.585232702999178, 43.89405430618072 ], [ 6.586645383575815, 43.916529631527119 ] ] ] } },
{ "type": "Feature", "properties": { "id": 317, "left": 987993.4, "top": 6317100.1, "right": 990493.4, "bottom": 6314600.1, "grid_row": 19, "grid_col": 11, "id_2": 343, "name_fr": "Vergons08", "name_nl": "Vergons08", "population": 0.0, "centroid_lat": 43.903749577, "centroid_lon": 6.632566504 }, "geometry": { "type": "Polygon", "coordinates": [ [ [ 6.585232702999178, 43.89405430618072 ], [ 6.616311914402386, 43.893028712492672 ], [ 6.614888143096866, 43.870554091178207 ], [ 6.58382113405222, 43.871579267374912 ], [ 6.585232702999178, 43.89405430618072 ] ] ] } },
{ "type": "Feature", "properties": { "id": 343, "left": 990493.4, "top": 6319600.1, "right": 992993.4, "bottom": 6317100.1, "grid_row": 18, "grid_col": 12, "id_2": 343, "name_fr": "Vergons08", "name_nl": "Vergons08", "population": 0.0, "centroid_lat": 43.903749577, "centroid_lon": 6.632566504 }, "geometry": { "type": "Polygon", "coordinates": [ [ [ 6.617736806906817, 43.915503620169524 ], [ 6.648827107715273, 43.914468760068559 ], [ 6.647390004607032, 43.891994273655385 ], [ 6.616311914402386, 43.893028712492672 ], [ 6.617736806906817, 43.915503620169524 ] ] ] } },
{ "type": "Feature", "properties": { "id": 344, "left": 990493.4, "top": 6317100.1, "right": 992993.4, "bottom": 6314600.1, "grid_row": 19, "grid_col": 12, "id_2": 343, "name_fr": "Vergons08", "name_nl": "Vergons08", "population": 0.0, "centroid_lat": 43.903749577, "centroid_lon": 6.632566504 }, "geometry": { "type": "Polygon", "coordinates": [ [ [ 6.616311914402386, 43.893028712492672 ], [ 6.647390004607032, 43.891994273655385 ], [ 6.645954032264851, 43.869520073424901 ], [ 6.614888143096866, 43.870554091178207 ], [ 6.616311914402386, 43.893028712492672 ] ] ] } },
{ "type": "Feature", "properties": { "id": 317, "left": 987993.4, "top": 6317100.1, "right": 990493.4, "bottom": 6314600.1, "grid_row": 19, "grid_col": 11, "id_2": 344, "name_fr": "Soleilhas01", "name_nl": "Soleilhas01", "population": 0.0, "centroid_lat": 43.881275023000001, "centroid_lon": 6.631136069 }, "geometry": { "type": "Polygon", "coordinates": [ [ [ 6.585232702999178, 43.89405430618072 ], [ 6.616311914402386, 43.893028712492672 ], [ 6.614888143096866, 43.870554091178207 ], [ 6.58382113405222, 43.871579267374912 ], [ 6.585232702999178, 43.89405430618072 ] ] ] } },
{ "type": "Feature", "properties": { "id": 318, "left": 987993.4, "top": 6314600.1, "right": 990493.4, "bottom": 6312100.1, "grid_row": 20, "grid_col": 11, "id_2": 344, "name_fr": "Soleilhas01", "name_nl": "Soleilhas01", "population": 0.0, "centroid_lat": 43.881275023000001, "centroid_lon": 6.631136069 }, "geometry": { "type": "Polygon", "coordinates": [ [ [ 6.58382113405222, 43.871579267374912 ], [ 6.614888143096866, 43.870554091178207 ], [ 6.613465491668349, 43.848079759539267 ], [ 6.582410675424256, 43.849104518422664 ], [ 6.58382113405222, 43.871579267374912 ] ] ] } },
{ "type": "Feature", "properties": { "id": 344, "left": 990493.4, "top": 6317100.1, "right": 992993.4, "bottom": 6314600.1, "grid_row": 19, "grid_col": 12, "id_2": 344, "name_fr": "Soleilhas01", "name_nl": "Soleilhas01", "population": 0.0, "centroid_lat": 43.881275023000001, "centroid_lon": 6.631136069 }, "geometry": { "type": "Polygon", "coordinates": [ [ [ 6.616311914402386, 43.893028712492672 ], [ 6.647390004607032, 43.891994273655385 ], [ 6.645954032264851, 43.869520073424901 ], [ 6.614888143096866, 43.870554091178207 ], [ 6.616311914402386, 43.893028712492672 ] ] ] } },
{ "type": "Feature", "properties": { "id": 345, "left": 990493.4, "top": 6314600.1, "right": 992993.4, "bottom": 6312100.1, "grid_row": 20, "grid_col": 12, "id_2": 344, "name_fr": "Soleilhas01", "name_nl": "Soleilhas01", "population": 0.0, "centroid_lat": 43.881275023000001, "centroid_lon": 6.631136069 }, "geometry": { "type": "Polygon", "coordinates": [ [ [ 6.614888143096866, 43.870554091178207 ], [ 6.645954032264851, 43.869520073424901 ], [ 6.644519189355611, 43.847046162690397 ], [ 6.613465491668349, 43.848079759539267 ], [ 6.614888143096866, 43.870554091178207 ] ] ] } },
{ "type": "Feature", "properties": { "id": 345, "left": 990493.4, "top": 6314600.1, "right": 992993.4, "bottom": 6312100.1, "grid_row": 20, "grid_col": 12, "id_2": 345, "name_fr": "Soleilhas02", "name_nl": "Soleilhas02", "population": 1.0, "centroid_lat": 43.858800756999997, "centroid_lon": 6.629706759 }, "geometry": { "type": "Polygon", "coordinates": [ [ [ 6.614888143096866, 43.870554091178207 ], [ 6.645954032264851, 43.869520073424901 ], [ 6.644519189355611, 43.847046162690397 ], [ 6.613465491668349, 43.848079759539267 ], [ 6.614888143096866, 43.870554091178207 ] ] ] } },
{ "type": "Feature", "properties": { "id": 346, "left": 990493.4, "top": 6312100.1, "right": 992993.4, "bottom": 6309600.1, "grid_row": 21, "grid_col": 12, "id_2": 345, "name_fr": "Soleilhas02", "name_nl": "Soleilhas02", "population": 1.0, "centroid_lat": 43.858800756999997, "centroid_lon": 6.629706759 }, "geometry": { "type": "Polygon", "coordinates": [ [ [ 6.613465491668349, 43.848079759539267 ], [ 6.644519189355611, 43.847046162690397 ], [ 6.643085474548286, 43.824572544763647 ], [ 6.612043958797009, 43.825605720887488 ], [ 6.613465491668349, 43.848079759539267 ] ] ] } },
{ "type": "Feature", "properties": { "id": 346, "left": 990493.4, "top": 6312100.1, "right": 992993.4, "bottom": 6309600.1, "grid_row": 21, "grid_col": 12, "id_2": 346, "name_fr": "Soleilhas03", "name_nl": "Soleilhas03", "population": 0.0, "centroid_lat": 43.836326782, "centroid_lon": 6.628278574 }, "geometry": { "type": "Polygon", "coordinates": [ [ [ 6.613465491668349, 43.848079759539267 ], [ 6.644519189355611, 43.847046162690397 ], [ 6.643085474548286, 43.824572544763647 ], [ 6.612043958797009, 43.825605720887488 ], [ 6.613465491668349, 43.848079759539267 ] ] ] } },
{ "type": "Feature", "properties": { "id": 347, "left": 990493.4, "top": 6309600.1, "right": 992993.4, "bottom": 6307100.1, "grid_row": 22, "grid_col": 12, "id_2": 346, "name_fr": "Soleilhas03", "name_nl": "Soleilhas03", "population": 0.0, "centroid_lat": 43.836326782, "centroid_lon": 6.628278574 }, "geometry": { "type": "Polygon", "coordinates": [ [ [ 6.612043958797009, 43.825605720887488 ], [ 6.643085474548286, 43.824572544763647 ], [ 6.641652886513937, 43.802099222955015 ], [ 6.61062354316509, 43.803131978533123 ], [ 6.612043958797009, 43.825605720887488 ] ] ] } },
{ "type": "Feature", "properties": { "id": 347, "left": 990493.4, "top": 6309600.1, "right": 992993.4, "bottom": 6307100.1, "grid_row": 22, "grid_col": 12, "id_2": 347, "name_fr": "Peyroules02", "name_nl": "Peyroules02", "population": 34.0, "centroid_lat": 43.813853101, "centroid_lon": 6.626851511 }, "geometry": { "type": "Polygon", "coordinates": [ [ [ 6.612043958797009, 43.825605720887488 ], [ 6.643085474548286, 43.824572544763647 ], [ 6.641652886513937, 43.802099222955015 ], [ 6.61062354316509, 43.803131978533123 ], [ 6.612043958797009, 43.825605720887488 ] ] ] } },
{ "type": "Feature", "properties": { "id": 348, "left": 990493.4, "top": 6307100.1, "right": 992993.4, "bottom": 6304600.1, "grid_row": 23, "grid_col": 12, "id_2": 347, "name_fr": "Peyroules02", "name_nl": "Peyroules02", "population": 34.0, "centroid_lat": 43.813853101, "centroid_lon": 6.626851511 }, "geometry": { "type": "Polygon", "coordinates": [ [ [ 6.61062354316509, 43.803131978533123 ], [ 6.641652886513937, 43.802099222955015 ], [ 6.640221423925714, 43.779626200573482 ], [ 6.6092042434569, 43.780658535784958 ], [ 6.61062354316509, 43.803131978533123 ] ] ] } },
{ "type": "Feature", "properties": { "id": 348, "left": 990493.4, "top": 6307100.1, "right": 992993.4, "bottom": 6304600.1, "grid_row": 23, "grid_col": 12, "id_2": 348, "name_fr": "Peyroules03", "name_nl": "Peyroules03", "population": 9.0, "centroid_lat": 43.791379718999998, "centroid_lon": 6.625425569 }, "geometry": { "type": "Polygon", "coordinates": [ [ [ 6.61062354316509, 43.803131978533123 ], [ 6.641652886513937, 43.802099222955015 ], [ 6.640221423925714, 43.779626200573482 ], [ 6.6092042434569, 43.780658535784958 ], [ 6.61062354316509, 43.803131978533123 ] ] ] } },
{ "type": "Feature", "properties": { "id": 349, "left": 990493.4, "top": 6304600.1, "right": 992993.4, "bottom": 6302100.1, "grid_row": 24, "grid_col": 12, "id_2": 348, "name_fr": "Peyroules03", "name_nl": "Peyroules03", "population": 9.0, "centroid_lat": 43.791379718999998, "centroid_lon": 6.625425569 }, "geometry": { "type": "Polygon", "coordinates": [ [ [ 6.6092042434569, 43.780658535784958 ], [ 6.640221423925714, 43.779626200573482 ], [ 6.638791085458844, 43.757153480926569 ], [ 6.607786058358816, 43.758185395950385 ], [ 6.6092042434569, 43.780658535784958 ] ] ] } },
{ "type": "Feature", "properties": { "id": 326, "left": 990493.4, "top": 6362100.1, "right": 992993.4, "bottom": 6359600.1, "grid_row": 1, "grid_col": 12, "id_2": 353, "name_fr": "Allos19", "name_nl": "Allos19", "population": 0.0, "centroid_lat": 44.284811544, "centroid_lon": 6.688349957 }, "geometry": { "type": "Polygon", "coordinates": [ [ [ 6.642132813981026, 44.29761764686755 ], [ 6.673432169781489, 44.296575597644988 ], [ 6.671975637634483, 44.274096754425727 ], [ 6.640688656812459, 44.275138379306838 ], [ 6.642132813981026, 44.29761764686755 ] ] ] } },
{ "type": "Feature", "properties": { "id": 327, "left": 990493.4, "top": 6359600.1, "right": 992993.4, "bottom": 6357100.1, "grid_row": 2, "grid_col": 12, "id_2": 353, "name_fr": "Allos19", "name_nl": "Allos19", "population": 0.0, "centroid_lat": 44.284811544, "centroid_lon": 6.688349957 }, "geometry": { "type": "Polygon", "coordinates": [ [ [ 6.640688656812459, 44.275138379306838 ], [ 6.671975637634483, 44.274096754425727 ], [ 6.670520259240862, 44.251618140847214 ], [ 6.63924564363676, 44.252659341569128 ], [ 6.640688656812459, 44.275138379306838 ] ] ] } },
{ "type": "Feature", "properties": { "id": 353, "left": 992993.4, "top": 6362100.1, "right": 995493.4, "bottom": 6359600.1, "grid_row": 1, "grid_col": 13, "id_2": 353, "name_fr": "Allos19", "name_nl": "Allos19", "population": 0.0, "centroid_lat": 44.284811544, "centroid_lon": 6.688349957 }, "geometry": { "type": "Polygon", "coordinates": [ [ [ 6.673432169781489, 44.296575597644988 ], [ 6.704730370457418, 44.295524638849486 ], [ 6.703261464703481, 44.273046223591457 ], [ 6.671975637634483, 44.274096754425727 ], [ 6.673432169781489, 44.296575597644988 ] ] ] } },
{ "type": "Feature", "properties": { "id": 354, "left": 992993.4, "top": 6359600.1, "right": 995493.4, "bottom": 6357100.1, "grid_row": 2, "grid_col": 13, "id_2": 353, "name_fr": "Allos19", "name_nl": "Allos19", "population": 0.0, "centroid_lat": 44.284811544, "centroid_lon": 6.688349957 }, "geometry": { "type": "Polygon", "coordinates": [ [ [ 6.671975637634483, 44.274096754425727 ], [ 6.703261464703481, 44.273046223591457 ], [ 6.701793722461282, 44.250568037790416 ], [ 6.670520259240862, 44.251618140847214 ], [ 6.671975637634483, 44.274096754425727 ] ] ] } },
{ "type": "Feature", "properties": { "id": 380, "left": 995493.4, "top": 6362100.1, "right": 997993.4, "bottom": 6359600.1, "grid_row": 1, "grid_col": 14, "id_2": 353, "name_fr": "Allos19", "name_nl": "Allos19", "population": 0.0, "centroid_lat": 44.284811544, "centroid_lon": 6.688349957 }, "geometry": { "type": "Polygon", "coordinates": [ [ [ 6.704730370457418, 44.295524638849486 ], [ 6.736027406238931, 44.294464770990402 ], [ 6.734546128261107, 44.27198678731299 ], [ 6.703261464703481, 44.273046223591457 ], [ 6.704730370457418, 44.295524638849486 ] ] ] } },
{ "type": "Feature", "properties": { "id": 327, "left": 990493.4, "top": 6359600.1, "right": 992993.4, "bottom": 6357100.1, "grid_row": 2, "grid_col": 12, "id_2": 354, "name_fr": "Allos20", "name_nl": "Allos20", "population": 0.0, "centroid_lat": 44.26233303, "centroid_lon": 6.686887818 }, "geometry": { "type": "Polygon", "coordinates": [ [ [ 6.640688656812459, 44.275138379306838 ], [ 6.671975637634483, 44.274096754425727 ], [ 6.670520259240862, 44.251618140847214 ], [ 6.63924564363676, 44.252659341569128 ], [ 6.640688656812459, 44.275138379306838 ] ] ] } },
{ "type": "Feature", "properties": { "id": 328, "left": 990493.4, "top": 6357100.1, "right": 992993.4, "bottom": 6354600.1, "grid_row": 3, "grid_col": 12, "id_2": 354, "name_fr": "Allos20", "name_nl": "Allos20", "population": 0.0, "centroid_lat": 44.26233303, "centroid_lon": 6.686887818 }, "geometry": { "type": "Polygon", "coordinates": [ [ [ 6.63924564363676, 44.252659341569128 ], [ 6.670520259240862, 44.251618140847214 ], [ 6.669066033231284, 44.229139760246767 ], [ 6.637803773096099, 44.230180536991575 ], [ 6.63924564363676, 44.252659341569128 ] ] ] } },
{ "type": "Feature", "properties": { "id": 354, "left": 992993.4, "top": 6359600.1, "right": 995493.4, "bottom": 6357100.1, "grid_row": 2, "grid_col": 13, "id_2": 354, "name_fr": "Allos20", "name_nl": "Allos20", "population": 0.0, "centroid_lat": 44.26233303, "centroid_lon": 6.686887818 }, "geometry": { "type": "Polygon", "coordinates": [ [ [ 6.671975637634483, 44.274096754425727 ], [ 6.703261464703481, 44.273046223591457 ], [ 6.701793722461282, 44.250568037790416 ], [ 6.670520259240862, 44.251618140847214 ], [ 6.671975637634483, 44.274096754425727 ] ] ] } },
{ "type": "Feature", "properties": { "id": 355, "left": 992993.4, "top": 6357100.1, "right": 995493.4, "bottom": 6354600.1, "grid_row": 3, "grid_col": 13, "id_2": 354, "name_fr": "Allos20", "name_nl": "Allos20", "population": 0.0, "centroid_lat": 44.26233303, "centroid_lon": 6.686887818 }, "geometry": { "type": "Polygon", "coordinates": [ [ [ 6.670520259240862, 44.251618140847214 ], [ 6.701793722461282, 44.250568037790416 ], [ 6.700327142349965, 44.228090084783773 ], [ 6.669066033231284, 44.229139760246767 ], [ 6.670520259240862, 44.251618140847214 ] ] ] } },
{ "type": "Feature", "properties": { "id": 328, "left": 990493.4, "top": 6357100.1, "right": 992993.4, "bottom": 6354600.1, "grid_row": 3, "grid_col": 12, "id_2": 355, "name_fr": "Allos21", "name_nl": "Allos21", "population": 0.0, "centroid_lat": 44.239854746, "centroid_lon": 6.685426836 }, "geometry": { "type": "Polygon", "coordinates": [ [ [ 6.63924564363676, 44.252659341569128 ], [ 6.670520259240862, 44.251618140847214 ], [ 6.669066033231284, 44.229139760246767 ], [ 6.637803773096099, 44.230180536991575 ], [ 6.63924564363676, 44.252659341569128 ] ] ] } },
{ "type": "Feature", "properties": { "id": 329, "left": 990493.4, "top": 6354600.1, "right": 992993.4, "bottom": 6352100.1, "grid_row": 4, "grid_col": 12, "id_2": 355, "name_fr": "Allos21", "name_nl": "Allos21", "population": 0.0, "centroid_lat": 44.239854746, "centroid_lon": 6.685426836 }, "geometry": { "type": "Polygon", "coordinates": [ [ [ 6.637803773096099, 44.230180536991575 ], [ 6.669066033231284, 44.229139760246767 ], [ 6.667612958238572, 44.206661615960272 ], [ 6.6363630438348, 44.207701968909895 ], [ 6.637803773096099, 44.230180536991575 ] ] ] } },
{ "type": "Feature", "properties": { "id": 355, "left": 992993.4, "top": 6357100.1, "right": 995493.4, "bottom": 6354600.1, "grid_row": 3, "grid_col": 13, "id_2": 355, "name_fr": "Allos21", "name_nl": "Allos21", "population": 0.0, "centroid_lat": 44.239854746, "centroid_lon": 6.685426836 }, "geometry": { "type": "Polygon", "coordinates": [ [ [ 6.670520259240862, 44.251618140847214 ], [ 6.701793722461282, 44.250568037790416 ], [ 6.700327142349965, 44.228090084783773 ], [ 6.669066033231284, 44.229139760246767 ], [ 6.670520259240862, 44.251618140847214 ] ] ] } },
{ "type": "Feature", "properties": { "id": 356, "left": 992993.4, "top": 6354600.1, "right": 995493.4, "bottom": 6352100.1, "grid_row": 4, "grid_col": 13, "id_2": 355, "name_fr": "Allos21", "name_nl": "Allos21", "population": 0.0, "centroid_lat": 44.239854746, "centroid_lon": 6.685426836 }, "geometry": { "type": "Polygon", "coordinates": [ [ [ 6.669066033231284, 44.229139760246767 ], [ 6.700327142349965, 44.228090084783773 ], [ 6.698861722990856, 44.205612367907612 ], [ 6.667612958238572, 44.206661615960272 ], [ 6.669066033231284, 44.229139760246767 ] ] ] } },
{ "type": "Feature", "properties": { "id": 329, "left": 990493.4, "top": 6354600.1, "right": 992993.4, "bottom": 6352100.1, "grid_row": 4, "grid_col": 12, "id_2": 356, "name_fr": "Colmars08", "name_nl": "Colmars08", "population": 0.0, "centroid_lat": 44.217376697, "centroid_lon": 6.683967011 }, "geometry": { "type": "Polygon", "coordinates": [ [ [ 6.637803773096099, 44.230180536991575 ], [ 6.669066033231284, 44.229139760246767 ], [ 6.667612958238572, 44.206661615960272 ], [ 6.6363630438348, 44.207701968909895 ], [ 6.637803773096099, 44.230180536991575 ] ] ] } },
{ "type": "Feature", "properties": { "id": 330, "left": 990493.4, "top": 6352100.1, "right": 992993.4, "bottom": 6349600.1, "grid_row": 5, "grid_col": 12, "id_2": 356, "name_fr": "Colmars08", "name_nl": "Colmars08", "population": 0.0, "centroid_lat": 44.217376697, "centroid_lon": 6.683967011 }, "geometry": { "type": "Polygon", "coordinates": [ [ [ 6.6363630438348, 44.207701968909895 ], [ 6.667612958238572, 44.206661615960272 ], [ 6.666161032897708, 44.184183711322191 ], [ 6.634923454499328, 44.185223640658457 ], [ 6.6363630438348, 44.207701968909895 ] ] ] } },
{ "type": "Feature", "properties": { "id": 356, "left": 992993.4, "top": 6354600.1, "right": 995493.4, "bottom": 6352100.1, "grid_row": 4, "grid_col": 13, "id_2": 356, "name_fr": "Colmars08", "name_nl": "Colmars08", "population": 0.0, "centroid_lat": 44.217376697, "centroid_lon": 6.683967011 }, "geometry": { "type": "Polygon", "coordinates": [ [ [ 6.669066033231284, 44.229139760246767 ], [ 6.700327142349965, 44.228090084783773 ], [ 6.698861722990856, 44.205612367907612 ], [ 6.667612958238572, 44.206661615960272 ], [ 6.669066033231284, 44.229139760246767 ] ] ] } },
{ "type": "Feature", "properties": { "id": 357, "left": 992993.4, "top": 6352100.1, "right": 995493.4, "bottom": 6349600.1, "grid_row": 5, "grid_col": 13, "id_2": 356, "name_fr": "Colmars08", "name_nl": "Colmars08", "population": 0.0, "centroid_lat": 44.217376697, "centroid_lon": 6.683967011 }, "geometry": { "type": "Polygon", "coordinates": [ [ [ 6.667612958238572, 44.206661615960272 ], [ 6.698861722990856, 44.205612367907612 ], [ 6.697397463007461, 44.183134890496532 ], [ 6.666161032897708, 44.184183711322191 ], [ 6.667612958238572, 44.206661615960272 ] ] ] } },
{ "type": "Feature", "properties": { "id": 330, "left": 990493.4, "top": 6352100.1, "right": 992993.4, "bottom": 6349600.1, "grid_row": 5, "grid_col": 12, "id_2": 357, "name_fr": "Colmars09", "name_nl": "Colmars09", "population": 0.0, "centroid_lat": 44.194898885999997, "centroid_lon": 6.682508341 }, "geometry": { "type": "Polygon", "coordinates": [ [ [ 6.6363630438348, 44.207701968909895 ], [ 6.667612958238572, 44.206661615960272 ], [ 6.666161032897708, 44.184183711322191 ], [ 6.634923454499328, 44.185223640658457 ], [ 6.6363630438348, 44.207701968909895 ] ] ] } },
{ "type": "Feature", "properties": { "id": 331, "left": 990493.4, "top": 6349600.1, "right": 992993.4, "bottom": 6347100.1, "grid_row": 6, "grid_col": 12, "id_2": 357, "name_fr": "Colmars09", "name_nl": "Colmars09", "population": 0.0, "centroid_lat": 44.194898885999997, "centroid_lon": 6.682508341 }, "geometry": { "type": "Polygon", "coordinates": [ [ [ 6.634923454499328, 44.185223640658457 ], [ 6.666161032897708, 44.184183711322191 ], [ 6.66471025584583, 44.161706049665646 ], [ 6.633485003738285, 44.162745555570169 ], [ 6.634923454499328, 44.185223640658457 ] ] ] } },
{ "type": "Feature", "properties": { "id": 357, "left": 992993.4, "top": 6352100.1, "right": 995493.4, "bottom": 6349600.1, "grid_row": 5, "grid_col": 13, "id_2": 357, "name_fr": "Colmars09", "name_nl": "Colmars09", "population": 0.0, "centroid_lat": 44.194898885999997, "centroid_lon": 6.682508341 }, "geometry": { "type": "Polygon", "coordinates": [ [ [ 6.667612958238572, 44.206661615960272 ], [ 6.698861722990856, 44.205612367907612 ], [ 6.697397463007461, 44.183134890496532 ], [ 6.666161032897708, 44.184183711322191 ], [ 6.667612958238572, 44.206661615960272 ] ] ] } },
{ "type": "Feature", "properties": { "id": 358, "left": 992993.4, "top": 6349600.1, "right": 995493.4, "bottom": 6347100.1, "grid_row": 6, "grid_col": 13, "id_2": 357, "name_fr": "Colmars09", "name_nl": "Colmars09", "population": 0.0, "centroid_lat": 44.194898885999997, "centroid_lon": 6.682508341 }, "geometry": { "type": "Polygon", "coordinates": [ [ [ 6.666161032897708, 44.184183711322191 ], [ 6.697397463007461, 44.183134890496532 ], [ 6.695934361025458, 44.160657655883817 ], [ 6.66471025584583, 44.161706049665646 ], [ 6.666161032897708, 44.184183711322191 ] ] ] } },
{ "type": "Feature", "properties": { "id": 331, "left": 990493.4, "top": 6349600.1, "right": 992993.4, "bottom": 6347100.1, "grid_row": 6, "grid_col": 12, "id_2": 358, "name_fr": "Colmars10", "name_nl": "Colmars10", "population": 0.0, "centroid_lat": 44.172421315999998, "centroid_lon": 6.681050825 }, "geometry": { "type": "Polygon", "coordinates": [ [ [ 6.634923454499328, 44.185223640658457 ], [ 6.666161032897708, 44.184183711322191 ], [ 6.66471025584583, 44.161706049665646 ], [ 6.633485003738285, 44.162745555570169 ], [ 6.634923454499328, 44.185223640658457 ] ] ] } },
{ "type": "Feature", "properties": { "id": 332, "left": 990493.4, "top": 6347100.1, "right": 992993.4, "bottom": 6344600.1, "grid_row": 7, "grid_col": 12, "id_2": 358, "name_fr": "Colmars10", "name_nl": "Colmars10", "population": 0.0, "centroid_lat": 44.172421315999998, "centroid_lon": 6.681050825 }, "geometry": { "type": "Polygon", "coordinates": [ [ [ 6.633485003738285, 44.162745555570169 ], [ 6.66471025584583, 44.161706049665646 ], [ 6.663260625722229, 44.139228634322279 ], [ 6.632047690202405, 44.140267716976567 ], [ 6.633485003738285, 44.162745555570169 ] ] ] } },
{ "type": "Feature", "properties": { "id": 358, "left": 992993.4, "top": 6349600.1, "right": 995493.4, "bottom": 6347100.1, "grid_row": 6, "grid_col": 13, "id_2": 358, "name_fr": "Colmars10", "name_nl": "Colmars10", "population": 0.0, "centroid_lat": 44.172421315999998, "centroid_lon": 6.681050825 }, "geometry": { "type": "Polygon", "coordinates": [ [ [ 6.666161032897708, 44.184183711322191 ], [ 6.697397463007461, 44.183134890496532 ], [ 6.695934361025458, 44.160657655883817 ], [ 6.66471025584583, 44.161706049665646 ], [ 6.666161032897708, 44.184183711322191 ] ] ] } },
{ "type": "Feature", "properties": { "id": 359, "left": 992993.4, "top": 6347100.1, "right": 995493.4, "bottom": 6344600.1, "grid_row": 7, "grid_col": 13, "id_2": 358, "name_fr": "Colmars10", "name_nl": "Colmars10", "population": 0.0, "centroid_lat": 44.172421315999998, "centroid_lon": 6.681050825 }, "geometry": { "type": "Polygon", "coordinates": [ [ [ 6.66471025584583, 44.161706049665646 ], [ 6.695934361025458, 44.160657655883817 ], [ 6.694472415672696, 44.138180667401244 ], [ 6.663260625722229, 44.139228634322279 ], [ 6.66471025584583, 44.161706049665646 ] ] ] } },
{ "type": "Feature", "properties": { "id": 359, "left": 992993.4, "top": 6347100.1, "right": 995493.4, "bottom": 6344600.1, "grid_row": 7, "grid_col": 13, "id_2": 359, "name_fr": "Colmars11", "name_nl": "Colmars11", "population": 0.0, "centroid_lat": 44.149943991000001, "centroid_lon": 6.679594461 }, "geometry": { "type": "Polygon", "coordinates": [ [ [ 6.66471025584583, 44.161706049665646 ], [ 6.695934361025458, 44.160657655883817 ], [ 6.694472415672696, 44.138180667401244 ], [ 6.663260625722229, 44.139228634322279 ], [ 6.66471025584583, 44.161706049665646 ] ] ] } },
{ "type": "Feature", "properties": { "id": 360, "left": 992993.4, "top": 6344600.1, "right": 995493.4, "bottom": 6342100.1, "grid_row": 8, "grid_col": 13, "id_2": 359, "name_fr": "Colmars11", "name_nl": "Colmars11", "population": 0.0, "centroid_lat": 44.149943991000001, "centroid_lon": 6.679594461 }, "geometry": { "type": "Polygon", "coordinates": [ [ [ 6.663260625722229, 44.139228634322279 ], [ 6.694472415672696, 44.138180667401244 ], [ 6.693011625579188, 44.11570392837924 ], [ 6.66181214116834, 44.11675146862234 ], [ 6.663260625722229, 44.139228634322279 ] ] ] } },
{ "type": "Feature", "properties": { "id": 386, "left": 995493.4, "top": 6347100.1, "right": 997993.4, "bottom": 6344600.1, "grid_row": 7, "grid_col": 14, "id_2": 359, "name_fr": "Colmars11", "name_nl": "Colmars11", "population": 0.0, "centroid_lat": 44.149943991000001, "centroid_lon": 6.679594461 }, "geometry": { "type": "Polygon", "coordinates": [ [ [ 6.695934361025458, 44.160657655883817 ], [ 6.727157309576207, 44.159600374731497 ], [ 6.725683050364269, 44.137123816719857 ], [ 6.694472415672696, 44.138180667401244 ], [ 6.695934361025458, 44.160657655883817 ] ] ] } },
{ "type": "Feature", "properties": { "id": 387, "left": 995493.4, "top": 6344600.1, "right": 997993.4, "bottom": 6342100.1, "grid_row": 8, "grid_col": 14, "id_2": 359, "name_fr": "Colmars11", "name_nl": "Colmars11", "population": 0.0, "centroid_lat": 44.149943991000001, "centroid_lon": 6.679594461 }, "geometry": { "type": "Polygon", "coordinates": [ [ [ 6.694472415672696, 44.138180667401244 ], [ 6.725683050364269, 44.137123816719857 ], [ 6.724209956098965, 44.11464750798438 ], [ 6.693011625579188, 44.11570392837924 ], [ 6.694472415672696, 44.138180667401244 ] ] ] } },
{ "type": "Feature", "properties": { "id": 360, "left": 992993.4, "top": 6344600.1, "right": 995493.4, "bottom": 6342100.1, "grid_row": 8, "grid_col": 13, "id_2": 360, "name_fr": "Colmars12", "name_nl": "Colmars12", "population": 0.0, "centroid_lat": 44.127466913, "centroid_lon": 6.678139248 }, "geometry": { "type": "Polygon", "coordinates": [ [ [ 6.663260625722229, 44.139228634322279 ], [ 6.694472415672696, 44.138180667401244 ], [ 6.693011625579188, 44.11570392837924 ], [ 6.66181214116834, 44.11675146862234 ], [ 6.663260625722229, 44.139228634322279 ] ] ] } },
{ "type": "Feature", "properties": { "id": 361, "left": 992993.4, "top": 6342100.1, "right": 995493.4, "bottom": 6339600.1, "grid_row": 9, "grid_col": 13, "id_2": 360, "name_fr": "Colmars12", "name_nl": "Colmars12", "population": 0.0, "centroid_lat": 44.127466913, "centroid_lon": 6.678139248 }, "geometry": { "type": "Polygon", "coordinates": [ [ [ 6.66181214116834, 44.11675146862234 ], [ 6.693011625579188, 44.11570392837924 ], [ 6.69155198937711, 44.09322744214677 ], [ 6.660364800827748, 44.094274555894678 ], [ 6.66181214116834, 44.11675146862234 ] ] ] } },
{ "type": "Feature", "properties": { "id": 387, "left": 995493.4, "top": 6344600.1, "right": 997993.4, "bottom": 6342100.1, "grid_row": 8, "grid_col": 14, "id_2": 360, "name_fr": "Colmars12", "name_nl": "Colmars12", "population": 0.0, "centroid_lat": 44.127466913, "centroid_lon": 6.678139248 }, "geometry": { "type": "Polygon", "coordinates": [ [ [ 6.694472415672696, 44.138180667401244 ], [ 6.725683050364269, 44.137123816719857 ], [ 6.724209956098965, 44.11464750798438 ], [ 6.693011625579188, 44.11570392837924 ], [ 6.694472415672696, 44.138180667401244 ] ] ] } },
{ "type": "Feature", "properties": { "id": 360, "left": 992993.4, "top": 6344600.1, "right": 995493.4, "bottom": 6342100.1, "grid_row": 8, "grid_col": 13, "id_2": 361, "name_fr": "Thorame-Haute16", "name_nl": "Thorame-Haute16", "population": 0.0, "centroid_lat": 44.104990086999997, "centroid_lon": 6.676685185 }, "geometry": { "type": "Polygon", "coordinates": [ [ [ 6.663260625722229, 44.139228634322279 ], [ 6.694472415672696, 44.138180667401244 ], [ 6.693011625579188, 44.11570392837924 ], [ 6.66181214116834, 44.11675146862234 ], [ 6.663260625722229, 44.139228634322279 ] ] ] } },
{ "type": "Feature", "properties": { "id": 361, "left": 992993.4, "top": 6342100.1, "right": 995493.4, "bottom": 6339600.1, "grid_row": 9, "grid_col": 13, "id_2": 361, "name_fr": "Thorame-Haute16", "name_nl": "Thorame-Haute16", "population": 0.0, "centroid_lat": 44.104990086999997, "centroid_lon": 6.676685185 }, "geometry": { "type": "Polygon", "coordinates": [ [ [ 6.66181214116834, 44.11675146862234 ], [ 6.693011625579188, 44.11570392837924 ], [ 6.69155198937711, 44.09322744214677 ], [ 6.660364800827748, 44.094274555894678 ], [ 6.66181214116834, 44.11675146862234 ] ] ] } },
{ "type": "Feature", "properties": { "id": 362, "left": 992993.4, "top": 6339600.1, "right": 995493.4, "bottom": 6337100.1, "grid_row": 10, "grid_col": 13, "id_2": 361, "name_fr": "Thorame-Haute16", "name_nl": "Thorame-Haute16", "population": 0.0, "centroid_lat": 44.104990086999997, "centroid_lon": 6.676685185 }, "geometry": { "type": "Polygon", "coordinates": [ [ [ 6.660364800827748, 44.094274555894678 ], [ 6.69155198937711, 44.09322744214677 ], [ 6.690093505700794, 44.070751212031418 ], [ 6.658918603346169, 44.071797899466723 ], [ 6.660364800827748, 44.094274555894678 ] ] ] } },
{ "type": "Feature", "properties": { "id": 335, "left": 990493.4, "top": 6339600.1, "right": 992993.4, "bottom": 6337100.1, "grid_row": 10, "grid_col": 12, "id_2": 362, "name_fr": "Thorame-Haute17", "name_nl": "Thorame-Haute17", "population": 0.0, "centroid_lat": 44.082513516, "centroid_lon": 6.675232271 }, "geometry": { "type": "Polygon", "coordinates": [ [ [ 6.629176469419726, 44.09531279259236 ], [ 6.660364800827748, 44.094274555894678 ], [ 6.658918603346169, 44.071797899466723 ], [ 6.62774255948503, 44.072835713457721 ], [ 6.629176469419726, 44.09531279259236 ] ] ] } },
{ "type": "Feature", "properties": { "id": 336, "left": 990493.4, "top": 6337100.1, "right": 992993.4, "bottom": 6334600.1, "grid_row": 11, "grid_col": 12, "id_2": 362, "name_fr": "Thorame-Haute17", "name_nl": "Thorame-Haute17", "population": 0.0, "centroid_lat": 44.082513516, "centroid_lon": 6.675232271 }, "geometry": { "type": "Polygon", "coordinates": [ [ [ 6.62774255948503, 44.072835713457721 ], [ 6.658918603346169, 44.071797899466723 ], [ 6.657473547371461, 44.049321502664462 ], [ 6.626309781399696, 44.05035889412968 ], [ 6.62774255948503, 44.072835713457721 ] ] ] } },
{ "type": "Feature", "properties": { "id": 362, "left": 992993.4, "top": 6339600.1, "right": 995493.4, "bottom": 6337100.1, "grid_row": 10, "grid_col": 13, "id_2": 362, "name_fr": "Thorame-Haute17", "name_nl": "Thorame-Haute17", "population": 0.0, "centroid_lat": 44.082513516, "centroid_lon": 6.675232271 }, "geometry": { "type": "Polygon", "coordinates": [ [ [ 6.660364800827748, 44.094274555894678 ], [ 6.69155198937711, 44.09322744214677 ], [ 6.690093505700794, 44.070751212031418 ], [ 6.658918603346169, 44.071797899466723 ], [ 6.660364800827748, 44.094274555894678 ] ] ] } },
{ "type": "Feature", "properties": { "id": 363, "left": 992993.4, "top": 6337100.1, "right": 995493.4, "bottom": 6334600.1, "grid_row": 11, "grid_col": 13, "id_2": 362, "name_fr": "Thorame-Haute17", "name_nl": "Thorame-Haute17", "population": 0.0, "centroid_lat": 44.082513516, "centroid_lon": 6.675232271 }, "geometry": { "type": "Polygon", "coordinates": [ [ [ 6.658918603346169, 44.071797899466723 ], [ 6.690093505700794, 44.070751212031418 ], [ 6.688636173186725, 44.048275241359356 ], [ 6.657473547371461, 44.049321502664462 ], [ 6.658918603346169, 44.071797899466723 ] ] ] } },
{ "type": "Feature", "properties": { "id": 336, "left": 990493.4, "top": 6337100.1, "right": 992993.4, "bottom": 6334600.1, "grid_row": 11, "grid_col": 12, "id_2": 363, "name_fr": "Méailles05", "name_nl": "Méailles05", "population": 0.0, "centroid_lat": 44.060037201999997, "centroid_lon": 6.673780503 }, "geometry": { "type": "Polygon", "coordinates": [ [ [ 6.62774255948503, 44.072835713457721 ], [ 6.658918603346169, 44.071797899466723 ], [ 6.657473547371461, 44.049321502664462 ], [ 6.626309781399696, 44.05035889412968 ], [ 6.62774255948503, 44.072835713457721 ] ] ] } },
{ "type": "Feature", "properties": { "id": 363, "left": 992993.4, "top": 6337100.1, "right": 995493.4, "bottom": 6334600.1, "grid_row": 11, "grid_col": 13, "id_2": 363, "name_fr": "Méailles05", "name_nl": "Méailles05", "population": 0.0, "centroid_lat": 44.060037201999997, "centroid_lon": 6.673780503 }, "geometry": { "type": "Polygon", "coordinates": [ [ [ 6.658918603346169, 44.071797899466723 ], [ 6.690093505700794, 44.070751212031418 ], [ 6.688636173186725, 44.048275241359356 ], [ 6.657473547371461, 44.049321502664462 ], [ 6.658918603346169, 44.071797899466723 ] ] ] } },
{ "type": "Feature", "properties": { "id": 364, "left": 992993.4, "top": 6334600.1, "right": 995493.4, "bottom": 6332100.1, "grid_row": 12, "grid_col": 13, "id_2": 363, "name_fr": "Méailles05", "name_nl": "Méailles05", "population": 0.0, "centroid_lat": 44.060037201999997, "centroid_lon": 6.673780503 }, "geometry": { "type": "Polygon", "coordinates": [ [ [ 6.657473547371461, 44.049321502664462 ], [ 6.688636173186725, 44.048275241359356 ], [ 6.687179990473535, 44.025799533455313 ], [ 6.656029631553607, 44.026845368812474 ], [ 6.657473547371461, 44.049321502664462 ] ] ] } },
{ "type": "Feature", "properties": { "id": 336, "left": 990493.4, "top": 6337100.1, "right": 992993.4, "bottom": 6334600.1, "grid_row": 11, "grid_col": 12, "id_2": 364, "name_fr": "Méailles06", "name_nl": "Méailles06", "population": 0.0, "centroid_lat": 44.037561148999998, "centroid_lon": 6.672329882 }, "geometry": { "type": "Polygon", "coordinates": [ [ [ 6.62774255948503, 44.072835713457721 ], [ 6.658918603346169, 44.071797899466723 ], [ 6.657473547371461, 44.049321502664462 ], [ 6.626309781399696, 44.05035889412968 ], [ 6.62774255948503, 44.072835713457721 ] ] ] } },
{ "type": "Feature", "properties": { "id": 337, "left": 990493.4, "top": 6334600.1, "right": 992993.4, "bottom": 6332100.1, "grid_row": 12, "grid_col": 12, "id_2": 364, "name_fr": "Méailles06", "name_nl": "Méailles06", "population": 0.0, "centroid_lat": 44.037561148999998, "centroid_lon": 6.672329882 }, "geometry": { "type": "Polygon", "coordinates": [ [ [ 6.626309781399696, 44.05035889412968 ], [ 6.657473547371461, 44.049321502664462 ], [ 6.656029631553607, 44.026845368812474 ], [ 6.624878133825066, 44.027882337932681 ], [ 6.626309781399696, 44.05035889412968 ] ] ] } },
{ "type": "Feature", "properties": { "id": 338, "left": 990493.4, "top": 6332100.1, "right": 992993.4, "bottom": 6329600.1, "grid_row": 13, "grid_col": 12, "id_2": 364, "name_fr": "Méailles06", "name_nl": "Méailles06", "population": 0.0, "centroid_lat": 44.037561148999998, "centroid_lon": 6.672329882 }, "geometry": { "type": "Polygon", "coordinates": [ [ [ 6.624878133825066, 44.027882337932681 ], [ 6.656029631553607, 44.026845368812474 ], [ 6.65458685454472, 44.004369501233974 ], [ 6.62344761542459, 44.005406048189734 ], [ 6.624878133825066, 44.027882337932681 ] ] ] } },
{ "type": "Feature", "properties": { "id": 363, "left": 992993.4, "top": 6337100.1, "right": 995493.4, "bottom": 6334600.1, "grid_row": 11, "grid_col": 13, "id_2": 364, "name_fr": "Méailles06", "name_nl": "Méailles06", "population": 0.0, "centroid_lat": 44.037561148999998, "centroid_lon": 6.672329882 }, "geometry": { "type": "Polygon", "coordinates": [ [ [ 6.658918603346169, 44.071797899466723 ], [ 6.690093505700794, 44.070751212031418 ], [ 6.688636173186725, 44.048275241359356 ], [ 6.657473547371461, 44.049321502664462 ], [ 6.658918603346169, 44.071797899466723 ] ] ] } },
{ "type": "Feature", "properties": { "id": 364, "left": 992993.4, "top": 6334600.1, "right": 995493.4, "bottom": 6332100.1, "grid_row": 12, "grid_col": 13, "id_2": 364, "name_fr": "Méailles06", "name_nl": "Méailles06", "population": 0.0, "centroid_lat": 44.037561148999998, "centroid_lon": 6.672329882 }, "geometry": { "type": "Polygon", "coordinates": [ [ [ 6.657473547371461, 44.049321502664462 ], [ 6.688636173186725, 44.048275241359356 ], [ 6.687179990473535, 44.025799533455313 ], [ 6.656029631553607, 44.026845368812474 ], [ 6.657473547371461, 44.049321502664462 ] ] ] } },
{ "type": "Feature", "properties": { "id": 365, "left": 992993.4, "top": 6332100.1, "right": 995493.4, "bottom": 6329600.1, "grid_row": 13, "grid_col": 13, "id_2": 364, "name_fr": "Méailles06", "name_nl": "Méailles06", "population": 0.0, "centroid_lat": 44.037561148999998, "centroid_lon": 6.672329882 }, "geometry": { "type": "Polygon", "coordinates": [ [ [ 6.656029631553607, 44.026845368812474 ], [ 6.687179990473535, 44.025799533455313 ], [ 6.685724956202002, 44.003324091642618 ], [ 6.65458685454472, 44.004369501233974 ], [ 6.656029631553607, 44.026845368812474 ] ] ] } },
{ "type": "Feature", "properties": { "id": 338, "left": 990493.4, "top": 6332100.1, "right": 992993.4, "bottom": 6329600.1, "grid_row": 13, "grid_col": 12, "id_2": 365, "name_fr": "Le Fugeret02", "name_nl": "Le Fugeret02", "population": 0.0, "centroid_lat": 44.015085360999997, "centroid_lon": 6.670880404 }, "geometry": { "type": "Polygon", "coordinates": [ [ [ 6.624878133825066, 44.027882337932681 ], [ 6.656029631553607, 44.026845368812474 ], [ 6.65458685454472, 44.004369501233974 ], [ 6.62344761542459, 44.005406048189734 ], [ 6.624878133825066, 44.027882337932681 ] ] ] } },
{ "type": "Feature", "properties": { "id": 365, "left": 992993.4, "top": 6332100.1, "right": 995493.4, "bottom": 6329600.1, "grid_row": 13, "grid_col": 13, "id_2": 365, "name_fr": "Le Fugeret02", "name_nl": "Le Fugeret02", "population": 0.0, "centroid_lat": 44.015085360999997, "centroid_lon": 6.670880404 }, "geometry": { "type": "Polygon", "coordinates": [ [ [ 6.656029631553607, 44.026845368812474 ], [ 6.687179990473535, 44.025799533455313 ], [ 6.685724956202002, 44.003324091642618 ], [ 6.65458685454472, 44.004369501233974 ], [ 6.656029631553607, 44.026845368812474 ] ] ] } },
{ "type": "Feature", "properties": { "id": 366, "left": 992993.4, "top": 6329600.1, "right": 995493.4, "bottom": 6327100.1, "grid_row": 14, "grid_col": 13, "id_2": 365, "name_fr": "Le Fugeret02", "name_nl": "Le Fugeret02", "population": 0.0, "centroid_lat": 44.015085360999997, "centroid_lon": 6.670880404 }, "geometry": { "type": "Polygon", "coordinates": [ [ [ 6.65458685454472, 44.004369501233974 ], [ 6.685724956202002, 44.003324091642618 ], [ 6.684271069015044, 43.980848919243179 ], [ 6.653145214999035, 43.981893903250707 ], [ 6.65458685454472, 44.004369501233974 ] ] ] } },
{ "type": "Feature", "properties": { "id": 366, "left": 992993.4, "top": 6329600.1, "right": 995493.4, "bottom": 6327100.1, "grid_row": 14, "grid_col": 13, "id_2": 366, "name_fr": "Annot02", "name_nl": "Annot02", "population": 3.0, "centroid_lat": 43.992609840999997, "centroid_lon": 6.669432069 }, "geometry": { "type": "Polygon", "coordinates": [ [ [ 6.65458685454472, 44.004369501233974 ], [ 6.685724956202002, 44.003324091642618 ], [ 6.684271069015044, 43.980848919243179 ], [ 6.653145214999035, 43.981893903250707 ], [ 6.65458685454472, 44.004369501233974 ] ] ] } },
{ "type": "Feature", "properties": { "id": 367, "left": 992993.4, "top": 6327100.1, "right": 995493.4, "bottom": 6324600.1, "grid_row": 15, "grid_col": 13, "id_2": 366, "name_fr": "Annot02", "name_nl": "Annot02", "population": 3.0, "centroid_lat": 43.992609840999997, "centroid_lon": 6.669432069 }, "geometry": { "type": "Polygon", "coordinates": [ [ [ 6.653145214999035, 43.981893903250707 ], [ 6.684271069015044, 43.980848919243179 ], [ 6.682818327557714, 43.958374019577498 ], [ 6.651704711572902, 43.959418578183005 ], [ 6.653145214999035, 43.981893903250707 ] ] ] } },
{ "type": "Feature", "properties": { "id": 367, "left": 992993.4, "top": 6327100.1, "right": 995493.4, "bottom": 6324600.1, "grid_row": 15, "grid_col": 13, "id_2": 367, "name_fr": "Annot03", "name_nl": "Annot03", "population": 963.0, "centroid_lat": 43.970134592000001, "centroid_lon": 6.667984877 }, "geometry": { "type": "Polygon", "coordinates": [ [ [ 6.653145214999035, 43.981893903250707 ], [ 6.684271069015044, 43.980848919243179 ], [ 6.682818327557714, 43.958374019577498 ], [ 6.651704711572902, 43.959418578183005 ], [ 6.653145214999035, 43.981893903250707 ] ] ] } },
{ "type": "Feature", "properties": { "id": 368, "left": 992993.4, "top": 6324600.1, "right": 995493.4, "bottom": 6322100.1, "grid_row": 16, "grid_col": 13, "id_2": 367, "name_fr": "Annot03", "name_nl": "Annot03", "population": 963.0, "centroid_lat": 43.970134592000001, "centroid_lon": 6.667984877 }, "geometry": { "type": "Polygon", "coordinates": [ [ [ 6.651704711572902, 43.959418578183005 ], [ 6.682818327557714, 43.958374019577498 ], [ 6.681366730477196, 43.935899395964626 ], [ 6.650265342924789, 43.936943529349783 ], [ 6.651704711572902, 43.959418578183005 ] ] ] } },
{ "type": "Feature", "properties": { "id": 368, "left": 992993.4, "top": 6324600.1, "right": 995493.4, "bottom": 6322100.1, "grid_row": 16, "grid_col": 13, "id_2": 368, "name_fr": "Annot04", "name_nl": "Annot04", "population": 12.0, "centroid_lat": 43.947659617, "centroid_lon": 6.666538824 }, "geometry": { "type": "Polygon", "coordinates": [ [ [ 6.651704711572902, 43.959418578183005 ], [ 6.682818327557714, 43.958374019577498 ], [ 6.681366730477196, 43.935899395964626 ], [ 6.650265342924789, 43.936943529349783 ], [ 6.651704711572902, 43.959418578183005 ] ] ] } },
{ "type": "Feature", "properties": { "id": 369, "left": 992993.4, "top": 6322100.1, "right": 995493.4, "bottom": 6319600.1, "grid_row": 17, "grid_col": 13, "id_2": 368, "name_fr": "Annot04", "name_nl": "Annot04", "population": 12.0, "centroid_lat": 43.947659617, "centroid_lon": 6.666538824 }, "geometry": { "type": "Polygon", "coordinates": [ [ [ 6.650265342924789, 43.936943529349783 ], [ 6.681366730477196, 43.935899395964626 ], [ 6.679916276422802, 43.9134250517222 ], [ 6.648827107715273, 43.914468760068559 ], [ 6.650265342924789, 43.936943529349783 ] ] ] } },
{ "type": "Feature", "properties": { "id": 369, "left": 992993.4, "top": 6322100.1, "right": 995493.4, "bottom": 6319600.1, "grid_row": 17, "grid_col": 13, "id_2": 369, "name_fr": "Ubraye01", "name_nl": "Ubraye01", "population": 24.0, "centroid_lat": 43.92518492, "centroid_lon": 6.66509391 }, "geometry": { "type": "Polygon", "coordinates": [ [ [ 6.650265342924789, 43.936943529349783 ], [ 6.681366730477196, 43.935899395964626 ], [ 6.679916276422802, 43.9134250517222 ], [ 6.648827107715273, 43.914468760068559 ], [ 6.650265342924789, 43.936943529349783 ] ] ] } },
{ "type": "Feature", "properties": { "id": 370, "left": 992993.4, "top": 6319600.1, "right": 995493.4, "bottom": 6317100.1, "grid_row": 18, "grid_col": 13, "id_2": 369, "name_fr": "Ubraye01", "name_nl": "Ubraye01", "population": 24.0, "centroid_lat": 43.92518492, "centroid_lon": 6.66509391 }, "geometry": { "type": "Polygon", "coordinates": [ [ [ 6.648827107715273, 43.914468760068559 ], [ 6.679916276422802, 43.9134250517222 ], [ 6.678466964045967, 43.890950990166466 ], [ 6.647390004607032, 43.891994273655385 ], [ 6.648827107715273, 43.914468760068559 ] ] ] } },
{ "type": "Feature", "properties": { "id": 370, "left": 992993.4, "top": 6319600.1, "right": 995493.4, "bottom": 6317100.1, "grid_row": 18, "grid_col": 13, "id_2": 370, "name_fr": "Ubraye02", "name_nl": "Ubraye02", "population": 13.0, "centroid_lat": 43.902710505000002, "centroid_lon": 6.663650134 }, "geometry": { "type": "Polygon", "coordinates": [ [ [ 6.648827107715273, 43.914468760068559 ], [ 6.679916276422802, 43.9134250517222 ], [ 6.678466964045967, 43.890950990166466 ], [ 6.647390004607032, 43.891994273655385 ], [ 6.648827107715273, 43.914468760068559 ] ] ] } },
{ "type": "Feature", "properties": { "id": 371, "left": 992993.4, "top": 6317100.1, "right": 995493.4, "bottom": 6314600.1, "grid_row": 19, "grid_col": 13, "id_2": 370, "name_fr": "Ubraye02", "name_nl": "Ubraye02", "population": 13.0, "centroid_lat": 43.902710505000002, "centroid_lon": 6.663650134 }, "geometry": { "type": "Polygon", "coordinates": [ [ [ 6.647390004607032, 43.891994273655385 ], [ 6.678466964045967, 43.890950990166466 ], [ 6.677018792000245, 43.868477214612227 ], [ 6.645954032264851, 43.869520073424901 ], [ 6.647390004607032, 43.891994273655385 ] ] ] } },
{ "type": "Feature", "properties": { "id": 344, "left": 990493.4, "top": 6317100.1, "right": 992993.4, "bottom": 6314600.1, "grid_row": 19, "grid_col": 12, "id_2": 371, "name_fr": "Soleilhas04", "name_nl": "Soleilhas04", "population": 1.0, "centroid_lat": 43.880236373000002, "centroid_lon": 6.662207494 }, "geometry": { "type": "Polygon", "coordinates": [ [ [ 6.616311914402386, 43.893028712492672 ], [ 6.647390004607032, 43.891994273655385 ], [ 6.645954032264851, 43.869520073424901 ], [ 6.614888143096866, 43.870554091178207 ], [ 6.616311914402386, 43.893028712492672 ] ] ] } },
{ "type": "Feature", "properties": { "id": 345, "left": 990493.4, "top": 6314600.1, "right": 992993.4, "bottom": 6312100.1, "grid_row": 20, "grid_col": 12, "id_2": 371, "name_fr": "Soleilhas04", "name_nl": "Soleilhas04", "population": 1.0, "centroid_lat": 43.880236373000002, "centroid_lon": 6.662207494 }, "geometry": { "type": "Polygon", "coordinates": [ [ [ 6.614888143096866, 43.870554091178207 ], [ 6.645954032264851, 43.869520073424901 ], [ 6.644519189355611, 43.847046162690397 ], [ 6.613465491668349, 43.848079759539267 ], [ 6.614888143096866, 43.870554091178207 ] ] ] } },
{ "type": "Feature", "properties": { "id": 371, "left": 992993.4, "top": 6317100.1, "right": 995493.4, "bottom": 6314600.1, "grid_row": 19, "grid_col": 13, "id_2": 371, "name_fr": "Soleilhas04", "name_nl": "Soleilhas04", "population": 1.0, "centroid_lat": 43.880236373000002, "centroid_lon": 6.662207494 }, "geometry": { "type": "Polygon", "coordinates": [ [ [ 6.647390004607032, 43.891994273655385 ], [ 6.678466964045967, 43.890950990166466 ], [ 6.677018792000245, 43.868477214612227 ], [ 6.645954032264851, 43.869520073424901 ], [ 6.647390004607032, 43.891994273655385 ] ] ] } },
{ "type": "Feature", "properties": { "id": 372, "left": 992993.4, "top": 6314600.1, "right": 995493.4, "bottom": 6312100.1, "grid_row": 20, "grid_col": 13, "id_2": 371, "name_fr": "Soleilhas04", "name_nl": "Soleilhas04", "population": 1.0, "centroid_lat": 43.880236373000002, "centroid_lon": 6.662207494 }, "geometry": { "type": "Polygon", "coordinates": [ [ [ 6.645954032264851, 43.869520073424901 ], [ 6.677018792000245, 43.868477214612227 ], [ 6.675571758941308, 43.84600372837285 ], [ 6.644519189355611, 43.847046162690397 ], [ 6.645954032264851, 43.869520073424901 ] ] ] } },
{ "type": "Feature", "properties": { "id": 398, "left": 995493.4, "top": 6317100.1, "right": 997993.4, "bottom": 6314600.1, "grid_row": 19, "grid_col": 14, "id_2": 371, "name_fr": "Soleilhas04", "name_nl": "Soleilhas04", "population": 1.0, "centroid_lat": 43.880236373000002, "centroid_lon": 6.662207494 }, "geometry": { "type": "Polygon", "coordinates": [ [ [ 6.678466964045967, 43.890950990166466 ], [ 6.709542783154141, 43.889898862527815 ], [ 6.708082412749208, 43.867425515241607 ], [ 6.677018792000245, 43.868477214612227 ], [ 6.678466964045967, 43.890950990166466 ] ] ] } },
{ "type": "Feature", "properties": { "id": 399, "left": 995493.4, "top": 6314600.1, "right": 997993.4, "bottom": 6312100.1, "grid_row": 20, "grid_col": 14, "id_2": 371, "name_fr": "Soleilhas04", "name_nl": "Soleilhas04", "population": 1.0, "centroid_lat": 43.880236373000002, "centroid_lon": 6.662207494 }, "geometry": { "type": "Polygon", "coordinates": [ [ [ 6.677018792000245, 43.868477214612227 ], [ 6.708082412749208, 43.867425515241607 ], [ 6.706623190882793, 43.844952457087672 ], [ 6.675571758941308, 43.84600372837285 ], [ 6.677018792000245, 43.868477214612227 ] ] ] } },
{ "type": "Feature", "properties": { "id": 345, "left": 990493.4, "top": 6314600.1, "right": 992993.4, "bottom": 6312100.1, "grid_row": 20, "grid_col": 12, "id_2": 372, "name_fr": "Soleilhas05", "name_nl": "Soleilhas05", "population": 108.0, "centroid_lat": 43.85776253, "centroid_lon": 6.660765989 }, "geometry": { "type": "Polygon", "coordinates": [ [ [ 6.614888143096866, 43.870554091178207 ], [ 6.645954032264851, 43.869520073424901 ], [ 6.644519189355611, 43.847046162690397 ], [ 6.613465491668349, 43.848079759539267 ], [ 6.614888143096866, 43.870554091178207 ] ] ] } },
{ "type": "Feature", "properties": { "id": 346, "left": 990493.4, "top": 6312100.1, "right": 992993.4, "bottom": 6309600.1, "grid_row": 21, "grid_col": 12, "id_2": 372, "name_fr": "Soleilhas05", "name_nl": "Soleilhas05", "population": 108.0, "centroid_lat": 43.85776253, "centroid_lon": 6.660765989 }, "geometry": { "type": "Polygon", "coordinates": [ [ [ 6.613465491668349, 43.848079759539267 ], [ 6.644519189355611, 43.847046162690397 ], [ 6.643085474548286, 43.824572544763647 ], [ 6.612043958797009, 43.825605720887488 ], [ 6.613465491668349, 43.848079759539267 ] ] ] } },
{ "type": "Feature", "properties": { "id": 372, "left": 992993.4, "top": 6314600.1, "right": 995493.4, "bottom": 6312100.1, "grid_row": 20, "grid_col": 13, "id_2": 372, "name_fr": "Soleilhas05", "name_nl": "Soleilhas05", "population": 108.0, "centroid_lat": 43.85776253, "centroid_lon": 6.660765989 }, "geometry": { "type": "Polygon", "coordinates": [ [ [ 6.645954032264851, 43.869520073424901 ], [ 6.677018792000245, 43.868477214612227 ], [ 6.675571758941308, 43.84600372837285 ], [ 6.644519189355611, 43.847046162690397 ], [ 6.645954032264851, 43.869520073424901 ] ] ] } },
{ "type": "Feature", "properties": { "id": 373, "left": 992993.4, "top": 6312100.1, "right": 995493.4, "bottom": 6309600.1, "grid_row": 21, "grid_col": 13, "id_2": 372, "name_fr": "Soleilhas05", "name_nl": "Soleilhas05", "population": 108.0, "centroid_lat": 43.85776253, "centroid_lon": 6.660765989 }, "geometry": { "type": "Polygon", "coordinates": [ [ [ 6.644519189355611, 43.847046162690397 ], [ 6.675571758941308, 43.84600372837285 ], [ 6.674125863526932, 43.823530534760295 ], [ 6.643085474548286, 43.824572544763647 ], [ 6.644519189355611, 43.847046162690397 ] ] ] } },
{ "type": "Feature", "properties": { "id": 399, "left": 995493.4, "top": 6314600.1, "right": 997993.4, "bottom": 6312100.1, "grid_row": 20, "grid_col": 14, "id_2": 372, "name_fr": "Soleilhas05", "name_nl": "Soleilhas05", "population": 108.0, "centroid_lat": 43.85776253, "centroid_lon": 6.660765989 }, "geometry": { "type": "Polygon", "coordinates": [ [ [ 6.677018792000245, 43.868477214612227 ], [ 6.708082412749208, 43.867425515241607 ], [ 6.706623190882793, 43.844952457087672 ], [ 6.675571758941308, 43.84600372837285 ], [ 6.677018792000245, 43.868477214612227 ] ] ] } },
{ "type": "Feature", "properties": { "id": 400, "left": 995493.4, "top": 6312100.1, "right": 997993.4, "bottom": 6309600.1, "grid_row": 21, "grid_col": 14, "id_2": 372, "name_fr": "Soleilhas05", "name_nl": "Soleilhas05", "population": 108.0, "centroid_lat": 43.85776253, "centroid_lon": 6.660765989 }, "geometry": { "type": "Polygon", "coordinates": [ [ [ 6.675571758941308, 43.84600372837285 ], [ 6.706623190882793, 43.844952457087672 ], [ 6.705165116201481, 43.822479691378092 ], [ 6.674125863526932, 43.823530534760295 ], [ 6.675571758941308, 43.84600372837285 ] ] ] } },
{ "type": "Feature", "properties": { "id": 373, "left": 992993.4, "top": 6312100.1, "right": 995493.4, "bottom": 6309600.1, "grid_row": 21, "grid_col": 13, "id_2": 373, "name_fr": "Soleilhas06", "name_nl": "Soleilhas06", "population": 0.0, "centroid_lat": 43.835288978000001, "centroid_lon": 6.659325617 }, "geometry": { "type": "Polygon", "coordinates": [ [ [ 6.644519189355611, 43.847046162690397 ], [ 6.675571758941308, 43.84600372837285 ], [ 6.674125863526932, 43.823530534760295 ], [ 6.643085474548286, 43.824572544763647 ], [ 6.644519189355611, 43.847046162690397 ] ] ] } },
{ "type": "Feature", "properties": { "id": 374, "left": 992993.4, "top": 6309600.1, "right": 995493.4, "bottom": 6307100.1, "grid_row": 22, "grid_col": 13, "id_2": 373, "name_fr": "Soleilhas06", "name_nl": "Soleilhas06", "population": 0.0, "centroid_lat": 43.835288978000001, "centroid_lon": 6.659325617 }, "geometry": { "type": "Polygon", "coordinates": [ [ [ 6.643085474548286, 43.824572544763647 ], [ 6.674125863526932, 43.823530534760295 ], [ 6.672681104417006, 43.801057637085101 ], [ 6.641652886513937, 43.802099222955015 ], [ 6.643085474548286, 43.824572544763647 ] ] ] } },
{ "type": "Feature", "properties": { "id": 374, "left": 992993.4, "top": 6309600.1, "right": 995493.4, "bottom": 6307100.1, "grid_row": 22, "grid_col": 13, "id_2": 374, "name_fr": "Peyroules04", "name_nl": "Peyroules04", "population": 33.0, "centroid_lat": 43.812815719, "centroid_lon": 6.657886377 }, "geometry": { "type": "Polygon", "coordinates": [ [ [ 6.643085474548286, 43.824572544763647 ], [ 6.674125863526932, 43.823530534760295 ], [ 6.672681104417006, 43.801057637085101 ], [ 6.641652886513937, 43.802099222955015 ], [ 6.643085474548286, 43.824572544763647 ] ] ] } },
{ "type": "Feature", "properties": { "id": 375, "left": 992993.4, "top": 6307100.1, "right": 995493.4, "bottom": 6304600.1, "grid_row": 23, "grid_col": 13, "id_2": 374, "name_fr": "Peyroules04", "name_nl": "Peyroules04", "population": 33.0, "centroid_lat": 43.812815719, "centroid_lon": 6.657886377 }, "geometry": { "type": "Polygon", "coordinates": [ [ [ 6.641652886513937, 43.802099222955015 ], [ 6.672681104417006, 43.801057637085101 ], [ 6.671237480273519, 43.778585038656352 ], [ 6.640221423925714, 43.779626200573482 ], [ 6.641652886513937, 43.802099222955015 ] ] ] } },
{ "type": "Feature", "properties": { "id": 375, "left": 992993.4, "top": 6307100.1, "right": 995493.4, "bottom": 6304600.1, "grid_row": 23, "grid_col": 13, "id_2": 375, "name_fr": "Peyroules05", "name_nl": "Peyroules05", "population": 4.0, "centroid_lat": 43.790342758999998, "centroid_lon": 6.656448269 }, "geometry": { "type": "Polygon", "coordinates": [ [ [ 6.641652886513937, 43.802099222955015 ], [ 6.672681104417006, 43.801057637085101 ], [ 6.671237480273519, 43.778585038656352 ], [ 6.640221423925714, 43.779626200573482 ], [ 6.641652886513937, 43.802099222955015 ] ] ] } },
{ "type": "Feature", "properties": { "id": 376, "left": 992993.4, "top": 6304600.1, "right": 995493.4, "bottom": 6302100.1, "grid_row": 24, "grid_col": 13, "id_2": 375, "name_fr": "Peyroules05", "name_nl": "Peyroules05", "population": 4.0, "centroid_lat": 43.790342758999998, "centroid_lon": 6.656448269 }, "geometry": { "type": "Polygon", "coordinates": [ [ [ 6.640221423925714, 43.779626200573482 ], [ 6.671237480273519, 43.778585038656352 ], [ 6.669794989760558, 43.756112742781738 ], [ 6.638791085458844, 43.757153480926569 ], [ 6.640221423925714, 43.779626200573482 ] ] ] } },
{ "type": "Feature", "properties": { "id": 353, "left": 992993.4, "top": 6362100.1, "right": 995493.4, "bottom": 6359600.1, "grid_row": 1, "grid_col": 13, "id_2": 380, "name_fr": "Allos22", "name_nl": "Allos22", "population": 0.0, "centroid_lat": 44.283756345999997, "centroid_lon": 6.71964139 }, "geometry": { "type": "Polygon", "coordinates": [ [ [ 6.673432169781489, 44.296575597644988 ], [ 6.704730370457418, 44.295524638849486 ], [ 6.703261464703481, 44.273046223591457 ], [ 6.671975637634483, 44.274096754425727 ], [ 6.673432169781489, 44.296575597644988 ] ] ] } },
{ "type": "Feature", "properties": { "id": 354, "left": 992993.4, "top": 6359600.1, "right": 995493.4, "bottom": 6357100.1, "grid_row": 2, "grid_col": 13, "id_2": 380, "name_fr": "Allos22", "name_nl": "Allos22", "population": 0.0, "centroid_lat": 44.283756345999997, "centroid_lon": 6.71964139 }, "geometry": { "type": "Polygon", "coordinates": [ [ [ 6.671975637634483, 44.274096754425727 ], [ 6.703261464703481, 44.273046223591457 ], [ 6.701793722461282, 44.250568037790416 ], [ 6.670520259240862, 44.251618140847214 ], [ 6.671975637634483, 44.274096754425727 ] ] ] } },
{ "type": "Feature", "properties": { "id": 380, "left": 995493.4, "top": 6362100.1, "right": 997993.4, "bottom": 6359600.1, "grid_row": 1, "grid_col": 14, "id_2": 380, "name_fr": "Allos22", "name_nl": "Allos22", "population": 0.0, "centroid_lat": 44.283756345999997, "centroid_lon": 6.71964139 }, "geometry": { "type": "Polygon", "coordinates": [ [ [ 6.704730370457418, 44.295524638849486 ], [ 6.736027406238931, 44.294464770990402 ], [ 6.734546128261107, 44.27198678731299 ], [ 6.703261464703481, 44.273046223591457 ], [ 6.704730370457418, 44.295524638849486 ] ] ] } },
{ "type": "Feature", "properties": { "id": 381, "left": 995493.4, "top": 6359600.1, "right": 997993.4, "bottom": 6357100.1, "grid_row": 2, "grid_col": 14, "id_2": 380, "name_fr": "Allos22", "name_nl": "Allos22", "population": 0.0, "centroid_lat": 44.283756345999997, "centroid_lon": 6.71964139 }, "geometry": { "type": "Polygon", "coordinates": [ [ [ 6.703261464703481, 44.273046223591457 ], [ 6.734546128261107, 44.27198678731299 ], [ 6.733066023551185, 44.249509032907206 ], [ 6.701793722461282, 44.250568037790416 ], [ 6.703261464703481, 44.273046223591457 ] ] ] } },
{ "type": "Feature", "properties": { "id": 407, "left": 997993.4, "top": 6362100.1, "right": 1000493.4, "bottom": 6359600.1, "grid_row": 1, "grid_col": 15, "id_2": 380, "name_fr": "Allos22", "name_nl": "Allos22", "population": 0.0, "centroid_lat": 44.283756345999997, "centroid_lon": 6.71964139 }, "geometry": { "type": "Polygon", "coordinates": [ [ [ 6.736027406238931, 44.294464770990402 ], [ 6.76732326735834, 44.293395994581353 ], [ 6.765829618551197, 44.270918446103501 ], [ 6.734546128261107, 44.27198678731299 ], [ 6.736027406238931, 44.294464770990402 ] ] ] } },
{ "type": "Feature", "properties": { "id": 408, "left": 997993.4, "top": 6359600.1, "right": 1000493.4, "bottom": 6357100.1, "grid_row": 2, "grid_col": 15, "id_2": 380, "name_fr": "Allos22", "name_nl": "Allos22", "population": 0.0, "centroid_lat": 44.283756345999997, "centroid_lon": 6.71964139 }, "geometry": { "type": "Polygon", "coordinates": [ [ [ 6.734546128261107, 44.27198678731299 ], [ 6.765829618551197, 44.270918446103501 ], [ 6.764337152765916, 44.248441126710389 ], [ 6.733066023551185, 44.249509032907206 ], [ 6.734546128261107, 44.27198678731299 ] ] ] } },
{ "type": "Feature", "properties": { "id": 354, "left": 992993.4, "top": 6359600.1, "right": 995493.4, "bottom": 6357100.1, "grid_row": 2, "grid_col": 13, "id_2": 381, "name_fr": "Allos23", "name_nl": "Allos23", "population": 0.0, "centroid_lat": 44.261278261000001, "centroid_lon": 6.718166882 }, "geometry": { "type": "Polygon", "coordinates": [ [ [ 6.671975637634483, 44.274096754425727 ], [ 6.703261464703481, 44.273046223591457 ], [ 6.701793722461282, 44.250568037790416 ], [ 6.670520259240862, 44.251618140847214 ], [ 6.671975637634483, 44.274096754425727 ] ] ] } },
{ "type": "Feature", "properties": { "id": 355, "left": 992993.4, "top": 6357100.1, "right": 995493.4, "bottom": 6354600.1, "grid_row": 3, "grid_col": 13, "id_2": 381, "name_fr": "Allos23", "name_nl": "Allos23", "population": 0.0, "centroid_lat": 44.261278261000001, "centroid_lon": 6.718166882 }, "geometry": { "type": "Polygon", "coordinates": [ [ [ 6.670520259240862, 44.251618140847214 ], [ 6.701793722461282, 44.250568037790416 ], [ 6.700327142349965, 44.228090084783773 ], [ 6.669066033231284, 44.229139760246767 ], [ 6.670520259240862, 44.251618140847214 ] ] ] } },
{ "type": "Feature", "properties": { "id": 381, "left": 995493.4, "top": 6359600.1, "right": 997993.4, "bottom": 6357100.1, "grid_row": 2, "grid_col": 14, "id_2": 381, "name_fr": "Allos23", "name_nl": "Allos23", "population": 0.0, "centroid_lat": 44.261278261000001, "centroid_lon": 6.718166882 }, "geometry": { "type": "Polygon", "coordinates": [ [ [ 6.703261464703481, 44.273046223591457 ], [ 6.734546128261107, 44.27198678731299 ], [ 6.733066023551185, 44.249509032907206 ], [ 6.701793722461282, 44.250568037790416 ], [ 6.703261464703481, 44.273046223591457 ] ] ] } },
{ "type": "Feature", "properties": { "id": 382, "left": 995493.4, "top": 6357100.1, "right": 997993.4, "bottom": 6354600.1, "grid_row": 3, "grid_col": 14, "id_2": 381, "name_fr": "Allos23", "name_nl": "Allos23", "population": 0.0, "centroid_lat": 44.261278261000001, "centroid_lon": 6.718166882 }, "geometry": { "type": "Polygon", "coordinates": [ [ [ 6.701793722461282, 44.250568037790416 ], [ 6.733066023551185, 44.249509032907206 ], [ 6.731587090716801, 44.227031511110674 ], [ 6.700327142349965, 44.228090084783773 ], [ 6.701793722461282, 44.250568037790416 ] ] ] } },
{ "type": "Feature", "properties": { "id": 408, "left": 997993.4, "top": 6359600.1, "right": 1000493.4, "bottom": 6357100.1, "grid_row": 2, "grid_col": 15, "id_2": 381, "name_fr": "Allos23", "name_nl": "Allos23", "population": 0.0, "centroid_lat": 44.261278261000001, "centroid_lon": 6.718166882 }, "geometry": { "type": "Polygon", "coordinates": [ [ [ 6.734546128261107, 44.27198678731299 ], [ 6.765829618551197, 44.270918446103501 ], [ 6.764337152765916, 44.248441126710389 ], [ 6.733066023551185, 44.249509032907206 ], [ 6.734546128261107, 44.27198678731299 ] ] ] } },
{ "type": "Feature", "properties": { "id": 409, "left": 997993.4, "top": 6357100.1, "right": 1000493.4, "bottom": 6354600.1, "grid_row": 3, "grid_col": 15, "id_2": 381, "name_fr": "Allos23", "name_nl": "Allos23", "population": 0.0, "centroid_lat": 44.261278261000001, "centroid_lon": 6.718166882 }, "geometry": { "type": "Polygon", "coordinates": [ [ [ 6.733066023551185, 44.249509032907206 ], [ 6.764337152765916, 44.248441126710389 ], [ 6.762845868598629, 44.225964039739829 ], [ 6.731587090716801, 44.227031511110674 ], [ 6.733066023551185, 44.249509032907206 ] ] ] } },
{ "type": "Feature", "properties": { "id": 355, "left": 992993.4, "top": 6357100.1, "right": 995493.4, "bottom": 6354600.1, "grid_row": 3, "grid_col": 13, "id_2": 382, "name_fr": "Allos24", "name_nl": "Allos24", "population": 0.0, "centroid_lat": 44.238800407, "centroid_lon": 6.716693542 }, "geometry": { "type": "Polygon", "coordinates": [ [ [ 6.670520259240862, 44.251618140847214 ], [ 6.701793722461282, 44.250568037790416 ], [ 6.700327142349965, 44.228090084783773 ], [ 6.669066033231284, 44.229139760246767 ], [ 6.670520259240862, 44.251618140847214 ] ] ] } },
{ "type": "Feature", "properties": { "id": 356, "left": 992993.4, "top": 6354600.1, "right": 995493.4, "bottom": 6352100.1, "grid_row": 4, "grid_col": 13, "id_2": 382, "name_fr": "Allos24", "name_nl": "Allos24", "population": 0.0, "centroid_lat": 44.238800407, "centroid_lon": 6.716693542 }, "geometry": { "type": "Polygon", "coordinates": [ [ [ 6.669066033231284, 44.229139760246767 ], [ 6.700327142349965, 44.228090084783773 ], [ 6.698861722990856, 44.205612367907612 ], [ 6.667612958238572, 44.206661615960272 ], [ 6.669066033231284, 44.229139760246767 ] ] ] } },
{ "type": "Feature", "properties": { "id": 382, "left": 995493.4, "top": 6357100.1, "right": 997993.4, "bottom": 6354600.1, "grid_row": 3, "grid_col": 14, "id_2": 382, "name_fr": "Allos24", "name_nl": "Allos24", "population": 0.0, "centroid_lat": 44.238800407, "centroid_lon": 6.716693542 }, "geometry": { "type": "Polygon", "coordinates": [ [ [ 6.701793722461282, 44.250568037790416 ], [ 6.733066023551185, 44.249509032907206 ], [ 6.731587090716801, 44.227031511110674 ], [ 6.700327142349965, 44.228090084783773 ], [ 6.701793722461282, 44.250568037790416 ] ] ] } },
{ "type": "Feature", "properties": { "id": 383, "left": 995493.4, "top": 6354600.1, "right": 997993.4, "bottom": 6352100.1, "grid_row": 4, "grid_col": 14, "id_2": 382, "name_fr": "Allos24", "name_nl": "Allos24", "population": 0.0, "centroid_lat": 44.238800407, "centroid_lon": 6.716693542 }, "geometry": { "type": "Polygon", "coordinates": [ [ [ 6.700327142349965, 44.228090084783773 ], [ 6.731587090716801, 44.227031511110674 ], [ 6.73010932836779, 44.204554225259578 ], [ 6.698861722990856, 44.205612367907612 ], [ 6.700327142349965, 44.228090084783773 ] ] ] } },
{ "type": "Feature", "properties": { "id": 409, "left": 997993.4, "top": 6357100.1, "right": 1000493.4, "bottom": 6354600.1, "grid_row": 3, "grid_col": 15, "id_2": 382, "name_fr": "Allos24", "name_nl": "Allos24", "population": 0.0, "centroid_lat": 44.238800407, "centroid_lon": 6.716693542 }, "geometry": { "type": "Polygon", "coordinates": [ [ [ 6.733066023551185, 44.249509032907206 ], [ 6.764337152765916, 44.248441126710389 ], [ 6.762845868598629, 44.225964039739829 ], [ 6.731587090716801, 44.227031511110674 ], [ 6.733066023551185, 44.249509032907206 ] ] ] } },
{ "type": "Feature", "properties": { "id": 410, "left": 997993.4, "top": 6354600.1, "right": 1000493.4, "bottom": 6352100.1, "grid_row": 4, "grid_col": 15, "id_2": 382, "name_fr": "Allos24", "name_nl": "Allos24", "population": 0.0, "centroid_lat": 44.238800407, "centroid_lon": 6.716693542 }, "geometry": { "type": "Polygon", "coordinates": [ [ [ 6.731587090716801, 44.227031511110674 ], [ 6.762845868598629, 44.225964039739829 ], [ 6.761355764647684, 44.203487188528122 ], [ 6.73010932836779, 44.204554225259578 ], [ 6.731587090716801, 44.227031511110674 ] ] ] } },
{ "type": "Feature", "properties": { "id": 356, "left": 992993.4, "top": 6354600.1, "right": 995493.4, "bottom": 6352100.1, "grid_row": 4, "grid_col": 13, "id_2": 383, "name_fr": "Colmars13", "name_nl": "Colmars13", "population": 0.0, "centroid_lat": 44.216322787000003, "centroid_lon": 6.715221368 }, "geometry": { "type": "Polygon", "coordinates": [ [ [ 6.669066033231284, 44.229139760246767 ], [ 6.700327142349965, 44.228090084783773 ], [ 6.698861722990856, 44.205612367907612 ], [ 6.667612958238572, 44.206661615960272 ], [ 6.669066033231284, 44.229139760246767 ] ] ] } },
{ "type": "Feature", "properties": { "id": 357, "left": 992993.4, "top": 6352100.1, "right": 995493.4, "bottom": 6349600.1, "grid_row": 5, "grid_col": 13, "id_2": 383, "name_fr": "Colmars13", "name_nl": "Colmars13", "population": 0.0, "centroid_lat": 44.216322787000003, "centroid_lon": 6.715221368 }, "geometry": { "type": "Polygon", "coordinates": [ [ [ 6.667612958238572, 44.206661615960272 ], [ 6.698861722990856, 44.205612367907612 ], [ 6.697397463007461, 44.183134890496532 ], [ 6.666161032897708, 44.184183711322191 ], [ 6.667612958238572, 44.206661615960272 ] ] ] } },
{ "type": "Feature", "properties": { "id": 383, "left": 995493.4, "top": 6354600.1, "right": 997993.4, "bottom": 6352100.1, "grid_row": 4, "grid_col": 14, "id_2": 383, "name_fr": "Colmars13", "name_nl": "Colmars13", "population": 0.0, "centroid_lat": 44.216322787000003, "centroid_lon": 6.715221368 }, "geometry": { "type": "Polygon", "coordinates": [ [ [ 6.700327142349965, 44.228090084783773 ], [ 6.731587090716801, 44.227031511110674 ], [ 6.73010932836779, 44.204554225259578 ], [ 6.698861722990856, 44.205612367907612 ], [ 6.700327142349965, 44.228090084783773 ] ] ] } },
{ "type": "Feature", "properties": { "id": 384, "left": 995493.4, "top": 6352100.1, "right": 997993.4, "bottom": 6349600.1, "grid_row": 5, "grid_col": 14, "id_2": 383, "name_fr": "Colmars13", "name_nl": "Colmars13", "population": 0.0, "centroid_lat": 44.216322787000003, "centroid_lon": 6.715221368 }, "geometry": { "type": "Polygon", "coordinates": [ [ [ 6.698861722990856, 44.205612367907612 ], [ 6.73010932836779, 44.204554225259578 ], [ 6.728632735116184, 44.182077178688743 ], [ 6.697397463007461, 44.183134890496532 ], [ 6.698861722990856, 44.205612367907612 ] ] ] } },
{ "type": "Feature", "properties": { "id": 410, "left": 997993.4, "top": 6354600.1, "right": 1000493.4, "bottom": 6352100.1, "grid_row": 4, "grid_col": 15, "id_2": 383, "name_fr": "Colmars13", "name_nl": "Colmars13", "population": 0.0, "centroid_lat": 44.216322787000003, "centroid_lon": 6.715221368 }, "geometry": { "type": "Polygon", "coordinates": [ [ [ 6.731587090716801, 44.227031511110674 ], [ 6.762845868598629, 44.225964039739829 ], [ 6.761355764647684, 44.203487188528122 ], [ 6.73010932836779, 44.204554225259578 ], [ 6.731587090716801, 44.227031511110674 ] ] ] } },
{ "type": "Feature", "properties": { "id": 411, "left": 997993.4, "top": 6352100.1, "right": 1000493.4, "bottom": 6349600.1, "grid_row": 5, "grid_col": 15, "id_2": 383, "name_fr": "Colmars13", "name_nl": "Colmars13", "population": 0.0, "centroid_lat": 44.216322787000003, "centroid_lon": 6.715221368 }, "geometry": { "type": "Polygon", "coordinates": [ [ [ 6.73010932836779, 44.204554225259578 ], [ 6.761355764647684, 44.203487188528122 ], [ 6.759866839513642, 44.18101057641028 ], [ 6.728632735116184, 44.182077178688743 ], [ 6.73010932836779, 44.204554225259578 ] ] ] } },
{ "type": "Feature", "properties": { "id": 357, "left": 992993.4, "top": 6352100.1, "right": 995493.4, "bottom": 6349600.1, "grid_row": 5, "grid_col": 13, "id_2": 384, "name_fr": "Colmars14", "name_nl": "Colmars14", "population": 0.0, "centroid_lat": 44.193845404999998, "centroid_lon": 6.713750359 }, "geometry": { "type": "Polygon", "coordinates": [ [ [ 6.667612958238572, 44.206661615960272 ], [ 6.698861722990856, 44.205612367907612 ], [ 6.697397463007461, 44.183134890496532 ], [ 6.666161032897708, 44.184183711322191 ], [ 6.667612958238572, 44.206661615960272 ] ] ] } },
{ "type": "Feature", "properties": { "id": 358, "left": 992993.4, "top": 6349600.1, "right": 995493.4, "bottom": 6347100.1, "grid_row": 6, "grid_col": 13, "id_2": 384, "name_fr": "Colmars14", "name_nl": "Colmars14", "population": 0.0, "centroid_lat": 44.193845404999998, "centroid_lon": 6.713750359 }, "geometry": { "type": "Polygon", "coordinates": [ [ [ 6.666161032897708, 44.184183711322191 ], [ 6.697397463007461, 44.183134890496532 ], [ 6.695934361025458, 44.160657655883817 ], [ 6.66471025584583, 44.161706049665646 ], [ 6.666161032897708, 44.184183711322191 ] ] ] } },
{ "type": "Feature", "properties": { "id": 384, "left": 995493.4, "top": 6352100.1, "right": 997993.4, "bottom": 6349600.1, "grid_row": 5, "grid_col": 14, "id_2": 384, "name_fr": "Colmars14", "name_nl": "Colmars14", "population": 0.0, "centroid_lat": 44.193845404999998, "centroid_lon": 6.713750359 }, "geometry": { "type": "Polygon", "coordinates": [ [ [ 6.698861722990856, 44.205612367907612 ], [ 6.73010932836779, 44.204554225259578 ], [ 6.728632735116184, 44.182077178688743 ], [ 6.697397463007461, 44.183134890496532 ], [ 6.698861722990856, 44.205612367907612 ] ] ] } },
{ "type": "Feature", "properties": { "id": 385, "left": 995493.4, "top": 6349600.1, "right": 997993.4, "bottom": 6347100.1, "grid_row": 6, "grid_col": 14, "id_2": 384, "name_fr": "Colmars14", "name_nl": "Colmars14", "population": 0.0, "centroid_lat": 44.193845404999998, "centroid_lon": 6.713750359 }, "geometry": { "type": "Polygon", "coordinates": [ [ [ 6.697397463007461, 44.183134890496532 ], [ 6.728632735116184, 44.182077178688743 ], [ 6.727157309576207, 44.159600374731497 ], [ 6.695934361025458, 44.160657655883817 ], [ 6.697397463007461, 44.183134890496532 ] ] ] } },
{ "type": "Feature", "properties": { "id": 411, "left": 997993.4, "top": 6352100.1, "right": 1000493.4, "bottom": 6349600.1, "grid_row": 5, "grid_col": 15, "id_2": 384, "name_fr": "Colmars14", "name_nl": "Colmars14", "population": 0.0, "centroid_lat": 44.193845404999998, "centroid_lon": 6.713750359 }, "geometry": { "type": "Polygon", "coordinates": [ [ [ 6.73010932836779, 44.204554225259578 ], [ 6.761355764647684, 44.203487188528122 ], [ 6.759866839513642, 44.18101057641028 ], [ 6.728632735116184, 44.182077178688743 ], [ 6.73010932836779, 44.204554225259578 ] ] ] } },
{ "type": "Feature", "properties": { "id": 358, "left": 992993.4, "top": 6349600.1, "right": 995493.4, "bottom": 6347100.1, "grid_row": 6, "grid_col": 13, "id_2": 385, "name_fr": "Colmars15", "name_nl": "Colmars15", "population": 0.0, "centroid_lat": 44.171368264000002, "centroid_lon": 6.712280514 }, "geometry": { "type": "Polygon", "coordinates": [ [ [ 6.666161032897708, 44.184183711322191 ], [ 6.697397463007461, 44.183134890496532 ], [ 6.695934361025458, 44.160657655883817 ], [ 6.66471025584583, 44.161706049665646 ], [ 6.666161032897708, 44.184183711322191 ] ] ] } },
{ "type": "Feature", "properties": { "id": 359, "left": 992993.4, "top": 6347100.1, "right": 995493.4, "bottom": 6344600.1, "grid_row": 7, "grid_col": 13, "id_2": 385, "name_fr": "Colmars15", "name_nl": "Colmars15", "population": 0.0, "centroid_lat": 44.171368264000002, "centroid_lon": 6.712280514 }, "geometry": { "type": "Polygon", "coordinates": [ [ [ 6.66471025584583, 44.161706049665646 ], [ 6.695934361025458, 44.160657655883817 ], [ 6.694472415672696, 44.138180667401244 ], [ 6.663260625722229, 44.139228634322279 ], [ 6.66471025584583, 44.161706049665646 ] ] ] } },
{ "type": "Feature", "properties": { "id": 385, "left": 995493.4, "top": 6349600.1, "right": 997993.4, "bottom": 6347100.1, "grid_row": 6, "grid_col": 14, "id_2": 385, "name_fr": "Colmars15", "name_nl": "Colmars15", "population": 0.0, "centroid_lat": 44.171368264000002, "centroid_lon": 6.712280514 }, "geometry": { "type": "Polygon", "coordinates": [ [ [ 6.697397463007461, 44.183134890496532 ], [ 6.728632735116184, 44.182077178688743 ], [ 6.727157309576207, 44.159600374731497 ], [ 6.695934361025458, 44.160657655883817 ], [ 6.697397463007461, 44.183134890496532 ] ] ] } },
{ "type": "Feature", "properties": { "id": 386, "left": 995493.4, "top": 6347100.1, "right": 997993.4, "bottom": 6344600.1, "grid_row": 7, "grid_col": 14, "id_2": 385, "name_fr": "Colmars15", "name_nl": "Colmars15", "population": 0.0, "centroid_lat": 44.171368264000002, "centroid_lon": 6.712280514 }, "geometry": { "type": "Polygon", "coordinates": [ [ [ 6.695934361025458, 44.160657655883817 ], [ 6.727157309576207, 44.159600374731497 ], [ 6.725683050364269, 44.137123816719857 ], [ 6.694472415672696, 44.138180667401244 ], [ 6.695934361025458, 44.160657655883817 ] ] ] } },
{ "type": "Feature", "properties": { "id": 386, "left": 995493.4, "top": 6347100.1, "right": 997993.4, "bottom": 6344600.1, "grid_row": 7, "grid_col": 14, "id_2": 386, "name_fr": "Colmars16", "name_nl": "Colmars16", "population": 0.0, "centroid_lat": 44.148891368000001, "centroid_lon": 6.710811831 }, "geometry": { "type": "Polygon", "coordinates": [ [ [ 6.695934361025458, 44.160657655883817 ], [ 6.727157309576207, 44.159600374731497 ], [ 6.725683050364269, 44.137123816719857 ], [ 6.694472415672696, 44.138180667401244 ], [ 6.695934361025458, 44.160657655883817 ] ] ] } },
{ "type": "Feature", "properties": { "id": 387, "left": 995493.4, "top": 6344600.1, "right": 997993.4, "bottom": 6342100.1, "grid_row": 8, "grid_col": 14, "id_2": 386, "name_fr": "Colmars16", "name_nl": "Colmars16", "population": 0.0, "centroid_lat": 44.148891368000001, "centroid_lon": 6.710811831 }, "geometry": { "type": "Polygon", "coordinates": [ [ [ 6.694472415672696, 44.138180667401244 ], [ 6.725683050364269, 44.137123816719857 ], [ 6.724209956098965, 44.11464750798438 ], [ 6.693011625579188, 44.11570392837924 ], [ 6.694472415672696, 44.138180667401244 ] ] ] } },
{ "type": "Feature", "properties": { "id": 413, "left": 997993.4, "top": 6347100.1, "right": 1000493.4, "bottom": 6344600.1, "grid_row": 7, "grid_col": 15, "id_2": 386, "name_fr": "Colmars16", "name_nl": "Colmars16", "population": 0.0, "centroid_lat": 44.148891368000001, "centroid_lon": 6.710811831 }, "geometry": { "type": "Polygon", "coordinates": [ [ [ 6.727157309576207, 44.159600374731497 ], [ 6.758379091799278, 44.158534206719793 ], [ 6.756892520109571, 44.136058082788821 ], [ 6.725683050364269, 44.137123816719857 ], [ 6.727157309576207, 44.159600374731497 ] ] ] } },
{ "type": "Feature", "properties": { "id": 414, "left": 997993.4, "top": 6344600.1, "right": 1000493.4, "bottom": 6342100.1, "grid_row": 8, "grid_col": 15, "id_2": 386, "name_fr": "Colmars16", "name_nl": "Colmars16", "population": 0.0, "centroid_lat": 44.148891368000001, "centroid_lon": 6.710811831 }, "geometry": { "type": "Polygon", "coordinates": [ [ [ 6.725683050364269, 44.137123816719857 ], [ 6.756892520109571, 44.136058082788821 ], [ 6.755407123051698, 44.113582207948042 ], [ 6.724209956098965, 44.11464750798438 ], [ 6.725683050364269, 44.137123816719857 ] ] ] } },
{ "type": "Feature", "properties": { "id": 360, "left": 992993.4, "top": 6344600.1, "right": 995493.4, "bottom": 6342100.1, "grid_row": 8, "grid_col": 13, "id_2": 387, "name_fr": "Colmars17", "name_nl": "Colmars17", "population": 0.0, "centroid_lat": 44.126414719000003, "centroid_lon": 6.709344309 }, "geometry": { "type": "Polygon", "coordinates": [ [ [ 6.663260625722229, 44.139228634322279 ], [ 6.694472415672696, 44.138180667401244 ], [ 6.693011625579188, 44.11570392837924 ], [ 6.66181214116834, 44.11675146862234 ], [ 6.663260625722229, 44.139228634322279 ] ] ] } },
{ "type": "Feature", "properties": { "id": 387, "left": 995493.4, "top": 6344600.1, "right": 997993.4, "bottom": 6342100.1, "grid_row": 8, "grid_col": 14, "id_2": 387, "name_fr": "Colmars17", "name_nl": "Colmars17", "population": 0.0, "centroid_lat": 44.126414719000003, "centroid_lon": 6.709344309 }, "geometry": { "type": "Polygon", "coordinates": [ [ [ 6.694472415672696, 44.138180667401244 ], [ 6.725683050364269, 44.137123816719857 ], [ 6.724209956098965, 44.11464750798438 ], [ 6.693011625579188, 44.11570392837924 ], [ 6.694472415672696, 44.138180667401244 ] ] ] } },
{ "type": "Feature", "properties": { "id": 388, "left": 995493.4, "top": 6342100.1, "right": 997993.4, "bottom": 6339600.1, "grid_row": 9, "grid_col": 14, "id_2": 387, "name_fr": "Colmars17", "name_nl": "Colmars17", "population": 0.0, "centroid_lat": 44.126414719000003, "centroid_lon": 6.709344309 }, "geometry": { "type": "Polygon", "coordinates": [ [ [ 6.693011625579188, 44.11570392837924 ], [ 6.724209956098965, 44.11464750798438 ], [ 6.72273802540107, 44.092171451854171 ], [ 6.69155198937711, 44.09322744214677 ], [ 6.693011625579188, 44.11570392837924 ] ] ] } },
{ "type": "Feature", "properties": { "id": 414, "left": 997993.4, "top": 6344600.1, "right": 1000493.4, "bottom": 6342100.1, "grid_row": 8, "grid_col": 15, "id_2": 387, "name_fr": "Colmars17", "name_nl": "Colmars17", "population": 0.0, "centroid_lat": 44.126414719000003, "centroid_lon": 6.709344309 }, "geometry": { "type": "Polygon", "coordinates": [ [ [ 6.725683050364269, 44.137123816719857 ], [ 6.756892520109571, 44.136058082788821 ], [ 6.755407123051698, 44.113582207948042 ], [ 6.724209956098965, 44.11464750798438 ], [ 6.725683050364269, 44.137123816719857 ] ] ] } },
{ "type": "Feature", "properties": { "id": 415, "left": 997993.4, "top": 6342100.1, "right": 1000493.4, "bottom": 6339600.1, "grid_row": 9, "grid_col": 15, "id_2": 387, "name_fr": "Colmars17", "name_nl": "Colmars17", "population": 0.0, "centroid_lat": 44.126414719000003, "centroid_lon": 6.709344309 }, "geometry": { "type": "Polygon", "coordinates": [ [ [ 6.724209956098965, 44.11464750798438 ], [ 6.755407123051698, 44.113582207948042 ], [ 6.753922899235034, 44.091106585526767 ], [ 6.72273802540107, 44.092171451854171 ], [ 6.724209956098965, 44.11464750798438 ] ] ] } },
{ "type": "Feature", "properties": { "id": 360, "left": 992993.4, "top": 6344600.1, "right": 995493.4, "bottom": 6342100.1, "grid_row": 8, "grid_col": 13, "id_2": 388, "name_fr": "Colmars18", "name_nl": "Colmars18", "population": 0.0, "centroid_lat": 44.103938321000001, "centroid_lon": 6.707877946 }, "geometry": { "type": "Polygon", "coordinates": [ [ [ 6.663260625722229, 44.139228634322279 ], [ 6.694472415672696, 44.138180667401244 ], [ 6.693011625579188, 44.11570392837924 ], [ 6.66181214116834, 44.11675146862234 ], [ 6.663260625722229, 44.139228634322279 ] ] ] } },
{ "type": "Feature", "properties": { "id": 361, "left": 992993.4, "top": 6342100.1, "right": 995493.4, "bottom": 6339600.1, "grid_row": 9, "grid_col": 13, "id_2": 388, "name_fr": "Colmars18", "name_nl": "Colmars18", "population": 0.0, "centroid_lat": 44.103938321000001, "centroid_lon": 6.707877946 }, "geometry": { "type": "Polygon", "coordinates": [ [ [ 6.66181214116834, 44.11675146862234 ], [ 6.693011625579188, 44.11570392837924 ], [ 6.69155198937711, 44.09322744214677 ], [ 6.660364800827748, 44.094274555894678 ], [ 6.66181214116834, 44.11675146862234 ] ] ] } },
{ "type": "Feature", "properties": { "id": 362, "left": 992993.4, "top": 6339600.1, "right": 995493.4, "bottom": 6337100.1, "grid_row": 10, "grid_col": 13, "id_2": 388, "name_fr": "Colmars18", "name_nl": "Colmars18", "population": 0.0, "centroid_lat": 44.103938321000001, "centroid_lon": 6.707877946 }, "geometry": { "type": "Polygon", "coordinates": [ [ [ 6.660364800827748, 44.094274555894678 ], [ 6.69155198937711, 44.09322744214677 ], [ 6.690093505700794, 44.070751212031418 ], [ 6.658918603346169, 44.071797899466723 ], [ 6.660364800827748, 44.094274555894678 ] ] ] } },
{ "type": "Feature", "properties": { "id": 387, "left": 995493.4, "top": 6344600.1, "right": 997993.4, "bottom": 6342100.1, "grid_row": 8, "grid_col": 14, "id_2": 388, "name_fr": "Colmars18", "name_nl": "Colmars18", "population": 0.0, "centroid_lat": 44.103938321000001, "centroid_lon": 6.707877946 }, "geometry": { "type": "Polygon", "coordinates": [ [ [ 6.694472415672696, 44.138180667401244 ], [ 6.725683050364269, 44.137123816719857 ], [ 6.724209956098965, 44.11464750798438 ], [ 6.693011625579188, 44.11570392837924 ], [ 6.694472415672696, 44.138180667401244 ] ] ] } },
{ "type": "Feature", "properties": { "id": 388, "left": 995493.4, "top": 6342100.1, "right": 997993.4, "bottom": 6339600.1, "grid_row": 9, "grid_col": 14, "id_2": 388, "name_fr": "Colmars18", "name_nl": "Colmars18", "population": 0.0, "centroid_lat": 44.103938321000001, "centroid_lon": 6.707877946 }, "geometry": { "type": "Polygon", "coordinates": [ [ [ 6.693011625579188, 44.11570392837924 ], [ 6.724209956098965, 44.11464750798438 ], [ 6.72273802540107, 44.092171451854171 ], [ 6.69155198937711, 44.09322744214677 ], [ 6.693011625579188, 44.11570392837924 ] ] ] } },
{ "type": "Feature", "properties": { "id": 389, "left": 995493.4, "top": 6339600.1, "right": 997993.4, "bottom": 6337100.1, "grid_row": 10, "grid_col": 14, "id_2": 388, "name_fr": "Colmars18", "name_nl": "Colmars18", "population": 0.0, "centroid_lat": 44.103938321000001, "centroid_lon": 6.707877946 }, "geometry": { "type": "Polygon", "coordinates": [ [ [ 6.69155198937711, 44.09322744214677 ], [ 6.72273802540107, 44.092171451854171 ], [ 6.721267256893531, 44.069695651657 ], [ 6.690093505700794, 44.070751212031418 ], [ 6.69155198937711, 44.09322744214677 ] ] ] } },
{ "type": "Feature", "properties": { "id": 362, "left": 992993.4, "top": 6339600.1, "right": 995493.4, "bottom": 6337100.1, "grid_row": 10, "grid_col": 13, "id_2": 389, "name_fr": "Castellet-lès-Sausses01", "name_nl": "Castellet-lès-Sausses01", "population": 0.0, "centroid_lat": 44.081462177, "centroid_lon": 6.706412741 }, "geometry": { "type": "Polygon", "coordinates": [ [ [ 6.660364800827748, 44.094274555894678 ], [ 6.69155198937711, 44.09322744214677 ], [ 6.690093505700794, 44.070751212031418 ], [ 6.658918603346169, 44.071797899466723 ], [ 6.660364800827748, 44.094274555894678 ] ] ] } },
{ "type": "Feature", "properties": { "id": 363, "left": 992993.4, "top": 6337100.1, "right": 995493.4, "bottom": 6334600.1, "grid_row": 11, "grid_col": 13, "id_2": 389, "name_fr": "Castellet-lès-Sausses01", "name_nl": "Castellet-lès-Sausses01", "population": 0.0, "centroid_lat": 44.081462177, "centroid_lon": 6.706412741 }, "geometry": { "type": "Polygon", "coordinates": [ [ [ 6.658918603346169, 44.071797899466723 ], [ 6.690093505700794, 44.070751212031418 ], [ 6.688636173186725, 44.048275241359356 ], [ 6.657473547371461, 44.049321502664462 ], [ 6.658918603346169, 44.071797899466723 ] ] ] } },
{ "type": "Feature", "properties": { "id": 389, "left": 995493.4, "top": 6339600.1, "right": 997993.4, "bottom": 6337100.1, "grid_row": 10, "grid_col": 14, "id_2": 389, "name_fr": "Castellet-lès-Sausses01", "name_nl": "Castellet-lès-Sausses01", "population": 0.0, "centroid_lat": 44.081462177, "centroid_lon": 6.706412741 }, "geometry": { "type": "Polygon", "coordinates": [ [ [ 6.69155198937711, 44.09322744214677 ], [ 6.72273802540107, 44.092171451854171 ], [ 6.721267256893531, 44.069695651657 ], [ 6.690093505700794, 44.070751212031418 ], [ 6.69155198937711, 44.09322744214677 ] ] ] } },
{ "type": "Feature", "properties": { "id": 390, "left": 995493.4, "top": 6337100.1, "right": 997993.4, "bottom": 6334600.1, "grid_row": 11, "grid_col": 14, "id_2": 389, "name_fr": "Castellet-lès-Sausses01", "name_nl": "Castellet-lès-Sausses01", "population": 0.0, "centroid_lat": 44.081462177, "centroid_lon": 6.706412741 }, "geometry": { "type": "Polygon", "coordinates": [ [ [ 6.690093505700794, 44.070751212031418 ], [ 6.721267256893531, 44.069695651657 ], [ 6.719797649201467, 44.047220110719152 ], [ 6.688636173186725, 44.048275241359356 ], [ 6.690093505700794, 44.070751212031418 ] ] ] } },
{ "type": "Feature", "properties": { "id": 416, "left": 997993.4, "top": 6339600.1, "right": 1000493.4, "bottom": 6337100.1, "grid_row": 10, "grid_col": 15, "id_2": 389, "name_fr": "Castellet-lès-Sausses01", "name_nl": "Castellet-lès-Sausses01", "population": 0.0, "centroid_lat": 44.081462177, "centroid_lon": 6.706412741 }, "geometry": { "type": "Polygon", "coordinates": [ [ [ 6.72273802540107, 44.092171451854171 ], [ 6.753922899235034, 44.091106585526767 ], [ 6.752439847271153, 44.068631218852872 ], [ 6.721267256893531, 44.069695651657 ], [ 6.72273802540107, 44.092171451854171 ] ] ] } },
{ "type": "Feature", "properties": { "id": 417, "left": 997993.4, "top": 6337100.1, "right": 1000493.4, "bottom": 6334600.1, "grid_row": 11, "grid_col": 15, "id_2": 389, "name_fr": "Castellet-lès-Sausses01", "name_nl": "Castellet-lès-Sausses01", "population": 0.0, "centroid_lat": 44.081462177, "centroid_lon": 6.706412741 }, "geometry": { "type": "Polygon", "coordinates": [ [ [ 6.721267256893531, 44.069695651657 ], [ 6.752439847271153, 44.068631218852872 ], [ 6.750957965773809, 44.046156111252834 ], [ 6.719797649201467, 44.047220110719152 ], [ 6.721267256893531, 44.069695651657 ] ] ] } },
{ "type": "Feature", "properties": { "id": 363, "left": 992993.4, "top": 6337100.1, "right": 995493.4, "bottom": 6334600.1, "grid_row": 11, "grid_col": 13, "id_2": 390, "name_fr": "Castellet-lès-Sausses02", "name_nl": "Castellet-lès-Sausses02", "population": 0.0, "centroid_lat": 44.058986292, "centroid_lon": 6.704948693 }, "geometry": { "type": "Polygon", "coordinates": [ [ [ 6.658918603346169, 44.071797899466723 ], [ 6.690093505700794, 44.070751212031418 ], [ 6.688636173186725, 44.048275241359356 ], [ 6.657473547371461, 44.049321502664462 ], [ 6.658918603346169, 44.071797899466723 ] ] ] } },
{ "type": "Feature", "properties": { "id": 364, "left": 992993.4, "top": 6334600.1, "right": 995493.4, "bottom": 6332100.1, "grid_row": 12, "grid_col": 13, "id_2": 390, "name_fr": "Castellet-lès-Sausses02", "name_nl": "Castellet-lès-Sausses02", "population": 0.0, "centroid_lat": 44.058986292, "centroid_lon": 6.704948693 }, "geometry": { "type": "Polygon", "coordinates": [ [ [ 6.657473547371461, 44.049321502664462 ], [ 6.688636173186725, 44.048275241359356 ], [ 6.687179990473535, 44.025799533455313 ], [ 6.656029631553607, 44.026845368812474 ], [ 6.657473547371461, 44.049321502664462 ] ] ] } },
{ "type": "Feature", "properties": { "id": 390, "left": 995493.4, "top": 6337100.1, "right": 997993.4, "bottom": 6334600.1, "grid_row": 11, "grid_col": 14, "id_2": 390, "name_fr": "Castellet-lès-Sausses02", "name_nl": "Castellet-lès-Sausses02", "population": 0.0, "centroid_lat": 44.058986292, "centroid_lon": 6.704948693 }, "geometry": { "type": "Polygon", "coordinates": [ [ [ 6.690093505700794, 44.070751212031418 ], [ 6.721267256893531, 44.069695651657 ], [ 6.719797649201467, 44.047220110719152 ], [ 6.688636173186725, 44.048275241359356 ], [ 6.690093505700794, 44.070751212031418 ] ] ] } },
{ "type": "Feature", "properties": { "id": 391, "left": 995493.4, "top": 6334600.1, "right": 997993.4, "bottom": 6332100.1, "grid_row": 12, "grid_col": 14, "id_2": 390, "name_fr": "Castellet-lès-Sausses02", "name_nl": "Castellet-lès-Sausses02", "population": 0.0, "centroid_lat": 44.058986292, "centroid_lon": 6.704948693 }, "geometry": { "type": "Polygon", "coordinates": [ [ [ 6.688636173186725, 44.048275241359356 ], [ 6.719797649201467, 44.047220110719152 ], [ 6.718329200952164, 44.024744832365528 ], [ 6.687179990473535, 44.025799533455313 ], [ 6.688636173186725, 44.048275241359356 ] ] ] } },
{ "type": "Feature", "properties": { "id": 417, "left": 997993.4, "top": 6337100.1, "right": 1000493.4, "bottom": 6334600.1, "grid_row": 11, "grid_col": 15, "id_2": 390, "name_fr": "Castellet-lès-Sausses02", "name_nl": "Castellet-lès-Sausses02", "population": 0.0, "centroid_lat": 44.058986292, "centroid_lon": 6.704948693 }, "geometry": { "type": "Polygon", "coordinates": [ [ [ 6.721267256893531, 44.069695651657 ], [ 6.752439847271153, 44.068631218852872 ], [ 6.750957965773809, 44.046156111252834 ], [ 6.719797649201467, 44.047220110719152 ], [ 6.721267256893531, 44.069695651657 ] ] ] } },
{ "type": "Feature", "properties": { "id": 364, "left": 992993.4, "top": 6334600.1, "right": 995493.4, "bottom": 6332100.1, "grid_row": 12, "grid_col": 13, "id_2": 391, "name_fr": "Le Fugeret03", "name_nl": "Le Fugeret03", "population": 0.0, "centroid_lat": 44.036510667000002, "centroid_lon": 6.7034858 }, "geometry": { "type": "Polygon", "coordinates": [ [ [ 6.657473547371461, 44.049321502664462 ], [ 6.688636173186725, 44.048275241359356 ], [ 6.687179990473535, 44.025799533455313 ], [ 6.656029631553607, 44.026845368812474 ], [ 6.657473547371461, 44.049321502664462 ] ] ] } },
{ "type": "Feature", "properties": { "id": 365, "left": 992993.4, "top": 6332100.1, "right": 995493.4, "bottom": 6329600.1, "grid_row": 13, "grid_col": 13, "id_2": 391, "name_fr": "Le Fugeret03", "name_nl": "Le Fugeret03", "population": 0.0, "centroid_lat": 44.036510667000002, "centroid_lon": 6.7034858 }, "geometry": { "type": "Polygon", "coordinates": [ [ [ 6.656029631553607, 44.026845368812474 ], [ 6.687179990473535, 44.025799533455313 ], [ 6.685724956202002, 44.003324091642618 ], [ 6.65458685454472, 44.004369501233974 ], [ 6.656029631553607, 44.026845368812474 ] ] ] } },
{ "type": "Feature", "properties": { "id": 391, "left": 995493.4, "top": 6334600.1, "right": 997993.4, "bottom": 6332100.1, "grid_row": 12, "grid_col": 14, "id_2": 391, "name_fr": "Le Fugeret03", "name_nl": "Le Fugeret03", "population": 0.0, "centroid_lat": 44.036510667000002, "centroid_lon": 6.7034858 }, "geometry": { "type": "Polygon", "coordinates": [ [ [ 6.688636173186725, 44.048275241359356 ], [ 6.719797649201467, 44.047220110719152 ], [ 6.718329200952164, 44.024744832365528 ], [ 6.687179990473535, 44.025799533455313 ], [ 6.688636173186725, 44.048275241359356 ] ] ] } },
{ "type": "Feature", "properties": { "id": 392, "left": 995493.4, "top": 6332100.1, "right": 997993.4, "bottom": 6329600.1, "grid_row": 13, "grid_col": 14, "id_2": 391, "name_fr": "Le Fugeret03", "name_nl": "Le Fugeret03", "population": 0.0, "centroid_lat": 44.036510667000002, "centroid_lon": 6.7034858 }, "geometry": { "type": "Polygon", "coordinates": [ [ [ 6.687179990473535, 44.025799533455313 ], [ 6.718329200952164, 44.024744832365528 ], [ 6.716861910775067, 44.002269819919597 ], [ 6.685724956202002, 44.003324091642618 ], [ 6.687179990473535, 44.025799533455313 ] ] ] } },
{ "type": "Feature", "properties": { "id": 365, "left": 992993.4, "top": 6332100.1, "right": 995493.4, "bottom": 6329600.1, "grid_row": 13, "grid_col": 13, "id_2": 392, "name_fr": "Braux01", "name_nl": "Braux01", "population": 8.0, "centroid_lat": 44.014035307, "centroid_lon": 6.702024061 }, "geometry": { "type": "Polygon", "coordinates": [ [ [ 6.656029631553607, 44.026845368812474 ], [ 6.687179990473535, 44.025799533455313 ], [ 6.685724956202002, 44.003324091642618 ], [ 6.65458685454472, 44.004369501233974 ], [ 6.656029631553607, 44.026845368812474 ] ] ] } },
{ "type": "Feature", "properties": { "id": 366, "left": 992993.4, "top": 6329600.1, "right": 995493.4, "bottom": 6327100.1, "grid_row": 14, "grid_col": 13, "id_2": 392, "name_fr": "Braux01", "name_nl": "Braux01", "population": 8.0, "centroid_lat": 44.014035307, "centroid_lon": 6.702024061 }, "geometry": { "type": "Polygon", "coordinates": [ [ [ 6.65458685454472, 44.004369501233974 ], [ 6.685724956202002, 44.003324091642618 ], [ 6.684271069015044, 43.980848919243179 ], [ 6.653145214999035, 43.981893903250707 ], [ 6.65458685454472, 44.004369501233974 ] ] ] } },
{ "type": "Feature", "properties": { "id": 392, "left": 995493.4, "top": 6332100.1, "right": 997993.4, "bottom": 6329600.1, "grid_row": 13, "grid_col": 14, "id_2": 392, "name_fr": "Braux01", "name_nl": "Braux01", "population": 8.0, "centroid_lat": 44.014035307, "centroid_lon": 6.702024061 }, "geometry": { "type": "Polygon", "coordinates": [ [ [ 6.687179990473535, 44.025799533455313 ], [ 6.718329200952164, 44.024744832365528 ], [ 6.716861910775067, 44.002269819919597 ], [ 6.685724956202002, 44.003324091642618 ], [ 6.687179990473535, 44.025799533455313 ] ] ] } },
{ "type": "Feature", "properties": { "id": 393, "left": 995493.4, "top": 6329600.1, "right": 997993.4, "bottom": 6327100.1, "grid_row": 14, "grid_col": 14, "id_2": 392, "name_fr": "Braux01", "name_nl": "Braux01", "population": 8.0, "centroid_lat": 44.014035307, "centroid_lon": 6.702024061 }, "geometry": { "type": "Polygon", "coordinates": [ [ [ 6.685724956202002, 44.003324091642618 ], [ 6.716861910775067, 44.002269819919597 ], [ 6.715395777301783, 43.979795076703439 ], [ 6.684271069015044, 43.980848919243179 ], [ 6.685724956202002, 44.003324091642618 ] ] ] } },
{ "type": "Feature", "properties": { "id": 366, "left": 992993.4, "top": 6329600.1, "right": 995493.4, "bottom": 6327100.1, "grid_row": 14, "grid_col": 13, "id_2": 393, "name_fr": "Braux02", "name_nl": "Braux02", "population": 97.0, "centroid_lat": 43.991560214000003, "centroid_lon": 6.700563475 }, "geometry": { "type": "Polygon", "coordinates": [ [ [ 6.65458685454472, 44.004369501233974 ], [ 6.685724956202002, 44.003324091642618 ], [ 6.684271069015044, 43.980848919243179 ], [ 6.653145214999035, 43.981893903250707 ], [ 6.65458685454472, 44.004369501233974 ] ] ] } },
{ "type": "Feature", "properties": { "id": 367, "left": 992993.4, "top": 6327100.1, "right": 995493.4, "bottom": 6324600.1, "grid_row": 15, "grid_col": 13, "id_2": 393, "name_fr": "Braux02", "name_nl": "Braux02", "population": 97.0, "centroid_lat": 43.991560214000003, "centroid_lon": 6.700563475 }, "geometry": { "type": "Polygon", "coordinates": [ [ [ 6.653145214999035, 43.981893903250707 ], [ 6.684271069015044, 43.980848919243179 ], [ 6.682818327557714, 43.958374019577498 ], [ 6.651704711572902, 43.959418578183005 ], [ 6.653145214999035, 43.981893903250707 ] ] ] } },
{ "type": "Feature", "properties": { "id": 393, "left": 995493.4, "top": 6329600.1, "right": 997993.4, "bottom": 6327100.1, "grid_row": 14, "grid_col": 14, "id_2": 393, "name_fr": "Braux02", "name_nl": "Braux02", "population": 97.0, "centroid_lat": 43.991560214000003, "centroid_lon": 6.700563475 }, "geometry": { "type": "Polygon", "coordinates": [ [ [ 6.685724956202002, 44.003324091642618 ], [ 6.716861910775067, 44.002269819919597 ], [ 6.715395777301783, 43.979795076703439 ], [ 6.684271069015044, 43.980848919243179 ], [ 6.685724956202002, 44.003324091642618 ] ] ] } },
{ "type": "Feature", "properties": { "id": 394, "left": 995493.4, "top": 6327100.1, "right": 997993.4, "bottom": 6324600.1, "grid_row": 15, "grid_col": 14, "id_2": 393, "name_fr": "Braux02", "name_nl": "Braux02", "population": 97.0, "centroid_lat": 43.991560214000003, "centroid_lon": 6.700563475 }, "geometry": { "type": "Polygon", "coordinates": [ [ [ 6.684271069015044, 43.980848919243179 ], [ 6.715395777301783, 43.979795076703439 ], [ 6.713930799166068, 43.957320606037662 ], [ 6.682818327557714, 43.958374019577498 ], [ 6.684271069015044, 43.980848919243179 ] ] ] } },
{ "type": "Feature", "properties": { "id": 367, "left": 992993.4, "top": 6327100.1, "right": 995493.4, "bottom": 6324600.1, "grid_row": 15, "grid_col": 13, "id_2": 394, "name_fr": "Saint-Benoît01", "name_nl": "Saint-Benoît01", "population": 21.0, "centroid_lat": 43.969085391999997, "centroid_lon": 6.699104039 }, "geometry": { "type": "Polygon", "coordinates": [ [ [ 6.653145214999035, 43.981893903250707 ], [ 6.684271069015044, 43.980848919243179 ], [ 6.682818327557714, 43.958374019577498 ], [ 6.651704711572902, 43.959418578183005 ], [ 6.653145214999035, 43.981893903250707 ] ] ] } },
{ "type": "Feature", "properties": { "id": 394, "left": 995493.4, "top": 6327100.1, "right": 997993.4, "bottom": 6324600.1, "grid_row": 15, "grid_col": 14, "id_2": 394, "name_fr": "Saint-Benoît01", "name_nl": "Saint-Benoît01", "population": 21.0, "centroid_lat": 43.969085391999997, "centroid_lon": 6.699104039 }, "geometry": { "type": "Polygon", "coordinates": [ [ [ 6.684271069015044, 43.980848919243179 ], [ 6.715395777301783, 43.979795076703439 ], [ 6.713930799166068, 43.957320606037662 ], [ 6.682818327557714, 43.958374019577498 ], [ 6.684271069015044, 43.980848919243179 ] ] ] } },
{ "type": "Feature", "properties": { "id": 395, "left": 995493.4, "top": 6324600.1, "right": 997993.4, "bottom": 6322100.1, "grid_row": 16, "grid_col": 14, "id_2": 394, "name_fr": "Saint-Benoît01", "name_nl": "Saint-Benoît01", "population": 21.0, "centroid_lat": 43.969085391999997, "centroid_lon": 6.699104039 }, "geometry": { "type": "Polygon", "coordinates": [ [ [ 6.682818327557714, 43.958374019577498 ], [ 6.713930799166068, 43.957320606037662 ], [ 6.712466975003832, 43.934846411241516 ], [ 6.681366730477196, 43.935899395964626 ], [ 6.682818327557714, 43.958374019577498 ] ] ] } },
{ "type": "Feature", "properties": { "id": 421, "left": 997993.4, "top": 6327100.1, "right": 1000493.4, "bottom": 6324600.1, "grid_row": 15, "grid_col": 15, "id_2": 394, "name_fr": "Saint-Benoît01", "name_nl": "Saint-Benoît01", "population": 21.0, "centroid_lat": 43.969085391999997, "centroid_lon": 6.699104039 }, "geometry": { "type": "Polygon", "coordinates": [ [ [ 6.715395777301783, 43.979795076703439 ], [ 6.746519330251308, 43.978732376139178 ], [ 6.745042116801303, 43.956258338070818 ], [ 6.713930799166068, 43.957320606037662 ], [ 6.715395777301783, 43.979795076703439 ] ] ] } },
{ "type": "Feature", "properties": { "id": 422, "left": 997993.4, "top": 6324600.1, "right": 1000493.4, "bottom": 6322100.1, "grid_row": 16, "grid_col": 15, "id_2": 394, "name_fr": "Saint-Benoît01", "name_nl": "Saint-Benoît01", "population": 21.0, "centroid_lat": 43.969085391999997, "centroid_lon": 6.699104039 }, "geometry": { "type": "Polygon", "coordinates": [ [ [ 6.713930799166068, 43.957320606037662 ], [ 6.745042116801303, 43.956258338070818 ], [ 6.743566066919294, 43.933784575687362 ], [ 6.712466975003832, 43.934846411241516 ], [ 6.713930799166068, 43.957320606037662 ] ] ] } },
{ "type": "Feature", "properties": { "id": 395, "left": 995493.4, "top": 6324600.1, "right": 997993.4, "bottom": 6322100.1, "grid_row": 16, "grid_col": 14, "id_2": 395, "name_fr": "Saint-Benoît02", "name_nl": "Saint-Benoît02", "population": 22.0, "centroid_lat": 43.946610844, "centroid_lon": 6.697645754 }, "geometry": { "type": "Polygon", "coordinates": [ [ [ 6.682818327557714, 43.958374019577498 ], [ 6.713930799166068, 43.957320606037662 ], [ 6.712466975003832, 43.934846411241516 ], [ 6.681366730477196, 43.935899395964626 ], [ 6.682818327557714, 43.958374019577498 ] ] ] } },
{ "type": "Feature", "properties": { "id": 396, "left": 995493.4, "top": 6322100.1, "right": 997993.4, "bottom": 6319600.1, "grid_row": 17, "grid_col": 14, "id_2": 395, "name_fr": "Saint-Benoît02", "name_nl": "Saint-Benoît02", "population": 22.0, "centroid_lat": 43.946610844, "centroid_lon": 6.697645754 }, "geometry": { "type": "Polygon", "coordinates": [ [ [ 6.681366730477196, 43.935899395964626 ], [ 6.712466975003832, 43.934846411241516 ], [ 6.711004303453125, 43.912372495632773 ], [ 6.679916276422802, 43.9134250517222 ], [ 6.681366730477196, 43.935899395964626 ] ] ] } },
{ "type": "Feature", "properties": { "id": 422, "left": 997993.4, "top": 6324600.1, "right": 1000493.4, "bottom": 6322100.1, "grid_row": 16, "grid_col": 15, "id_2": 395, "name_fr": "Saint-Benoît02", "name_nl": "Saint-Benoît02", "population": 22.0, "centroid_lat": 43.946610844, "centroid_lon": 6.697645754 }, "geometry": { "type": "Polygon", "coordinates": [ [ [ 6.713930799166068, 43.957320606037662 ], [ 6.745042116801303, 43.956258338070818 ], [ 6.743566066919294, 43.933784575687362 ], [ 6.712466975003832, 43.934846411241516 ], [ 6.713930799166068, 43.957320606037662 ] ] ] } },
{ "type": "Feature", "properties": { "id": 369, "left": 992993.4, "top": 6322100.1, "right": 995493.4, "bottom": 6319600.1, "grid_row": 17, "grid_col": 13, "id_2": 396, "name_fr": "Ubraye03", "name_nl": "Ubraye03", "population": 0.0, "centroid_lat": 43.924136575, "centroid_lon": 6.696188617 }, "geometry": { "type": "Polygon", "coordinates": [ [ [ 6.650265342924789, 43.936943529349783 ], [ 6.681366730477196, 43.935899395964626 ], [ 6.679916276422802, 43.9134250517222 ], [ 6.648827107715273, 43.914468760068559 ], [ 6.650265342924789, 43.936943529349783 ] ] ] } },
{ "type": "Feature", "properties": { "id": 370, "left": 992993.4, "top": 6319600.1, "right": 995493.4, "bottom": 6317100.1, "grid_row": 18, "grid_col": 13, "id_2": 396, "name_fr": "Ubraye03", "name_nl": "Ubraye03", "population": 0.0, "centroid_lat": 43.924136575, "centroid_lon": 6.696188617 }, "geometry": { "type": "Polygon", "coordinates": [ [ [ 6.648827107715273, 43.914468760068559 ], [ 6.679916276422802, 43.9134250517222 ], [ 6.678466964045967, 43.890950990166466 ], [ 6.647390004607032, 43.891994273655385 ], [ 6.648827107715273, 43.914468760068559 ] ] ] } },
{ "type": "Feature", "properties": { "id": 396, "left": 995493.4, "top": 6322100.1, "right": 997993.4, "bottom": 6319600.1, "grid_row": 17, "grid_col": 14, "id_2": 396, "name_fr": "Ubraye03", "name_nl": "Ubraye03", "population": 0.0, "centroid_lat": 43.924136575, "centroid_lon": 6.696188617 }, "geometry": { "type": "Polygon", "coordinates": [ [ [ 6.681366730477196, 43.935899395964626 ], [ 6.712466975003832, 43.934846411241516 ], [ 6.711004303453125, 43.912372495632773 ], [ 6.679916276422802, 43.9134250517222 ], [ 6.681366730477196, 43.935899395964626 ] ] ] } },
{ "type": "Feature", "properties": { "id": 397, "left": 995493.4, "top": 6319600.1, "right": 997993.4, "bottom": 6317100.1, "grid_row": 18, "grid_col": 14, "id_2": 396, "name_fr": "Ubraye03", "name_nl": "Ubraye03", "population": 0.0, "centroid_lat": 43.924136575, "centroid_lon": 6.696188617 }, "geometry": { "type": "Polygon", "coordinates": [ [ [ 6.679916276422802, 43.9134250517222 ], [ 6.711004303453125, 43.912372495632773 ], [ 6.709542783154141, 43.889898862527815 ], [ 6.678466964045967, 43.890950990166466 ], [ 6.679916276422802, 43.9134250517222 ] ] ] } },
{ "type": "Feature", "properties": { "id": 370, "left": 992993.4, "top": 6319600.1, "right": 995493.4, "bottom": 6317100.1, "grid_row": 18, "grid_col": 13, "id_2": 397, "name_fr": "Ubraye04", "name_nl": "Ubraye04", "population": 22.0, "centroid_lat": 43.901662586, "centroid_lon": 6.694732628 }, "geometry": { "type": "Polygon", "coordinates": [ [ [ 6.648827107715273, 43.914468760068559 ], [ 6.679916276422802, 43.9134250517222 ], [ 6.678466964045967, 43.890950990166466 ], [ 6.647390004607032, 43.891994273655385 ], [ 6.648827107715273, 43.914468760068559 ] ] ] } },
{ "type": "Feature", "properties": { "id": 371, "left": 992993.4, "top": 6317100.1, "right": 995493.4, "bottom": 6314600.1, "grid_row": 19, "grid_col": 13, "id_2": 397, "name_fr": "Ubraye04", "name_nl": "Ubraye04", "population": 22.0, "centroid_lat": 43.901662586, "centroid_lon": 6.694732628 }, "geometry": { "type": "Polygon", "coordinates": [ [ [ 6.647390004607032, 43.891994273655385 ], [ 6.678466964045967, 43.890950990166466 ], [ 6.677018792000245, 43.868477214612227 ], [ 6.645954032264851, 43.869520073424901 ], [ 6.647390004607032, 43.891994273655385 ] ] ] } },
{ "type": "Feature", "properties": { "id": 397, "left": 995493.4, "top": 6319600.1, "right": 997993.4, "bottom": 6317100.1, "grid_row": 18, "grid_col": 14, "id_2": 397, "name_fr": "Ubraye04", "name_nl": "Ubraye04", "population": 22.0, "centroid_lat": 43.901662586, "centroid_lon": 6.694732628 }, "geometry": { "type": "Polygon", "coordinates": [ [ [ 6.679916276422802, 43.9134250517222 ], [ 6.711004303453125, 43.912372495632773 ], [ 6.709542783154141, 43.889898862527815 ], [ 6.678466964045967, 43.890950990166466 ], [ 6.679916276422802, 43.9134250517222 ] ] ] } },
{ "type": "Feature", "properties": { "id": 398, "left": 995493.4, "top": 6317100.1, "right": 997993.4, "bottom": 6314600.1, "grid_row": 19, "grid_col": 14, "id_2": 397, "name_fr": "Ubraye04", "name_nl": "Ubraye04", "population": 22.0, "centroid_lat": 43.901662586, "centroid_lon": 6.694732628 }, "geometry": { "type": "Polygon", "coordinates": [ [ [ 6.678466964045967, 43.890950990166466 ], [ 6.709542783154141, 43.889898862527815 ], [ 6.708082412749208, 43.867425515241607 ], [ 6.677018792000245, 43.868477214612227 ], [ 6.678466964045967, 43.890950990166466 ] ] ] } },
{ "type": "Feature", "properties": { "id": 424, "left": 997993.4, "top": 6319600.1, "right": 1000493.4, "bottom": 6317100.1, "grid_row": 18, "grid_col": 15, "id_2": 397, "name_fr": "Ubraye04", "name_nl": "Ubraye04", "population": 22.0, "centroid_lat": 43.901662586, "centroid_lon": 6.694732628 }, "geometry": { "type": "Polygon", "coordinates": [ [ [ 6.711004303453125, 43.912372495632773 ], [ 6.742091179232081, 43.911311092306732 ], [ 6.740617452368618, 43.888837891245487 ], [ 6.709542783154141, 43.889898862527815 ], [ 6.711004303453125, 43.912372495632773 ] ] ] } },
{ "type": "Feature", "properties": { "id": 425, "left": 997993.4, "top": 6317100.1, "right": 1000493.4, "bottom": 6314600.1, "grid_row": 19, "grid_col": 15, "id_2": 397, "name_fr": "Ubraye04", "name_nl": "Ubraye04", "population": 22.0, "centroid_lat": 43.901662586, "centroid_lon": 6.694732628 }, "geometry": { "type": "Polygon", "coordinates": [ [ [ 6.709542783154141, 43.889898862527815 ], [ 6.740617452368618, 43.888837891245487 ], [ 6.739144884960012, 43.866364975818712 ], [ 6.708082412749208, 43.867425515241607 ], [ 6.709542783154141, 43.889898862527815 ] ] ] } },
{ "type": "Feature", "properties": { "id": 398, "left": 995493.4, "top": 6317100.1, "right": 997993.4, "bottom": 6314600.1, "grid_row": 19, "grid_col": 14, "id_2": 398, "name_fr": "Soleilhas07", "name_nl": "Soleilhas07", "population": 0.0, "centroid_lat": 43.879188880999997, "centroid_lon": 6.693277784 }, "geometry": { "type": "Polygon", "coordinates": [ [ [ 6.678466964045967, 43.890950990166466 ], [ 6.709542783154141, 43.889898862527815 ], [ 6.708082412749208, 43.867425515241607 ], [ 6.677018792000245, 43.868477214612227 ], [ 6.678466964045967, 43.890950990166466 ] ] ] } },
{ "type": "Feature", "properties": { "id": 399, "left": 995493.4, "top": 6314600.1, "right": 997993.4, "bottom": 6312100.1, "grid_row": 20, "grid_col": 14, "id_2": 398, "name_fr": "Soleilhas07", "name_nl": "Soleilhas07", "population": 0.0, "centroid_lat": 43.879188880999997, "centroid_lon": 6.693277784 }, "geometry": { "type": "Polygon", "coordinates": [ [ [ 6.677018792000245, 43.868477214612227 ], [ 6.708082412749208, 43.867425515241607 ], [ 6.706623190882793, 43.844952457087672 ], [ 6.675571758941308, 43.84600372837285 ], [ 6.677018792000245, 43.868477214612227 ] ] ] } },
{ "type": "Feature", "properties": { "id": 425, "left": 997993.4, "top": 6317100.1, "right": 1000493.4, "bottom": 6314600.1, "grid_row": 19, "grid_col": 15, "id_2": 398, "name_fr": "Soleilhas07", "name_nl": "Soleilhas07", "population": 0.0, "centroid_lat": 43.879188880999997, "centroid_lon": 6.693277784 }, "geometry": { "type": "Polygon", "coordinates": [ [ [ 6.709542783154141, 43.889898862527815 ], [ 6.740617452368618, 43.888837891245487 ], [ 6.739144884960012, 43.866364975818712 ], [ 6.708082412749208, 43.867425515241607 ], [ 6.709542783154141, 43.889898862527815 ] ] ] } },
{ "type": "Feature", "properties": { "id": 426, "left": 997993.4, "top": 6314600.1, "right": 1000493.4, "bottom": 6312100.1, "grid_row": 20, "grid_col": 15, "id_2": 398, "name_fr": "Soleilhas07", "name_nl": "Soleilhas07", "population": 0.0, "centroid_lat": 43.879188880999997, "centroid_lon": 6.693277784 }, "geometry": { "type": "Polygon", "coordinates": [ [ [ 6.708082412749208, 43.867425515241607 ], [ 6.739144884960012, 43.866364975818712 ], [ 6.737673475639526, 43.843892349340109 ], [ 6.706623190882793, 43.844952457087672 ], [ 6.708082412749208, 43.867425515241607 ] ] ] } },
{ "type": "Feature", "properties": { "id": 399, "left": 995493.4, "top": 6314600.1, "right": 997993.4, "bottom": 6312100.1, "grid_row": 20, "grid_col": 14, "id_2": 399, "name_fr": "Soleilhas08", "name_nl": "Soleilhas08", "population": 3.0, "centroid_lat": 43.856715463999997, "centroid_lon": 6.691824084 }, "geometry": { "type": "Polygon", "coordinates": [ [ [ 6.677018792000245, 43.868477214612227 ], [ 6.708082412749208, 43.867425515241607 ], [ 6.706623190882793, 43.844952457087672 ], [ 6.675571758941308, 43.84600372837285 ], [ 6.677018792000245, 43.868477214612227 ] ] ] } },
{ "type": "Feature", "properties": { "id": 400, "left": 995493.4, "top": 6312100.1, "right": 997993.4, "bottom": 6309600.1, "grid_row": 21, "grid_col": 14, "id_2": 399, "name_fr": "Soleilhas08", "name_nl": "Soleilhas08", "population": 3.0, "centroid_lat": 43.856715463999997, "centroid_lon": 6.691824084 }, "geometry": { "type": "Polygon", "coordinates": [ [ [ 6.675571758941308, 43.84600372837285 ], [ 6.706623190882793, 43.844952457087672 ], [ 6.705165116201481, 43.822479691378092 ], [ 6.674125863526932, 43.823530534760295 ], [ 6.675571758941308, 43.84600372837285 ] ] ] } },
{ "type": "Feature", "properties": { "id": 400, "left": 995493.4, "top": 6312100.1, "right": 997993.4, "bottom": 6309600.1, "grid_row": 21, "grid_col": 14, "id_2": 400, "name_fr": "Peyroules06", "name_nl": "Peyroules06", "population": 0.0, "centroid_lat": 43.834242338000003, "centroid_lon": 6.690371528 }, "geometry": { "type": "Polygon", "coordinates": [ [ [ 6.675571758941308, 43.84600372837285 ], [ 6.706623190882793, 43.844952457087672 ], [ 6.705165116201481, 43.822479691378092 ], [ 6.674125863526932, 43.823530534760295 ], [ 6.675571758941308, 43.84600372837285 ] ] ] } },
{ "type": "Feature", "properties": { "id": 401, "left": 995493.4, "top": 6309600.1, "right": 997993.4, "bottom": 6307100.1, "grid_row": 22, "grid_col": 14, "id_2": 400, "name_fr": "Peyroules06", "name_nl": "Peyroules06", "population": 0.0, "centroid_lat": 43.834242338000003, "centroid_lon": 6.690371528 }, "geometry": { "type": "Polygon", "coordinates": [ [ [ 6.674125863526932, 43.823530534760295 ], [ 6.705165116201481, 43.822479691378092 ], [ 6.703708187353987, 43.800007221423598 ], [ 6.672681104417006, 43.801057637085101 ], [ 6.674125863526932, 43.823530534760295 ] ] ] } },
{ "type": "Feature", "properties": { "id": 374, "left": 992993.4, "top": 6309600.1, "right": 995493.4, "bottom": 6307100.1, "grid_row": 22, "grid_col": 13, "id_2": 401, "name_fr": "Peyroules07", "name_nl": "Peyroules07", "population": 83.0, "centroid_lat": 43.811769505999997, "centroid_lon": 6.688920113 }, "geometry": { "type": "Polygon", "coordinates": [ [ [ 6.643085474548286, 43.824572544763647 ], [ 6.674125863526932, 43.823530534760295 ], [ 6.672681104417006, 43.801057637085101 ], [ 6.641652886513937, 43.802099222955015 ], [ 6.643085474548286, 43.824572544763647 ] ] ] } },
{ "type": "Feature", "properties": { "id": 375, "left": 992993.4, "top": 6307100.1, "right": 995493.4, "bottom": 6304600.1, "grid_row": 23, "grid_col": 13, "id_2": 401, "name_fr": "Peyroules07", "name_nl": "Peyroules07", "population": 83.0, "centroid_lat": 43.811769505999997, "centroid_lon": 6.688920113 }, "geometry": { "type": "Polygon", "coordinates": [ [ [ 6.641652886513937, 43.802099222955015 ], [ 6.672681104417006, 43.801057637085101 ], [ 6.671237480273519, 43.778585038656352 ], [ 6.640221423925714, 43.779626200573482 ], [ 6.641652886513937, 43.802099222955015 ] ] ] } },
{ "type": "Feature", "properties": { "id": 401, "left": 995493.4, "top": 6309600.1, "right": 997993.4, "bottom": 6307100.1, "grid_row": 22, "grid_col": 14, "id_2": 401, "name_fr": "Peyroules07", "name_nl": "Peyroules07", "population": 83.0, "centroid_lat": 43.811769505999997, "centroid_lon": 6.688920113 }, "geometry": { "type": "Polygon", "coordinates": [ [ [ 6.674125863526932, 43.823530534760295 ], [ 6.705165116201481, 43.822479691378092 ], [ 6.703708187353987, 43.800007221423598 ], [ 6.672681104417006, 43.801057637085101 ], [ 6.674125863526932, 43.823530534760295 ] ] ] } },
{ "type": "Feature", "properties": { "id": 402, "left": 995493.4, "top": 6307100.1, "right": 997993.4, "bottom": 6304600.1, "grid_row": 23, "grid_col": 14, "id_2": 401, "name_fr": "Peyroules07", "name_nl": "Peyroules07", "population": 83.0, "centroid_lat": 43.811769505999997, "centroid_lon": 6.688920113 }, "geometry": { "type": "Polygon", "coordinates": [ [ [ 6.672681104417006, 43.801057637085101 ], [ 6.703708187353987, 43.800007221423598 ], [ 6.702252402991149, 43.777535050533409 ], [ 6.671237480273519, 43.778585038656352 ], [ 6.672681104417006, 43.801057637085101 ] ] ] } },
{ "type": "Feature", "properties": { "id": 414, "left": 997993.4, "top": 6344600.1, "right": 1000493.4, "bottom": 6342100.1, "grid_row": 8, "grid_col": 15, "id_2": 415, "name_fr": "Castellet-lès-Sausses03", "name_nl": "Castellet-lès-Sausses03", "population": 0.0, "centroid_lat": 44.102877677000002, "centroid_lon": 6.739069548 }, "geometry": { "type": "Polygon", "coordinates": [ [ [ 6.725683050364269, 44.137123816719857 ], [ 6.756892520109571, 44.136058082788821 ], [ 6.755407123051698, 44.113582207948042 ], [ 6.724209956098965, 44.11464750798438 ], [ 6.725683050364269, 44.137123816719857 ] ] ] } },
{ "type": "Feature", "properties": { "id": 415, "left": 997993.4, "top": 6342100.1, "right": 1000493.4, "bottom": 6339600.1, "grid_row": 9, "grid_col": 15, "id_2": 415, "name_fr": "Castellet-lès-Sausses03", "name_nl": "Castellet-lès-Sausses03", "population": 0.0, "centroid_lat": 44.102877677000002, "centroid_lon": 6.739069548 }, "geometry": { "type": "Polygon", "coordinates": [ [ [ 6.724209956098965, 44.11464750798438 ], [ 6.755407123051698, 44.113582207948042 ], [ 6.753922899235034, 44.091106585526767 ], [ 6.72273802540107, 44.092171451854171 ], [ 6.724209956098965, 44.11464750798438 ] ] ] } },
{ "type": "Feature", "properties": { "id": 416, "left": 997993.4, "top": 6339600.1, "right": 1000493.4, "bottom": 6337100.1, "grid_row": 10, "grid_col": 15, "id_2": 415, "name_fr": "Castellet-lès-Sausses03", "name_nl": "Castellet-lès-Sausses03", "population": 0.0, "centroid_lat": 44.102877677000002, "centroid_lon": 6.739069548 }, "geometry": { "type": "Polygon", "coordinates": [ [ [ 6.72273802540107, 44.092171451854171 ], [ 6.753922899235034, 44.091106585526767 ], [ 6.752439847271153, 44.068631218852872 ], [ 6.721267256893531, 44.069695651657 ], [ 6.72273802540107, 44.092171451854171 ] ] ] } },
{ "type": "Feature", "properties": { "id": 442, "left": 1000493.4, "top": 6342100.1, "right": 1002993.4, "bottom": 6339600.1, "grid_row": 9, "grid_col": 16, "id_2": 415, "name_fr": "Castellet-lès-Sausses03", "name_nl": "Castellet-lès-Sausses03", "population": 0.0, "centroid_lat": 44.102877677000002, "centroid_lon": 6.739069548 }, "geometry": { "type": "Polygon", "coordinates": [ [ [ 6.755407123051698, 44.113582207948042 ], [ 6.786603116763583, 44.112508028784731 ], [ 6.785106601216585, 44.0900328436786 ], [ 6.753922899235034, 44.091106585526767 ], [ 6.755407123051698, 44.113582207948042 ] ] ] } },
{ "type": "Feature", "properties": { "id": 443, "left": 1000493.4, "top": 6339600.1, "right": 1002993.4, "bottom": 6337100.1, "grid_row": 10, "grid_col": 16, "id_2": 415, "name_fr": "Castellet-lès-Sausses03", "name_nl": "Castellet-lès-Sausses03", "population": 0.0, "centroid_lat": 44.102877677000002, "centroid_lon": 6.739069548 }, "geometry": { "type": "Polygon", "coordinates": [ [ [ 6.753922899235034, 44.091106585526767 ], [ 6.785106601216585, 44.0900328436786 ], [ 6.783611267182602, 44.06755791413272 ], [ 6.752439847271153, 44.068631218852872 ], [ 6.753922899235034, 44.091106585526767 ] ] ] } },
{ "type": "Feature", "properties": { "id": 416, "left": 997993.4, "top": 6339600.1, "right": 1000493.4, "bottom": 6337100.1, "grid_row": 10, "grid_col": 15, "id_2": 416, "name_fr": "Castellet-lès-Sausses04", "name_nl": "Castellet-lès-Sausses04", "population": 0.0, "centroid_lat": 44.080401965, "centroid_lon": 6.737592054 }, "geometry": { "type": "Polygon", "coordinates": [ [ [ 6.72273802540107, 44.092171451854171 ], [ 6.753922899235034, 44.091106585526767 ], [ 6.752439847271153, 44.068631218852872 ], [ 6.721267256893531, 44.069695651657 ], [ 6.72273802540107, 44.092171451854171 ] ] ] } },
{ "type": "Feature", "properties": { "id": 417, "left": 997993.4, "top": 6337100.1, "right": 1000493.4, "bottom": 6334600.1, "grid_row": 11, "grid_col": 15, "id_2": 416, "name_fr": "Castellet-lès-Sausses04", "name_nl": "Castellet-lès-Sausses04", "population": 0.0, "centroid_lat": 44.080401965, "centroid_lon": 6.737592054 }, "geometry": { "type": "Polygon", "coordinates": [ [ [ 6.721267256893531, 44.069695651657 ], [ 6.752439847271153, 44.068631218852872 ], [ 6.750957965773809, 44.046156111252834 ], [ 6.719797649201467, 44.047220110719152 ], [ 6.721267256893531, 44.069695651657 ] ] ] } },
{ "type": "Feature", "properties": { "id": 443, "left": 1000493.4, "top": 6339600.1, "right": 1002993.4, "bottom": 6337100.1, "grid_row": 10, "grid_col": 16, "id_2": 416, "name_fr": "Castellet-lès-Sausses04", "name_nl": "Castellet-lès-Sausses04", "population": 0.0, "centroid_lat": 44.080401965, "centroid_lon": 6.737592054 }, "geometry": { "type": "Polygon", "coordinates": [ [ [ 6.753922899235034, 44.091106585526767 ], [ 6.785106601216585, 44.0900328436786 ], [ 6.783611267182602, 44.06755791413272 ], [ 6.752439847271153, 44.068631218852872 ], [ 6.753922899235034, 44.091106585526767 ] ] ] } },
{ "type": "Feature", "properties": { "id": 444, "left": 1000493.4, "top": 6337100.1, "right": 1002993.4, "bottom": 6334600.1, "grid_row": 11, "grid_col": 16, "id_2": 416, "name_fr": "Castellet-lès-Sausses04", "name_nl": "Castellet-lès-Sausses04", "population": 0.0, "centroid_lat": 44.080401965, "centroid_lon": 6.737592054 }, "geometry": { "type": "Polygon", "coordinates": [ [ [ 6.752439847271153, 44.068631218852872 ], [ 6.783611267182602, 44.06755791413272 ], [ 6.782117113264035, 44.045083243473655 ], [ 6.750957965773809, 44.046156111252834 ], [ 6.752439847271153, 44.068631218852872 ] ] ] } },
{ "type": "Feature", "properties": { "id": 390, "left": 995493.4, "top": 6337100.1, "right": 997993.4, "bottom": 6334600.1, "grid_row": 11, "grid_col": 14, "id_2": 417, "name_fr": "Castellet-lès-Sausses05", "name_nl": "Castellet-lès-Sausses05", "population": 0.0, "centroid_lat": 44.057926510999998, "centroid_lon": 6.736115727 }, "geometry": { "type": "Polygon", "coordinates": [ [ [ 6.690093505700794, 44.070751212031418 ], [ 6.721267256893531, 44.069695651657 ], [ 6.719797649201467, 44.047220110719152 ], [ 6.688636173186725, 44.048275241359356 ], [ 6.690093505700794, 44.070751212031418 ] ] ] } },
{ "type": "Feature", "properties": { "id": 417, "left": 997993.4, "top": 6337100.1, "right": 1000493.4, "bottom": 6334600.1, "grid_row": 11, "grid_col": 15, "id_2": 417, "name_fr": "Castellet-lès-Sausses05", "name_nl": "Castellet-lès-Sausses05", "population": 0.0, "centroid_lat": 44.057926510999998, "centroid_lon": 6.736115727 }, "geometry": { "type": "Polygon", "coordinates": [ [ [ 6.721267256893531, 44.069695651657 ], [ 6.752439847271153, 44.068631218852872 ], [ 6.750957965773809, 44.046156111252834 ], [ 6.719797649201467, 44.047220110719152 ], [ 6.721267256893531, 44.069695651657 ] ] ] } },
{ "type": "Feature", "properties": { "id": 391, "left": 995493.4, "top": 6334600.1, "right": 997993.4, "bottom": 6332100.1, "grid_row": 12, "grid_col": 14, "id_2": 418, "name_fr": "Castellet-lès-Sausses06", "name_nl": "Castellet-lès-Sausses06", "population": 0.0, "centroid_lat": 44.035451318, "centroid_lon": 6.734640564 }, "geometry": { "type": "Polygon", "coordinates": [ [ [ 6.688636173186725, 44.048275241359356 ], [ 6.719797649201467, 44.047220110719152 ], [ 6.718329200952164, 44.024744832365528 ], [ 6.687179990473535, 44.025799533455313 ], [ 6.688636173186725, 44.048275241359356 ] ] ] } },
{ "type": "Feature", "properties": { "id": 392, "left": 995493.4, "top": 6332100.1, "right": 997993.4, "bottom": 6329600.1, "grid_row": 13, "grid_col": 14, "id_2": 418, "name_fr": "Castellet-lès-Sausses06", "name_nl": "Castellet-lès-Sausses06", "population": 0.0, "centroid_lat": 44.035451318, "centroid_lon": 6.734640564 }, "geometry": { "type": "Polygon", "coordinates": [ [ [ 6.687179990473535, 44.025799533455313 ], [ 6.718329200952164, 44.024744832365528 ], [ 6.716861910775067, 44.002269819919597 ], [ 6.685724956202002, 44.003324091642618 ], [ 6.687179990473535, 44.025799533455313 ] ] ] } },
{ "type": "Feature", "properties": { "id": 418, "left": 997993.4, "top": 6334600.1, "right": 1000493.4, "bottom": 6332100.1, "grid_row": 12, "grid_col": 15, "id_2": 418, "name_fr": "Castellet-lès-Sausses06", "name_nl": "Castellet-lès-Sausses06", "population": 0.0, "centroid_lat": 44.035451318, "centroid_lon": 6.734640564 }, "geometry": { "type": "Polygon", "coordinates": [ [ [ 6.719797649201467, 44.047220110719152 ], [ 6.750957965773809, 44.046156111252834 ], [ 6.749477253358943, 44.023681266051682 ], [ 6.718329200952164, 44.024744832365528 ], [ 6.719797649201467, 44.047220110719152 ] ] ] } },
{ "type": "Feature", "properties": { "id": 419, "left": 997993.4, "top": 6332100.1, "right": 1000493.4, "bottom": 6329600.1, "grid_row": 13, "grid_col": 15, "id_2": 418, "name_fr": "Castellet-lès-Sausses06", "name_nl": "Castellet-lès-Sausses06", "population": 0.0, "centroid_lat": 44.035451318, "centroid_lon": 6.734640564 }, "geometry": { "type": "Polygon", "coordinates": [ [ [ 6.718329200952164, 44.024744832365528 ], [ 6.749477253358943, 44.023681266051682 ], [ 6.747997708644678, 44.001206686573063 ], [ 6.716861910775067, 44.002269819919597 ], [ 6.718329200952164, 44.024744832365528 ] ] ] } },
{ "type": "Feature", "properties": { "id": 419, "left": 997993.4, "top": 6332100.1, "right": 1000493.4, "bottom": 6329600.1, "grid_row": 13, "grid_col": 15, "id_2": 419, "name_fr": "Castellet-lès-Sausses07", "name_nl": "Castellet-lès-Sausses07", "population": 4.0, "centroid_lat": 44.012976387999998, "centroid_lon": 6.733166565 }, "geometry": { "type": "Polygon", "coordinates": [ [ [ 6.718329200952164, 44.024744832365528 ], [ 6.749477253358943, 44.023681266051682 ], [ 6.747997708644678, 44.001206686573063 ], [ 6.716861910775067, 44.002269819919597 ], [ 6.718329200952164, 44.024744832365528 ] ] ] } },
{ "type": "Feature", "properties": { "id": 420, "left": 997993.4, "top": 6329600.1, "right": 1000493.4, "bottom": 6327100.1, "grid_row": 14, "grid_col": 15, "id_2": 419, "name_fr": "Castellet-lès-Sausses07", "name_nl": "Castellet-lès-Sausses07", "population": 4.0, "centroid_lat": 44.012976387999998, "centroid_lon": 6.733166565 }, "geometry": { "type": "Polygon", "coordinates": [ [ [ 6.716861910775067, 44.002269819919597 ], [ 6.747997708644678, 44.001206686573063 ], [ 6.746519330251308, 43.978732376139178 ], [ 6.715395777301783, 43.979795076703439 ], [ 6.716861910775067, 44.002269819919597 ] ] ] } },
{ "type": "Feature", "properties": { "id": 420, "left": 997993.4, "top": 6329600.1, "right": 1000493.4, "bottom": 6327100.1, "grid_row": 14, "grid_col": 15, "id_2": 420, "name_fr": "Saint-Benoît03", "name_nl": "Saint-Benoît03", "population": 1.0, "centroid_lat": 43.990501727000002, "centroid_lon": 6.731693728 }, "geometry": { "type": "Polygon", "coordinates": [ [ [ 6.716861910775067, 44.002269819919597 ], [ 6.747997708644678, 44.001206686573063 ], [ 6.746519330251308, 43.978732376139178 ], [ 6.715395777301783, 43.979795076703439 ], [ 6.716861910775067, 44.002269819919597 ] ] ] } },
{ "type": "Feature", "properties": { "id": 421, "left": 997993.4, "top": 6327100.1, "right": 1000493.4, "bottom": 6324600.1, "grid_row": 15, "grid_col": 15, "id_2": 420, "name_fr": "Saint-Benoît03", "name_nl": "Saint-Benoît03", "population": 1.0, "centroid_lat": 43.990501727000002, "centroid_lon": 6.731693728 }, "geometry": { "type": "Polygon", "coordinates": [ [ [ 6.715395777301783, 43.979795076703439 ], [ 6.746519330251308, 43.978732376139178 ], [ 6.745042116801303, 43.956258338070818 ], [ 6.713930799166068, 43.957320606037662 ], [ 6.715395777301783, 43.979795076703439 ] ] ] } },
{ "type": "Feature", "properties": { "id": 421, "left": 997993.4, "top": 6327100.1, "right": 1000493.4, "bottom": 6324600.1, "grid_row": 15, "grid_col": 15, "id_2": 421, "name_fr": "Saint-Benoît04", "name_nl": "Saint-Benoît04", "population": 108.0, "centroid_lat": 43.968027336, "centroid_lon": 6.730222052 }, "geometry": { "type": "Polygon", "coordinates": [ [ [ 6.715395777301783, 43.979795076703439 ], [ 6.746519330251308, 43.978732376139178 ], [ 6.745042116801303, 43.956258338070818 ], [ 6.713930799166068, 43.957320606037662 ], [ 6.715395777301783, 43.979795076703439 ] ] ] } },
{ "type": "Feature", "properties": { "id": 422, "left": 997993.4, "top": 6324600.1, "right": 1000493.4, "bottom": 6322100.1, "grid_row": 16, "grid_col": 15, "id_2": 421, "name_fr": "Saint-Benoît04", "name_nl": "Saint-Benoît04", "population": 108.0, "centroid_lat": 43.968027336, "centroid_lon": 6.730222052 }, "geometry": { "type": "Polygon", "coordinates": [ [ [ 6.713930799166068, 43.957320606037662 ], [ 6.745042116801303, 43.956258338070818 ], [ 6.743566066919294, 43.933784575687362 ], [ 6.712466975003832, 43.934846411241516 ], [ 6.713930799166068, 43.957320606037662 ] ] ] } },
{ "type": "Feature", "properties": { "id": 395, "left": 995493.4, "top": 6324600.1, "right": 997993.4, "bottom": 6322100.1, "grid_row": 16, "grid_col": 14, "id_2": 422, "name_fr": "Saint-Benoît05", "name_nl": "Saint-Benoît05", "population": 0.0, "centroid_lat": 43.945553218999997, "centroid_lon": 6.728751536 }, "geometry": { "type": "Polygon", "coordinates": [ [ [ 6.682818327557714, 43.958374019577498 ], [ 6.713930799166068, 43.957320606037662 ], [ 6.712466975003832, 43.934846411241516 ], [ 6.681366730477196, 43.935899395964626 ], [ 6.682818327557714, 43.958374019577498 ] ] ] } },
{ "type": "Feature", "properties": { "id": 396, "left": 995493.4, "top": 6322100.1, "right": 997993.4, "bottom": 6319600.1, "grid_row": 17, "grid_col": 14, "id_2": 422, "name_fr": "Saint-Benoît05", "name_nl": "Saint-Benoît05", "population": 0.0, "centroid_lat": 43.945553218999997, "centroid_lon": 6.728751536 }, "geometry": { "type": "Polygon", "coordinates": [ [ [ 6.681366730477196, 43.935899395964626 ], [ 6.712466975003832, 43.934846411241516 ], [ 6.711004303453125, 43.912372495632773 ], [ 6.679916276422802, 43.9134250517222 ], [ 6.681366730477196, 43.935899395964626 ] ] ] } },
{ "type": "Feature", "properties": { "id": 422, "left": 997993.4, "top": 6324600.1, "right": 1000493.4, "bottom": 6322100.1, "grid_row": 16, "grid_col": 15, "id_2": 422, "name_fr": "Saint-Benoît05", "name_nl": "Saint-Benoît05", "population": 0.0, "centroid_lat": 43.945553218999997, "centroid_lon": 6.728751536 }, "geometry": { "type": "Polygon", "coordinates": [ [ [ 6.713930799166068, 43.957320606037662 ], [ 6.745042116801303, 43.956258338070818 ], [ 6.743566066919294, 43.933784575687362 ], [ 6.712466975003832, 43.934846411241516 ], [ 6.713930799166068, 43.957320606037662 ] ] ] } },
{ "type": "Feature", "properties": { "id": 423, "left": 997993.4, "top": 6322100.1, "right": 1000493.4, "bottom": 6319600.1, "grid_row": 17, "grid_col": 15, "id_2": 422, "name_fr": "Saint-Benoît05", "name_nl": "Saint-Benoît05", "population": 0.0, "centroid_lat": 43.945553218999997, "centroid_lon": 6.728751536 }, "geometry": { "type": "Polygon", "coordinates": [ [ [ 6.712466975003832, 43.934846411241516 ], [ 6.743566066919294, 43.933784575687362 ], [ 6.742091179232081, 43.911311092306732 ], [ 6.711004303453125, 43.912372495632773 ], [ 6.712466975003832, 43.934846411241516 ] ] ] } },
{ "type": "Feature", "properties": { "id": 396, "left": 995493.4, "top": 6322100.1, "right": 997993.4, "bottom": 6319600.1, "grid_row": 17, "grid_col": 14, "id_2": 423, "name_fr": "Val-de-Chalvagne01", "name_nl": "Val-de-Chalvagne01", "population": 0.0, "centroid_lat": 43.92307938, "centroid_lon": 6.727282178 }, "geometry": { "type": "Polygon", "coordinates": [ [ [ 6.681366730477196, 43.935899395964626 ], [ 6.712466975003832, 43.934846411241516 ], [ 6.711004303453125, 43.912372495632773 ], [ 6.679916276422802, 43.9134250517222 ], [ 6.681366730477196, 43.935899395964626 ] ] ] } },
{ "type": "Feature", "properties": { "id": 397, "left": 995493.4, "top": 6319600.1, "right": 997993.4, "bottom": 6317100.1, "grid_row": 18, "grid_col": 14, "id_2": 423, "name_fr": "Val-de-Chalvagne01", "name_nl": "Val-de-Chalvagne01", "population": 0.0, "centroid_lat": 43.92307938, "centroid_lon": 6.727282178 }, "geometry": { "type": "Polygon", "coordinates": [ [ [ 6.679916276422802, 43.9134250517222 ], [ 6.711004303453125, 43.912372495632773 ], [ 6.709542783154141, 43.889898862527815 ], [ 6.678466964045967, 43.890950990166466 ], [ 6.679916276422802, 43.9134250517222 ] ] ] } },
{ "type": "Feature", "properties": { "id": 423, "left": 997993.4, "top": 6322100.1, "right": 1000493.4, "bottom": 6319600.1, "grid_row": 17, "grid_col": 15, "id_2": 423, "name_fr": "Val-de-Chalvagne01", "name_nl": "Val-de-Chalvagne01", "population": 0.0, "centroid_lat": 43.92307938, "centroid_lon": 6.727282178 }, "geometry": { "type": "Polygon", "coordinates": [ [ [ 6.712466975003832, 43.934846411241516 ], [ 6.743566066919294, 43.933784575687362 ], [ 6.742091179232081, 43.911311092306732 ], [ 6.711004303453125, 43.912372495632773 ], [ 6.712466975003832, 43.934846411241516 ] ] ] } },
{ "type": "Feature", "properties": { "id": 424, "left": 997993.4, "top": 6319600.1, "right": 1000493.4, "bottom": 6317100.1, "grid_row": 18, "grid_col": 15, "id_2": 423, "name_fr": "Val-de-Chalvagne01", "name_nl": "Val-de-Chalvagne01", "population": 0.0, "centroid_lat": 43.92307938, "centroid_lon": 6.727282178 }, "geometry": { "type": "Polygon", "coordinates": [ [ [ 6.711004303453125, 43.912372495632773 ], [ 6.742091179232081, 43.911311092306732 ], [ 6.740617452368618, 43.888837891245487 ], [ 6.709542783154141, 43.889898862527815 ], [ 6.711004303453125, 43.912372495632773 ] ] ] } },
{ "type": "Feature", "properties": { "id": 424, "left": 997993.4, "top": 6319600.1, "right": 1000493.4, "bottom": 6317100.1, "grid_row": 18, "grid_col": 15, "id_2": 424, "name_fr": "Ubraye05", "name_nl": "Ubraye05", "population": 17.0, "centroid_lat": 43.900605821, "centroid_lon": 6.725813976 }, "geometry": { "type": "Polygon", "coordinates": [ [ [ 6.711004303453125, 43.912372495632773 ], [ 6.742091179232081, 43.911311092306732 ], [ 6.740617452368618, 43.888837891245487 ], [ 6.709542783154141, 43.889898862527815 ], [ 6.711004303453125, 43.912372495632773 ] ] ] } },
{ "type": "Feature", "properties": { "id": 425, "left": 997993.4, "top": 6317100.1, "right": 1000493.4, "bottom": 6314600.1, "grid_row": 19, "grid_col": 15, "id_2": 424, "name_fr": "Ubraye05", "name_nl": "Ubraye05", "population": 17.0, "centroid_lat": 43.900605821, "centroid_lon": 6.725813976 }, "geometry": { "type": "Polygon", "coordinates": [ [ [ 6.709542783154141, 43.889898862527815 ], [ 6.740617452368618, 43.888837891245487 ], [ 6.739144884960012, 43.866364975818712 ], [ 6.708082412749208, 43.867425515241607 ], [ 6.709542783154141, 43.889898862527815 ] ] ] } },
{ "type": "Feature", "properties": { "id": 425, "left": 997993.4, "top": 6317100.1, "right": 1000493.4, "bottom": 6314600.1, "grid_row": 19, "grid_col": 15, "id_2": 425, "name_fr": "Val-de-Chalvagne02", "name_nl": "Val-de-Chalvagne02", "population": 0.0, "centroid_lat": 43.878132547, "centroid_lon": 6.72434693 }, "geometry": { "type": "Polygon", "coordinates": [ [ [ 6.709542783154141, 43.889898862527815 ], [ 6.740617452368618, 43.888837891245487 ], [ 6.739144884960012, 43.866364975818712 ], [ 6.708082412749208, 43.867425515241607 ], [ 6.709542783154141, 43.889898862527815 ] ] ] } },
{ "type": "Feature", "properties": { "id": 426, "left": 997993.4, "top": 6314600.1, "right": 1000493.4, "bottom": 6312100.1, "grid_row": 20, "grid_col": 15, "id_2": 425, "name_fr": "Val-de-Chalvagne02", "name_nl": "Val-de-Chalvagne02", "population": 0.0, "centroid_lat": 43.878132547, "centroid_lon": 6.72434693 }, "geometry": { "type": "Polygon", "coordinates": [ [ [ 6.708082412749208, 43.867425515241607 ], [ 6.739144884960012, 43.866364975818712 ], [ 6.737673475639526, 43.843892349340109 ], [ 6.706623190882793, 43.844952457087672 ], [ 6.708082412749208, 43.867425515241607 ] ] ] } },
{ "type": "Feature", "properties": { "id": 452, "left": 1000493.4, "top": 6317100.1, "right": 1002993.4, "bottom": 6314600.1, "grid_row": 19, "grid_col": 16, "id_2": 425, "name_fr": "Val-de-Chalvagne02", "name_nl": "Val-de-Chalvagne02", "population": 0.0, "centroid_lat": 43.878132547, "centroid_lon": 6.72434693 }, "geometry": { "type": "Polygon", "coordinates": [ [ [ 6.740617452368618, 43.888837891245487 ], [ 6.771690962128594, 43.887768076829772 ], [ 6.770206199083056, 43.865295596853443 ], [ 6.739144884960012, 43.866364975818712 ], [ 6.740617452368618, 43.888837891245487 ] ] ] } },
{ "type": "Feature", "properties": { "id": 453, "left": 1000493.4, "top": 6314600.1, "right": 1002993.4, "bottom": 6312100.1, "grid_row": 20, "grid_col": 16, "id_2": 425, "name_fr": "Val-de-Chalvagne02", "name_nl": "Val-de-Chalvagne02", "population": 0.0, "centroid_lat": 43.878132547, "centroid_lon": 6.72434693 }, "geometry": { "type": "Polygon", "coordinates": [ [ [ 6.739144884960012, 43.866364975818712 ], [ 6.770206199083056, 43.865295596853443 ], [ 6.768722603673094, 43.842823405639628 ], [ 6.737673475639526, 43.843892349340109 ], [ 6.739144884960012, 43.866364975818712 ] ] ] } },
{ "type": "Feature", "properties": { "id": 428, "left": 997993.4, "top": 6309600.1, "right": 1000493.4, "bottom": 6307100.1, "grid_row": 22, "grid_col": 15, "id_2": 428, "name_fr": "Peyroules08", "name_nl": "Peyroules08", "population": 0.0, "centroid_lat": 43.810714461000003, "centroid_lon": 6.719952709 }, "geometry": { "type": "Polygon", "coordinates": [ [ [ 6.705165116201481, 43.822479691378092 ], [ 6.736203223042562, 43.821420015121888 ], [ 6.734734125806669, 43.798947976474942 ], [ 6.703708187353987, 43.800007221423598 ], [ 6.705165116201481, 43.822479691378092 ] ] ] } },
{ "type": "Feature", "properties": { "id": 429, "left": 997993.4, "top": 6307100.1, "right": 1000493.4, "bottom": 6304600.1, "grid_row": 23, "grid_col": 15, "id_2": 428, "name_fr": "Peyroules08", "name_nl": "Peyroules08", "population": 0.0, "centroid_lat": 43.810714461000003, "centroid_lon": 6.719952709 }, "geometry": { "type": "Polygon", "coordinates": [ [ [ 6.703708187353987, 43.800007221423598 ], [ 6.734734125806669, 43.798947976474942 ], [ 6.733266182571526, 43.776476236708618 ], [ 6.702252402991149, 43.777535050533409 ], [ 6.703708187353987, 43.800007221423598 ] ] ] } },
{ "type": "Feature", "properties": { "id": 443, "left": 1000493.4, "top": 6339600.1, "right": 1002993.4, "bottom": 6337100.1, "grid_row": 10, "grid_col": 16, "id_2": 443, "name_fr": "Castellet-lès-Sausses08", "name_nl": "Castellet-lès-Sausses08", "population": 0.0, "centroid_lat": 44.079332878000002, "centroid_lon": 6.768770201 }, "geometry": { "type": "Polygon", "coordinates": [ [ [ 6.753922899235034, 44.091106585526767 ], [ 6.785106601216585, 44.0900328436786 ], [ 6.783611267182602, 44.06755791413272 ], [ 6.752439847271153, 44.068631218852872 ], [ 6.753922899235034, 44.091106585526767 ] ] ] } },
{ "type": "Feature", "properties": { "id": 444, "left": 1000493.4, "top": 6337100.1, "right": 1002993.4, "bottom": 6334600.1, "grid_row": 11, "grid_col": 16, "id_2": 443, "name_fr": "Castellet-lès-Sausses08", "name_nl": "Castellet-lès-Sausses08", "population": 0.0, "centroid_lat": 44.079332878000002, "centroid_lon": 6.768770201 }, "geometry": { "type": "Polygon", "coordinates": [ [ [ 6.752439847271153, 44.068631218852872 ], [ 6.783611267182602, 44.06755791413272 ], [ 6.782117113264035, 44.045083243473655 ], [ 6.750957965773809, 44.046156111252834 ], [ 6.752439847271153, 44.068631218852872 ] ] ] } },
{ "type": "Feature", "properties": { "id": 418, "left": 997993.4, "top": 6334600.1, "right": 1000493.4, "bottom": 6332100.1, "grid_row": 12, "grid_col": 15, "id_2": 445, "name_fr": "Sausses01", "name_nl": "Sausses01", "population": 0.0, "centroid_lat": 44.034383101000003, "centroid_lon": 6.765794165 }, "geometry": { "type": "Polygon", "coordinates": [ [ [ 6.719797649201467, 44.047220110719152 ], [ 6.750957965773809, 44.046156111252834 ], [ 6.749477253358943, 44.023681266051682 ], [ 6.718329200952164, 44.024744832365528 ], [ 6.719797649201467, 44.047220110719152 ] ] ] } },
{ "type": "Feature", "properties": { "id": 445, "left": 1000493.4, "top": 6334600.1, "right": 1002993.4, "bottom": 6332100.1, "grid_row": 12, "grid_col": 16, "id_2": 445, "name_fr": "Sausses01", "name_nl": "Sausses01", "population": 0.0, "centroid_lat": 44.034383101000003, "centroid_lon": 6.765794165 }, "geometry": { "type": "Polygon", "coordinates": [ [ [ 6.750957965773809, 44.046156111252834 ], [ 6.782117113264035, 44.045083243473655 ], [ 6.780624138065487, 44.022608835026631 ], [ 6.749477253358943, 44.023681266051682 ], [ 6.750957965773809, 44.046156111252834 ] ] ] } },
{ "type": "Feature", "properties": { "id": 472, "left": 1002993.4, "top": 6334600.1, "right": 1005493.4, "bottom": 6332100.1, "grid_row": 12, "grid_col": 17, "id_2": 445, "name_fr": "Sausses01", "name_nl": "Sausses01", "population": 0.0, "centroid_lat": 44.034383101000003, "centroid_lon": 6.765794165 }, "geometry": { "type": "Polygon", "coordinates": [ [ [ 6.782117113264035, 44.045083243473655 ], [ 6.81327508203461, 44.044001507899118 ], [ 6.811769845445578, 44.021527539807423 ], [ 6.780624138065487, 44.022608835026631 ], [ 6.782117113264035, 44.045083243473655 ] ] ] } },
{ "type": "Feature", "properties": { "id": 419, "left": 997993.4, "top": 6332100.1, "right": 1000493.4, "bottom": 6329600.1, "grid_row": 13, "grid_col": 15, "id_2": 446, "name_fr": "Sausses02", "name_nl": "Sausses02", "population": 37.0, "centroid_lat": 44.011908607000002, "centroid_lon": 6.764307907 }, "geometry": { "type": "Polygon", "coordinates": [ [ [ 6.718329200952164, 44.024744832365528 ], [ 6.749477253358943, 44.023681266051682 ], [ 6.747997708644678, 44.001206686573063 ], [ 6.716861910775067, 44.002269819919597 ], [ 6.718329200952164, 44.024744832365528 ] ] ] } },
{ "type": "Feature", "properties": { "id": 420, "left": 997993.4, "top": 6329600.1, "right": 1000493.4, "bottom": 6327100.1, "grid_row": 14, "grid_col": 15, "id_2": 446, "name_fr": "Sausses02", "name_nl": "Sausses02", "population": 37.0, "centroid_lat": 44.011908607000002, "centroid_lon": 6.764307907 }, "geometry": { "type": "Polygon", "coordinates": [ [ [ 6.716861910775067, 44.002269819919597 ], [ 6.747997708644678, 44.001206686573063 ], [ 6.746519330251308, 43.978732376139178 ], [ 6.715395777301783, 43.979795076703439 ], [ 6.716861910775067, 44.002269819919597 ] ] ] } },
{ "type": "Feature", "properties": { "id": 446, "left": 1000493.4, "top": 6332100.1, "right": 1002993.4, "bottom": 6329600.1, "grid_row": 13, "grid_col": 16, "id_2": 446, "name_fr": "Sausses02", "name_nl": "Sausses02", "population": 37.0, "centroid_lat": 44.011908607000002, "centroid_lon": 6.764307907 }, "geometry": { "type": "Polygon", "coordinates": [ [ [ 6.749477253358943, 44.023681266051682 ], [ 6.780624138065487, 44.022608835026631 ], [ 6.779132340193755, 44.000134692115424 ], [ 6.747997708644678, 44.001206686573063 ], [ 6.749477253358943, 44.023681266051682 ] ] ] } },
{ "type": "Feature", "properties": { "id": 447, "left": 1000493.4, "top": 6329600.1, "right": 1002993.4, "bottom": 6327100.1, "grid_row": 14, "grid_col": 16, "id_2": 446, "name_fr": "Sausses02", "name_nl": "Sausses02", "population": 37.0, "centroid_lat": 44.011908607000002, "centroid_lon": 6.764307907 }, "geometry": { "type": "Polygon", "coordinates": [ [ [ 6.747997708644678, 44.001206686573063 ], [ 6.779132340193755, 44.000134692115424 ], [ 6.777641718257832, 43.977660818062404 ], [ 6.746519330251308, 43.978732376139178 ], [ 6.747997708644678, 44.001206686573063 ] ] ] } },
{ "type": "Feature", "properties": { "id": 473, "left": 1002993.4, "top": 6332100.1, "right": 1005493.4, "bottom": 6329600.1, "grid_row": 13, "grid_col": 17, "id_2": 446, "name_fr": "Sausses02", "name_nl": "Sausses02", "population": 37.0, "centroid_lat": 44.011908607000002, "centroid_lon": 6.764307907 }, "geometry": { "type": "Polygon", "coordinates": [ [ [ 6.780624138065487, 44.022608835026631 ], [ 6.811769845445578, 44.021527539807423 ], [ 6.810265795807386, 43.999053837063336 ], [ 6.779132340193755, 44.000134692115424 ], [ 6.780624138065487, 44.022608835026631 ] ] ] } },
{ "type": "Feature", "properties": { "id": 474, "left": 1002993.4, "top": 6329600.1, "right": 1005493.4, "bottom": 6327100.1, "grid_row": 14, "grid_col": 17, "id_2": 446, "name_fr": "Sausses02", "name_nl": "Sausses02", "population": 37.0, "centroid_lat": 44.011908607000002, "centroid_lon": 6.764307907 }, "geometry": { "type": "Polygon", "coordinates": [ [ [ 6.779132340193755, 44.000134692115424 ], [ 6.810265795807386, 43.999053837063336 ], [ 6.808762931717729, 43.976580402989363 ], [ 6.777641718257832, 43.977660818062404 ], [ 6.779132340193755, 44.000134692115424 ] ] ] } },
{ "type": "Feature", "properties": { "id": 447, "left": 1000493.4, "top": 6329600.1, "right": 1002993.4, "bottom": 6327100.1, "grid_row": 14, "grid_col": 16, "id_2": 447, "name_fr": "Castellet-lès-Sausses09", "name_nl": "Castellet-lès-Sausses09", "population": 89.0, "centroid_lat": 43.98943438, "centroid_lon": 6.762822821 }, "geometry": { "type": "Polygon", "coordinates": [ [ [ 6.747997708644678, 44.001206686573063 ], [ 6.779132340193755, 44.000134692115424 ], [ 6.777641718257832, 43.977660818062404 ], [ 6.746519330251308, 43.978732376139178 ], [ 6.747997708644678, 44.001206686573063 ] ] ] } },
{ "type": "Feature", "properties": { "id": 448, "left": 1000493.4, "top": 6327100.1, "right": 1002993.4, "bottom": 6324600.1, "grid_row": 15, "grid_col": 16, "id_2": 447, "name_fr": "Castellet-lès-Sausses09", "name_nl": "Castellet-lès-Sausses09", "population": 89.0, "centroid_lat": 43.98943438, "centroid_lon": 6.762822821 }, "geometry": { "type": "Polygon", "coordinates": [ [ [ 6.746519330251308, 43.978732376139178 ], [ 6.777641718257832, 43.977660818062404 ], [ 6.776152270868899, 43.955187216188534 ], [ 6.745042116801303, 43.956258338070818 ], [ 6.746519330251308, 43.978732376139178 ] ] ] } },
{ "type": "Feature", "properties": { "id": 474, "left": 1002993.4, "top": 6329600.1, "right": 1005493.4, "bottom": 6327100.1, "grid_row": 14, "grid_col": 17, "id_2": 447, "name_fr": "Castellet-lès-Sausses09", "name_nl": "Castellet-lès-Sausses09", "population": 89.0, "centroid_lat": 43.98943438, "centroid_lon": 6.762822821 }, "geometry": { "type": "Polygon", "coordinates": [ [ [ 6.779132340193755, 44.000134692115424 ], [ 6.810265795807386, 43.999053837063336 ], [ 6.808762931717729, 43.976580402989363 ], [ 6.777641718257832, 43.977660818062404 ], [ 6.779132340193755, 44.000134692115424 ] ] ] } },
{ "type": "Feature", "properties": { "id": 475, "left": 1002993.4, "top": 6327100.1, "right": 1005493.4, "bottom": 6324600.1, "grid_row": 15, "grid_col": 17, "id_2": 447, "name_fr": "Castellet-lès-Sausses09", "name_nl": "Castellet-lès-Sausses09", "population": 89.0, "centroid_lat": 43.98943438, "centroid_lon": 6.762822821 }, "geometry": { "type": "Polygon", "coordinates": [ [ [ 6.777641718257832, 43.977660818062404 ], [ 6.808762931717729, 43.976580402989363 ], [ 6.807261251776505, 43.954107240906602 ], [ 6.776152270868899, 43.955187216188534 ], [ 6.777641718257832, 43.977660818062404 ] ] ] } },
{ "type": "Feature", "properties": { "id": 421, "left": 997993.4, "top": 6327100.1, "right": 1000493.4, "bottom": 6324600.1, "grid_row": 15, "grid_col": 15, "id_2": 448, "name_fr": "Entrevaux01", "name_nl": "Entrevaux01", "population": 13.0, "centroid_lat": 43.966960424, "centroid_lon": 6.761338906 }, "geometry": { "type": "Polygon", "coordinates": [ [ [ 6.715395777301783, 43.979795076703439 ], [ 6.746519330251308, 43.978732376139178 ], [ 6.745042116801303, 43.956258338070818 ], [ 6.713930799166068, 43.957320606037662 ], [ 6.715395777301783, 43.979795076703439 ] ] ] } },
{ "type": "Feature", "properties": { "id": 422, "left": 997993.4, "top": 6324600.1, "right": 1000493.4, "bottom": 6322100.1, "grid_row": 16, "grid_col": 15, "id_2": 448, "name_fr": "Entrevaux01", "name_nl": "Entrevaux01", "population": 13.0, "centroid_lat": 43.966960424, "centroid_lon": 6.761338906 }, "geometry": { "type": "Polygon", "coordinates": [ [ [ 6.713930799166068, 43.957320606037662 ], [ 6.745042116801303, 43.956258338070818 ], [ 6.743566066919294, 43.933784575687362 ], [ 6.712466975003832, 43.934846411241516 ], [ 6.713930799166068, 43.957320606037662 ] ] ] } },
{ "type": "Feature", "properties": { "id": 448, "left": 1000493.4, "top": 6327100.1, "right": 1002993.4, "bottom": 6324600.1, "grid_row": 15, "grid_col": 16, "id_2": 448, "name_fr": "Entrevaux01", "name_nl": "Entrevaux01", "population": 13.0, "centroid_lat": 43.966960424, "centroid_lon": 6.761338906 }, "geometry": { "type": "Polygon", "coordinates": [ [ [ 6.746519330251308, 43.978732376139178 ], [ 6.777641718257832, 43.977660818062404 ], [ 6.776152270868899, 43.955187216188534 ], [ 6.745042116801303, 43.956258338070818 ], [ 6.746519330251308, 43.978732376139178 ] ] ] } },
{ "type": "Feature", "properties": { "id": 449, "left": 1000493.4, "top": 6324600.1, "right": 1002993.4, "bottom": 6322100.1, "grid_row": 16, "grid_col": 16, "id_2": 448, "name_fr": "Entrevaux01", "name_nl": "Entrevaux01", "population": 13.0, "centroid_lat": 43.966960424, "centroid_lon": 6.761338906 }, "geometry": { "type": "Polygon", "coordinates": [ [ [ 6.745042116801303, 43.956258338070818 ], [ 6.776152270868899, 43.955187216188534 ], [ 6.774663996640323, 43.932713889813307 ], [ 6.743566066919294, 43.933784575687362 ], [ 6.745042116801303, 43.956258338070818 ] ] ] } },
{ "type": "Feature", "properties": { "id": 475, "left": 1002993.4, "top": 6327100.1, "right": 1005493.4, "bottom": 6324600.1, "grid_row": 15, "grid_col": 17, "id_2": 448, "name_fr": "Entrevaux01", "name_nl": "Entrevaux01", "population": 13.0, "centroid_lat": 43.966960424, "centroid_lon": 6.761338906 }, "geometry": { "type": "Polygon", "coordinates": [ [ [ 6.777641718257832, 43.977660818062404 ], [ 6.808762931717729, 43.976580402989363 ], [ 6.807261251776505, 43.954107240906602 ], [ 6.776152270868899, 43.955187216188534 ], [ 6.777641718257832, 43.977660818062404 ] ] ] } },
{ "type": "Feature", "properties": { "id": 422, "left": 997993.4, "top": 6324600.1, "right": 1000493.4, "bottom": 6322100.1, "grid_row": 16, "grid_col": 15, "id_2": 449, "name_fr": "Entrevaux02", "name_nl": "Entrevaux02", "population": 3.0, "centroid_lat": 43.944486741, "centroid_lon": 6.75985616 }, "geometry": { "type": "Polygon", "coordinates": [ [ [ 6.713930799166068, 43.957320606037662 ], [ 6.745042116801303, 43.956258338070818 ], [ 6.743566066919294, 43.933784575687362 ], [ 6.712466975003832, 43.934846411241516 ], [ 6.713930799166068, 43.957320606037662 ] ] ] } },
{ "type": "Feature", "properties": { "id": 423, "left": 997993.4, "top": 6322100.1, "right": 1000493.4, "bottom": 6319600.1, "grid_row": 17, "grid_col": 15, "id_2": 449, "name_fr": "Entrevaux02", "name_nl": "Entrevaux02", "population": 3.0, "centroid_lat": 43.944486741, "centroid_lon": 6.75985616 }, "geometry": { "type": "Polygon", "coordinates": [ [ [ 6.712466975003832, 43.934846411241516 ], [ 6.743566066919294, 43.933784575687362 ], [ 6.742091179232081, 43.911311092306732 ], [ 6.711004303453125, 43.912372495632773 ], [ 6.712466975003832, 43.934846411241516 ] ] ] } },
{ "type": "Feature", "properties": { "id": 449, "left": 1000493.4, "top": 6324600.1, "right": 1002993.4, "bottom": 6322100.1, "grid_row": 16, "grid_col": 16, "id_2": 449, "name_fr": "Entrevaux02", "name_nl": "Entrevaux02", "population": 3.0, "centroid_lat": 43.944486741, "centroid_lon": 6.75985616 }, "geometry": { "type": "Polygon", "coordinates": [ [ [ 6.745042116801303, 43.956258338070818 ], [ 6.776152270868899, 43.955187216188534 ], [ 6.774663996640323, 43.932713889813307 ], [ 6.743566066919294, 43.933784575687362 ], [ 6.745042116801303, 43.956258338070818 ] ] ] } },
{ "type": "Feature", "properties": { "id": 450, "left": 1000493.4, "top": 6322100.1, "right": 1002993.4, "bottom": 6319600.1, "grid_row": 17, "grid_col": 16, "id_2": 449, "name_fr": "Entrevaux02", "name_nl": "Entrevaux02", "population": 3.0, "centroid_lat": 43.944486741, "centroid_lon": 6.75985616 }, "geometry": { "type": "Polygon", "coordinates": [ [ [ 6.743566066919294, 43.933784575687362 ], [ 6.774663996640323, 43.932713889813307 ], [ 6.773176894187647, 43.910240842254829 ], [ 6.742091179232081, 43.911311092306732 ], [ 6.743566066919294, 43.933784575687362 ] ] ] } },
{ "type": "Feature", "properties": { "id": 476, "left": 1002993.4, "top": 6324600.1, "right": 1005493.4, "bottom": 6322100.1, "grid_row": 16, "grid_col": 17, "id_2": 449, "name_fr": "Entrevaux02", "name_nl": "Entrevaux02", "population": 3.0, "centroid_lat": 43.944486741, "centroid_lon": 6.75985616 }, "geometry": { "type": "Polygon", "coordinates": [ [ [ 6.776152270868899, 43.955187216188534 ], [ 6.807261251776505, 43.954107240906602 ], [ 6.805760754585813, 43.931634354134729 ], [ 6.774663996640323, 43.932713889813307 ], [ 6.776152270868899, 43.955187216188534 ] ] ] } },
{ "type": "Feature", "properties": { "id": 477, "left": 1002993.4, "top": 6322100.1, "right": 1005493.4, "bottom": 6319600.1, "grid_row": 17, "grid_col": 17, "id_2": 449, "name_fr": "Entrevaux02", "name_nl": "Entrevaux02", "population": 3.0, "centroid_lat": 43.944486741, "centroid_lon": 6.75985616 }, "geometry": { "type": "Polygon", "coordinates": [ [ [ 6.774663996640323, 43.932713889813307 ], [ 6.805760754585813, 43.931634354134729 ], [ 6.804261438749951, 43.909161745992009 ], [ 6.773176894187647, 43.910240842254829 ], [ 6.774663996640323, 43.932713889813307 ] ] ] } },
{ "type": "Feature", "properties": { "id": 423, "left": 997993.4, "top": 6322100.1, "right": 1000493.4, "bottom": 6319600.1, "grid_row": 17, "grid_col": 15, "id_2": 450, "name_fr": "Val-de-Chalvagne03", "name_nl": "Val-de-Chalvagne03", "population": 21.0, "centroid_lat": 43.922013336, "centroid_lon": 6.758374581 }, "geometry": { "type": "Polygon", "coordinates": [ [ [ 6.712466975003832, 43.934846411241516 ], [ 6.743566066919294, 43.933784575687362 ], [ 6.742091179232081, 43.911311092306732 ], [ 6.711004303453125, 43.912372495632773 ], [ 6.712466975003832, 43.934846411241516 ] ] ] } },
{ "type": "Feature", "properties": { "id": 424, "left": 997993.4, "top": 6319600.1, "right": 1000493.4, "bottom": 6317100.1, "grid_row": 18, "grid_col": 15, "id_2": 450, "name_fr": "Val-de-Chalvagne03", "name_nl": "Val-de-Chalvagne03", "population": 21.0, "centroid_lat": 43.922013336, "centroid_lon": 6.758374581 }, "geometry": { "type": "Polygon", "coordinates": [ [ [ 6.711004303453125, 43.912372495632773 ], [ 6.742091179232081, 43.911311092306732 ], [ 6.740617452368618, 43.888837891245487 ], [ 6.709542783154141, 43.889898862527815 ], [ 6.711004303453125, 43.912372495632773 ] ] ] } },
{ "type": "Feature", "properties": { "id": 450, "left": 1000493.4, "top": 6322100.1, "right": 1002993.4, "bottom": 6319600.1, "grid_row": 17, "grid_col": 16, "id_2": 450, "name_fr": "Val-de-Chalvagne03", "name_nl": "Val-de-Chalvagne03", "population": 21.0, "centroid_lat": 43.922013336, "centroid_lon": 6.758374581 }, "geometry": { "type": "Polygon", "coordinates": [ [ [ 6.743566066919294, 43.933784575687362 ], [ 6.774663996640323, 43.932713889813307 ], [ 6.773176894187647, 43.910240842254829 ], [ 6.742091179232081, 43.911311092306732 ], [ 6.743566066919294, 43.933784575687362 ] ] ] } },
{ "type": "Feature", "properties": { "id": 451, "left": 1000493.4, "top": 6319600.1, "right": 1002993.4, "bottom": 6317100.1, "grid_row": 18, "grid_col": 16, "id_2": 450, "name_fr": "Val-de-Chalvagne03", "name_nl": "Val-de-Chalvagne03", "population": 21.0, "centroid_lat": 43.922013336, "centroid_lon": 6.758374581 }, "geometry": { "type": "Polygon", "coordinates": [ [ [ 6.742091179232081, 43.911311092306732 ], [ 6.773176894187647, 43.910240842254829 ], [ 6.771690962128594, 43.887768076829772 ], [ 6.740617452368618, 43.888837891245487 ], [ 6.742091179232081, 43.911311092306732 ] ] ] } },
{ "type": "Feature", "properties": { "id": 477, "left": 1002993.4, "top": 6322100.1, "right": 1005493.4, "bottom": 6319600.1, "grid_row": 17, "grid_col": 17, "id_2": 450, "name_fr": "Val-de-Chalvagne03", "name_nl": "Val-de-Chalvagne03", "population": 21.0, "centroid_lat": 43.922013336, "centroid_lon": 6.758374581 }, "geometry": { "type": "Polygon", "coordinates": [ [ [ 6.774663996640323, 43.932713889813307 ], [ 6.805760754585813, 43.931634354134729 ], [ 6.804261438749951, 43.909161745992009 ], [ 6.773176894187647, 43.910240842254829 ], [ 6.774663996640323, 43.932713889813307 ] ] ] } },
{ "type": "Feature", "properties": { "id": 478, "left": 1002993.4, "top": 6319600.1, "right": 1005493.4, "bottom": 6317100.1, "grid_row": 18, "grid_col": 17, "id_2": 450, "name_fr": "Val-de-Chalvagne03", "name_nl": "Val-de-Chalvagne03", "population": 21.0, "centroid_lat": 43.922013336, "centroid_lon": 6.758374581 }, "geometry": { "type": "Polygon", "coordinates": [ [ [ 6.773176894187647, 43.910240842254829 ], [ 6.804261438749951, 43.909161745992009 ], [ 6.802763302875415, 43.88668941979526 ], [ 6.771690962128594, 43.887768076829772 ], [ 6.773176894187647, 43.910240842254829 ] ] ] } },
{ "type": "Feature", "properties": { "id": 424, "left": 997993.4, "top": 6319600.1, "right": 1000493.4, "bottom": 6317100.1, "grid_row": 18, "grid_col": 15, "id_2": 451, "name_fr": "Val-de-Chalvagne04", "name_nl": "Val-de-Chalvagne04", "population": 14.0, "centroid_lat": 43.899540211000001, "centroid_lon": 6.756894169 }, "geometry": { "type": "Polygon", "coordinates": [ [ [ 6.711004303453125, 43.912372495632773 ], [ 6.742091179232081, 43.911311092306732 ], [ 6.740617452368618, 43.888837891245487 ], [ 6.709542783154141, 43.889898862527815 ], [ 6.711004303453125, 43.912372495632773 ] ] ] } },
{ "type": "Feature", "properties": { "id": 425, "left": 997993.4, "top": 6317100.1, "right": 1000493.4, "bottom": 6314600.1, "grid_row": 19, "grid_col": 15, "id_2": 451, "name_fr": "Val-de-Chalvagne04", "name_nl": "Val-de-Chalvagne04", "population": 14.0, "centroid_lat": 43.899540211000001, "centroid_lon": 6.756894169 }, "geometry": { "type": "Polygon", "coordinates": [ [ [ 6.709542783154141, 43.889898862527815 ], [ 6.740617452368618, 43.888837891245487 ], [ 6.739144884960012, 43.866364975818712 ], [ 6.708082412749208, 43.867425515241607 ], [ 6.709542783154141, 43.889898862527815 ] ] ] } },
{ "type": "Feature", "properties": { "id": 451, "left": 1000493.4, "top": 6319600.1, "right": 1002993.4, "bottom": 6317100.1, "grid_row": 18, "grid_col": 16, "id_2": 451, "name_fr": "Val-de-Chalvagne04", "name_nl": "Val-de-Chalvagne04", "population": 14.0, "centroid_lat": 43.899540211000001, "centroid_lon": 6.756894169 }, "geometry": { "type": "Polygon", "coordinates": [ [ [ 6.742091179232081, 43.911311092306732 ], [ 6.773176894187647, 43.910240842254829 ], [ 6.771690962128594, 43.887768076829772 ], [ 6.740617452368618, 43.888837891245487 ], [ 6.742091179232081, 43.911311092306732 ] ] ] } },
{ "type": "Feature", "properties": { "id": 452, "left": 1000493.4, "top": 6317100.1, "right": 1002993.4, "bottom": 6314600.1, "grid_row": 19, "grid_col": 16, "id_2": 451, "name_fr": "Val-de-Chalvagne04", "name_nl": "Val-de-Chalvagne04", "population": 14.0, "centroid_lat": 43.899540211000001, "centroid_lon": 6.756894169 }, "geometry": { "type": "Polygon", "coordinates": [ [ [ 6.740617452368618, 43.888837891245487 ], [ 6.771690962128594, 43.887768076829772 ], [ 6.770206199083056, 43.865295596853443 ], [ 6.739144884960012, 43.866364975818712 ], [ 6.740617452368618, 43.888837891245487 ] ] ] } },
{ "type": "Feature", "properties": { "id": 478, "left": 1002993.4, "top": 6319600.1, "right": 1005493.4, "bottom": 6317100.1, "grid_row": 18, "grid_col": 17, "id_2": 451, "name_fr": "Val-de-Chalvagne04", "name_nl": "Val-de-Chalvagne04", "population": 14.0, "centroid_lat": 43.899540211000001, "centroid_lon": 6.756894169 }, "geometry": { "type": "Polygon", "coordinates": [ [ [ 6.773176894187647, 43.910240842254829 ], [ 6.804261438749951, 43.909161745992009 ], [ 6.802763302875415, 43.88668941979526 ], [ 6.771690962128594, 43.887768076829772 ], [ 6.773176894187647, 43.910240842254829 ] ] ] } },
{ "type": "Feature", "properties": { "id": 479, "left": 1002993.4, "top": 6317100.1, "right": 1005493.4, "bottom": 6314600.1, "grid_row": 19, "grid_col": 17, "id_2": 451, "name_fr": "Val-de-Chalvagne04", "name_nl": "Val-de-Chalvagne04", "population": 14.0, "centroid_lat": 43.899540211000001, "centroid_lon": 6.756894169 }, "geometry": { "type": "Polygon", "coordinates": [ [ [ 6.771690962128594, 43.887768076829772 ], [ 6.802763302875415, 43.88668941979526 ], [ 6.801266345570883, 43.864217378859912 ], [ 6.770206199083056, 43.865295596853443 ], [ 6.771690962128594, 43.887768076829772 ] ] ] } },
{ "type": "Feature", "properties": { "id": 425, "left": 997993.4, "top": 6317100.1, "right": 1000493.4, "bottom": 6314600.1, "grid_row": 19, "grid_col": 15, "id_2": 452, "name_fr": "Val-de-Chalvagne05", "name_nl": "Val-de-Chalvagne05", "population": 4.0, "centroid_lat": 43.87706737, "centroid_lon": 6.755414921 }, "geometry": { "type": "Polygon", "coordinates": [ [ [ 6.709542783154141, 43.889898862527815 ], [ 6.740617452368618, 43.888837891245487 ], [ 6.739144884960012, 43.866364975818712 ], [ 6.708082412749208, 43.867425515241607 ], [ 6.709542783154141, 43.889898862527815 ] ] ] } },
{ "type": "Feature", "properties": { "id": 452, "left": 1000493.4, "top": 6317100.1, "right": 1002993.4, "bottom": 6314600.1, "grid_row": 19, "grid_col": 16, "id_2": 452, "name_fr": "Val-de-Chalvagne05", "name_nl": "Val-de-Chalvagne05", "population": 4.0, "centroid_lat": 43.87706737, "centroid_lon": 6.755414921 }, "geometry": { "type": "Polygon", "coordinates": [ [ [ 6.740617452368618, 43.888837891245487 ], [ 6.771690962128594, 43.887768076829772 ], [ 6.770206199083056, 43.865295596853443 ], [ 6.739144884960012, 43.866364975818712 ], [ 6.740617452368618, 43.888837891245487 ] ] ] } },
{ "type": "Feature", "properties": { "id": 453, "left": 1000493.4, "top": 6314600.1, "right": 1002993.4, "bottom": 6312100.1, "grid_row": 20, "grid_col": 16, "id_2": 452, "name_fr": "Val-de-Chalvagne05", "name_nl": "Val-de-Chalvagne05", "population": 4.0, "centroid_lat": 43.87706737, "centroid_lon": 6.755414921 }, "geometry": { "type": "Polygon", "coordinates": [ [ [ 6.739144884960012, 43.866364975818712 ], [ 6.770206199083056, 43.865295596853443 ], [ 6.768722603673094, 43.842823405639628 ], [ 6.737673475639526, 43.843892349340109 ], [ 6.739144884960012, 43.866364975818712 ] ] ] } },
{ "type": "Feature", "properties": { "id": 479, "left": 1002993.4, "top": 6317100.1, "right": 1005493.4, "bottom": 6314600.1, "grid_row": 19, "grid_col": 17, "id_2": 452, "name_fr": "Val-de-Chalvagne05", "name_nl": "Val-de-Chalvagne05", "population": 4.0, "centroid_lat": 43.87706737, "centroid_lon": 6.755414921 }, "geometry": { "type": "Polygon", "coordinates": [ [ [ 6.771690962128594, 43.887768076829772 ], [ 6.802763302875415, 43.88668941979526 ], [ 6.801266345570883, 43.864217378859912 ], [ 6.770206199083056, 43.865295596853443 ], [ 6.771690962128594, 43.887768076829772 ] ] ] } },
{ "type": "Feature", "properties": { "id": 445, "left": 1000493.4, "top": 6334600.1, "right": 1002993.4, "bottom": 6332100.1, "grid_row": 12, "grid_col": 16, "id_2": 472, "name_fr": "Sausses03", "name_nl": "Sausses03", "population": 0.0, "centroid_lat": 44.033306019000001, "centroid_lon": 6.796946592 }, "geometry": { "type": "Polygon", "coordinates": [ [ [ 6.750957965773809, 44.046156111252834 ], [ 6.782117113264035, 44.045083243473655 ], [ 6.780624138065487, 44.022608835026631 ], [ 6.749477253358943, 44.023681266051682 ], [ 6.750957965773809, 44.046156111252834 ] ] ] } },
{ "type": "Feature", "properties": { "id": 446, "left": 1000493.4, "top": 6332100.1, "right": 1002993.4, "bottom": 6329600.1, "grid_row": 13, "grid_col": 16, "id_2": 472, "name_fr": "Sausses03", "name_nl": "Sausses03", "population": 0.0, "centroid_lat": 44.033306019000001, "centroid_lon": 6.796946592 }, "geometry": { "type": "Polygon", "coordinates": [ [ [ 6.749477253358943, 44.023681266051682 ], [ 6.780624138065487, 44.022608835026631 ], [ 6.779132340193755, 44.000134692115424 ], [ 6.747997708644678, 44.001206686573063 ], [ 6.749477253358943, 44.023681266051682 ] ] ] } },
{ "type": "Feature", "properties": { "id": 472, "left": 1002993.4, "top": 6334600.1, "right": 1005493.4, "bottom": 6332100.1, "grid_row": 12, "grid_col": 17, "id_2": 472, "name_fr": "Sausses03", "name_nl": "Sausses03", "population": 0.0, "centroid_lat": 44.033306019000001, "centroid_lon": 6.796946592 }, "geometry": { "type": "Polygon", "coordinates": [ [ [ 6.782117113264035, 44.045083243473655 ], [ 6.81327508203461, 44.044001507899118 ], [ 6.811769845445578, 44.021527539807423 ], [ 6.780624138065487, 44.022608835026631 ], [ 6.782117113264035, 44.045083243473655 ] ] ] } },
{ "type": "Feature", "properties": { "id": 473, "left": 1002993.4, "top": 6332100.1, "right": 1005493.4, "bottom": 6329600.1, "grid_row": 13, "grid_col": 17, "id_2": 472, "name_fr": "Sausses03", "name_nl": "Sausses03", "population": 0.0, "centroid_lat": 44.033306019000001, "centroid_lon": 6.796946592 }, "geometry": { "type": "Polygon", "coordinates": [ [ [ 6.780624138065487, 44.022608835026631 ], [ 6.811769845445578, 44.021527539807423 ], [ 6.810265795807386, 43.999053837063336 ], [ 6.779132340193755, 44.000134692115424 ], [ 6.780624138065487, 44.022608835026631 ] ] ] } },
{ "type": "Feature", "properties": { "id": 499, "left": 1005493.4, "top": 6334600.1, "right": 1007993.4, "bottom": 6332100.1, "grid_row": 12, "grid_col": 18, "id_2": 472, "name_fr": "Sausses03", "name_nl": "Sausses03", "population": 0.0, "centroid_lat": 44.033306019000001, "centroid_lon": 6.796946592 }, "geometry": { "type": "Polygon", "coordinates": [ [ [ 6.81327508203461, 44.044001507899118 ], [ 6.844431862450195, 44.042910905050981 ], [ 6.842914365875197, 44.020437380915432 ], [ 6.811769845445578, 44.021527539807423 ], [ 6.81327508203461, 44.044001507899118 ] ] ] } },
{ "type": "Feature", "properties": { "id": 500, "left": 1005493.4, "top": 6332100.1, "right": 1007993.4, "bottom": 6329600.1, "grid_row": 13, "grid_col": 18, "id_2": 472, "name_fr": "Sausses03", "name_nl": "Sausses03", "population": 0.0, "centroid_lat": 44.033306019000001, "centroid_lon": 6.796946592 }, "geometry": { "type": "Polygon", "coordinates": [ [ [ 6.811769845445578, 44.021527539807423 ], [ 6.842914365875197, 44.020437380915432 ], [ 6.841398065872855, 43.997964121937713 ], [ 6.810265795807386, 43.999053837063336 ], [ 6.811769845445578, 44.021527539807423 ] ] ] } },
{ "type": "Feature", "properties": { "id": 446, "left": 1000493.4, "top": 6332100.1, "right": 1002993.4, "bottom": 6329600.1, "grid_row": 13, "grid_col": 16, "id_2": 473, "name_fr": "Sausses04", "name_nl": "Sausses04", "population": 85.0, "centroid_lat": 44.010831963000001, "centroid_lon": 6.795448077 }, "geometry": { "type": "Polygon", "coordinates": [ [ [ 6.749477253358943, 44.023681266051682 ], [ 6.780624138065487, 44.022608835026631 ], [ 6.779132340193755, 44.000134692115424 ], [ 6.747997708644678, 44.001206686573063 ], [ 6.749477253358943, 44.023681266051682 ] ] ] } },
{ "type": "Feature", "properties": { "id": 473, "left": 1002993.4, "top": 6332100.1, "right": 1005493.4, "bottom": 6329600.1, "grid_row": 13, "grid_col": 17, "id_2": 473, "name_fr": "Sausses04", "name_nl": "Sausses04", "population": 85.0, "centroid_lat": 44.010831963000001, "centroid_lon": 6.795448077 }, "geometry": { "type": "Polygon", "coordinates": [ [ [ 6.780624138065487, 44.022608835026631 ], [ 6.811769845445578, 44.021527539807423 ], [ 6.810265795807386, 43.999053837063336 ], [ 6.779132340193755, 44.000134692115424 ], [ 6.780624138065487, 44.022608835026631 ] ] ] } },
{ "type": "Feature", "properties": { "id": 474, "left": 1002993.4, "top": 6329600.1, "right": 1005493.4, "bottom": 6327100.1, "grid_row": 14, "grid_col": 17, "id_2": 473, "name_fr": "Sausses04", "name_nl": "Sausses04", "population": 85.0, "centroid_lat": 44.010831963000001, "centroid_lon": 6.795448077 }, "geometry": { "type": "Polygon", "coordinates": [ [ [ 6.779132340193755, 44.000134692115424 ], [ 6.810265795807386, 43.999053837063336 ], [ 6.808762931717729, 43.976580402989363 ], [ 6.777641718257832, 43.977660818062404 ], [ 6.779132340193755, 44.000134692115424 ] ] ] } },
{ "type": "Feature", "properties": { "id": 500, "left": 1005493.4, "top": 6332100.1, "right": 1007993.4, "bottom": 6329600.1, "grid_row": 13, "grid_col": 18, "id_2": 473, "name_fr": "Sausses04", "name_nl": "Sausses04", "population": 85.0, "centroid_lat": 44.010831963000001, "centroid_lon": 6.795448077 }, "geometry": { "type": "Polygon", "coordinates": [ [ [ 6.811769845445578, 44.021527539807423 ], [ 6.842914365875197, 44.020437380915432 ], [ 6.841398065872855, 43.997964121937713 ], [ 6.810265795807386, 43.999053837063336 ], [ 6.811769845445578, 44.021527539807423 ] ] ] } },
{ "type": "Feature", "properties": { "id": 501, "left": 1005493.4, "top": 6329600.1, "right": 1007993.4, "bottom": 6327100.1, "grid_row": 14, "grid_col": 18, "id_2": 473, "name_fr": "Sausses04", "name_nl": "Sausses04", "population": 85.0, "centroid_lat": 44.010831963000001, "centroid_lon": 6.795448077 }, "geometry": { "type": "Polygon", "coordinates": [ [ [ 6.810265795807386, 43.999053837063336 ], [ 6.841398065872855, 43.997964121937713 ], [ 6.839882961029562, 43.975491131440528 ], [ 6.808762931717729, 43.976580402989363 ], [ 6.810265795807386, 43.999053837063336 ] ] ] } },
{ "type": "Feature", "properties": { "id": 474, "left": 1002993.4, "top": 6329600.1, "right": 1005493.4, "bottom": 6327100.1, "grid_row": 14, "grid_col": 17, "id_2": 474, "name_fr": "Castellet-lès-Sausses10", "name_nl": "Castellet-lès-Sausses10", "population": 0.0, "centroid_lat": 43.988358173999998, "centroid_lon": 6.793950744 }, "geometry": { "type": "Polygon", "coordinates": [ [ [ 6.779132340193755, 44.000134692115424 ], [ 6.810265795807386, 43.999053837063336 ], [ 6.808762931717729, 43.976580402989363 ], [ 6.777641718257832, 43.977660818062404 ], [ 6.779132340193755, 44.000134692115424 ] ] ] } },
{ "type": "Feature", "properties": { "id": 475, "left": 1002993.4, "top": 6327100.1, "right": 1005493.4, "bottom": 6324600.1, "grid_row": 15, "grid_col": 17, "id_2": 474, "name_fr": "Castellet-lès-Sausses10", "name_nl": "Castellet-lès-Sausses10", "population": 0.0, "centroid_lat": 43.988358173999998, "centroid_lon": 6.793950744 }, "geometry": { "type": "Polygon", "coordinates": [ [ [ 6.777641718257832, 43.977660818062404 ], [ 6.808762931717729, 43.976580402989363 ], [ 6.807261251776505, 43.954107240906602 ], [ 6.776152270868899, 43.955187216188534 ], [ 6.777641718257832, 43.977660818062404 ] ] ] } },
{ "type": "Feature", "properties": { "id": 501, "left": 1005493.4, "top": 6329600.1, "right": 1007993.4, "bottom": 6327100.1, "grid_row": 14, "grid_col": 18, "id_2": 474, "name_fr": "Castellet-lès-Sausses10", "name_nl": "Castellet-lès-Sausses10", "population": 0.0, "centroid_lat": 43.988358173999998, "centroid_lon": 6.793950744 }, "geometry": { "type": "Polygon", "coordinates": [ [ [ 6.810265795807386, 43.999053837063336 ], [ 6.841398065872855, 43.997964121937713 ], [ 6.839882961029562, 43.975491131440528 ], [ 6.808762931717729, 43.976580402989363 ], [ 6.810265795807386, 43.999053837063336 ] ] ] } },
{ "type": "Feature", "properties": { "id": 502, "left": 1005493.4, "top": 6327100.1, "right": 1007993.4, "bottom": 6324600.1, "grid_row": 15, "grid_col": 18, "id_2": 474, "name_fr": "Castellet-lès-Sausses10", "name_nl": "Castellet-lès-Sausses10", "population": 0.0, "centroid_lat": 43.988358173999998, "centroid_lon": 6.793950744 }, "geometry": { "type": "Polygon", "coordinates": [ [ [ 6.808762931717729, 43.976580402989363 ], [ 6.839882961029562, 43.975491131440528 ], [ 6.838369049933942, 43.953018412745102 ], [ 6.807261251776505, 43.954107240906602 ], [ 6.808762931717729, 43.976580402989363 ] ] ] } },
{ "type": "Feature", "properties": { "id": 448, "left": 1000493.4, "top": 6327100.1, "right": 1002993.4, "bottom": 6324600.1, "grid_row": 15, "grid_col": 16, "id_2": 475, "name_fr": "Entrevaux03", "name_nl": "Entrevaux03", "population": 202.0, "centroid_lat": 43.965884656, "centroid_lon": 6.79245459 }, "geometry": { "type": "Polygon", "coordinates": [ [ [ 6.746519330251308, 43.978732376139178 ], [ 6.777641718257832, 43.977660818062404 ], [ 6.776152270868899, 43.955187216188534 ], [ 6.745042116801303, 43.956258338070818 ], [ 6.746519330251308, 43.978732376139178 ] ] ] } },
{ "type": "Feature", "properties": { "id": 449, "left": 1000493.4, "top": 6324600.1, "right": 1002993.4, "bottom": 6322100.1, "grid_row": 16, "grid_col": 16, "id_2": 475, "name_fr": "Entrevaux03", "name_nl": "Entrevaux03", "population": 202.0, "centroid_lat": 43.965884656, "centroid_lon": 6.79245459 }, "geometry": { "type": "Polygon", "coordinates": [ [ [ 6.745042116801303, 43.956258338070818 ], [ 6.776152270868899, 43.955187216188534 ], [ 6.774663996640323, 43.932713889813307 ], [ 6.743566066919294, 43.933784575687362 ], [ 6.745042116801303, 43.956258338070818 ] ] ] } },
{ "type": "Feature", "properties": { "id": 475, "left": 1002993.4, "top": 6327100.1, "right": 1005493.4, "bottom": 6324600.1, "grid_row": 15, "grid_col": 17, "id_2": 475, "name_fr": "Entrevaux03", "name_nl": "Entrevaux03", "population": 202.0, "centroid_lat": 43.965884656, "centroid_lon": 6.79245459 }, "geometry": { "type": "Polygon", "coordinates": [ [ [ 6.777641718257832, 43.977660818062404 ], [ 6.808762931717729, 43.976580402989363 ], [ 6.807261251776505, 43.954107240906602 ], [ 6.776152270868899, 43.955187216188534 ], [ 6.777641718257832, 43.977660818062404 ] ] ] } },
{ "type": "Feature", "properties": { "id": 476, "left": 1002993.4, "top": 6324600.1, "right": 1005493.4, "bottom": 6322100.1, "grid_row": 16, "grid_col": 17, "id_2": 475, "name_fr": "Entrevaux03", "name_nl": "Entrevaux03", "population": 202.0, "centroid_lat": 43.965884656, "centroid_lon": 6.79245459 }, "geometry": { "type": "Polygon", "coordinates": [ [ [ 6.776152270868899, 43.955187216188534 ], [ 6.807261251776505, 43.954107240906602 ], [ 6.805760754585813, 43.931634354134729 ], [ 6.774663996640323, 43.932713889813307 ], [ 6.776152270868899, 43.955187216188534 ] ] ] } },
{ "type": "Feature", "properties": { "id": 502, "left": 1005493.4, "top": 6327100.1, "right": 1007993.4, "bottom": 6324600.1, "grid_row": 15, "grid_col": 18, "id_2": 475, "name_fr": "Entrevaux03", "name_nl": "Entrevaux03", "population": 202.0, "centroid_lat": 43.965884656, "centroid_lon": 6.79245459 }, "geometry": { "type": "Polygon", "coordinates": [ [ [ 6.808762931717729, 43.976580402989363 ], [ 6.839882961029562, 43.975491131440528 ], [ 6.838369049933942, 43.953018412745102 ], [ 6.807261251776505, 43.954107240906602 ], [ 6.808762931717729, 43.976580402989363 ] ] ] } },
{ "type": "Feature", "properties": { "id": 503, "left": 1005493.4, "top": 6324600.1, "right": 1007993.4, "bottom": 6322100.1, "grid_row": 16, "grid_col": 18, "id_2": 475, "name_fr": "Entrevaux03", "name_nl": "Entrevaux03", "population": 202.0, "centroid_lat": 43.965884656, "centroid_lon": 6.79245459 }, "geometry": { "type": "Polygon", "coordinates": [ [ [ 6.807261251776505, 43.954107240906602 ], [ 6.838369049933942, 43.953018412745102 ], [ 6.836856331176836, 43.930545969171298 ], [ 6.805760754585813, 43.931634354134729 ], [ 6.807261251776505, 43.954107240906602 ] ] ] } },
{ "type": "Feature", "properties": { "id": 449, "left": 1000493.4, "top": 6324600.1, "right": 1002993.4, "bottom": 6322100.1, "grid_row": 16, "grid_col": 16, "id_2": 476, "name_fr": "Entrevaux04", "name_nl": "Entrevaux04", "population": 28.0, "centroid_lat": 43.943411411, "centroid_lon": 6.790959616 }, "geometry": { "type": "Polygon", "coordinates": [ [ [ 6.745042116801303, 43.956258338070818 ], [ 6.776152270868899, 43.955187216188534 ], [ 6.774663996640323, 43.932713889813307 ], [ 6.743566066919294, 43.933784575687362 ], [ 6.745042116801303, 43.956258338070818 ] ] ] } },
{ "type": "Feature", "properties": { "id": 476, "left": 1002993.4, "top": 6324600.1, "right": 1005493.4, "bottom": 6322100.1, "grid_row": 16, "grid_col": 17, "id_2": 476, "name_fr": "Entrevaux04", "name_nl": "Entrevaux04", "population": 28.0, "centroid_lat": 43.943411411, "centroid_lon": 6.790959616 }, "geometry": { "type": "Polygon", "coordinates": [ [ [ 6.776152270868899, 43.955187216188534 ], [ 6.807261251776505, 43.954107240906602 ], [ 6.805760754585813, 43.931634354134729 ], [ 6.774663996640323, 43.932713889813307 ], [ 6.776152270868899, 43.955187216188534 ] ] ] } },
{ "type": "Feature", "properties": { "id": 477, "left": 1002993.4, "top": 6322100.1, "right": 1005493.4, "bottom": 6319600.1, "grid_row": 17, "grid_col": 17, "id_2": 476, "name_fr": "Entrevaux04", "name_nl": "Entrevaux04", "population": 28.0, "centroid_lat": 43.943411411, "centroid_lon": 6.790959616 }, "geometry": { "type": "Polygon", "coordinates": [ [ [ 6.774663996640323, 43.932713889813307 ], [ 6.805760754585813, 43.931634354134729 ], [ 6.804261438749951, 43.909161745992009 ], [ 6.773176894187647, 43.910240842254829 ], [ 6.774663996640323, 43.932713889813307 ] ] ] } },
{ "type": "Feature", "properties": { "id": 503, "left": 1005493.4, "top": 6324600.1, "right": 1007993.4, "bottom": 6322100.1, "grid_row": 16, "grid_col": 18, "id_2": 476, "name_fr": "Entrevaux04", "name_nl": "Entrevaux04", "population": 28.0, "centroid_lat": 43.943411411, "centroid_lon": 6.790959616 }, "geometry": { "type": "Polygon", "coordinates": [ [ [ 6.807261251776505, 43.954107240906602 ], [ 6.838369049933942, 43.953018412745102 ], [ 6.836856331176836, 43.930545969171298 ], [ 6.805760754585813, 43.931634354134729 ], [ 6.807261251776505, 43.954107240906602 ] ] ] } },
{ "type": "Feature", "properties": { "id": 477, "left": 1002993.4, "top": 6322100.1, "right": 1005493.4, "bottom": 6319600.1, "grid_row": 17, "grid_col": 17, "id_2": 477, "name_fr": "Val-de-Chalvagne06", "name_nl": "Val-de-Chalvagne06", "population": 27.0, "centroid_lat": 43.920938444000001, "centroid_lon": 6.789465818 }, "geometry": { "type": "Polygon", "coordinates": [ [ [ 6.774663996640323, 43.932713889813307 ], [ 6.805760754585813, 43.931634354134729 ], [ 6.804261438749951, 43.909161745992009 ], [ 6.773176894187647, 43.910240842254829 ], [ 6.774663996640323, 43.932713889813307 ] ] ] } },
{ "type": "Feature", "properties": { "id": 478, "left": 1002993.4, "top": 6319600.1, "right": 1005493.4, "bottom": 6317100.1, "grid_row": 18, "grid_col": 17, "id_2": 477, "name_fr": "Val-de-Chalvagne06", "name_nl": "Val-de-Chalvagne06", "population": 27.0, "centroid_lat": 43.920938444000001, "centroid_lon": 6.789465818 }, "geometry": { "type": "Polygon", "coordinates": [ [ [ 6.773176894187647, 43.910240842254829 ], [ 6.804261438749951, 43.909161745992009 ], [ 6.802763302875415, 43.88668941979526 ], [ 6.771690962128594, 43.887768076829772 ], [ 6.773176894187647, 43.910240842254829 ] ] ] } },
{ "type": "Feature", "properties": { "id": 478, "left": 1002993.4, "top": 6319600.1, "right": 1005493.4, "bottom": 6317100.1, "grid_row": 18, "grid_col": 17, "id_2": 478, "name_fr": "Val-de-Chalvagne07", "name_nl": "Val-de-Chalvagne07", "population": 1.0, "centroid_lat": 43.898465756999997, "centroid_lon": 6.787973197 }, "geometry": { "type": "Polygon", "coordinates": [ [ [ 6.773176894187647, 43.910240842254829 ], [ 6.804261438749951, 43.909161745992009 ], [ 6.802763302875415, 43.88668941979526 ], [ 6.771690962128594, 43.887768076829772 ], [ 6.773176894187647, 43.910240842254829 ] ] ] } },
{ "type": "Feature", "properties": { "id": 479, "left": 1002993.4, "top": 6317100.1, "right": 1005493.4, "bottom": 6314600.1, "grid_row": 19, "grid_col": 17, "id_2": 478, "name_fr": "Val-de-Chalvagne07", "name_nl": "Val-de-Chalvagne07", "population": 1.0, "centroid_lat": 43.898465756999997, "centroid_lon": 6.787973197 }, "geometry": { "type": "Polygon", "coordinates": [ [ [ 6.771690962128594, 43.887768076829772 ], [ 6.802763302875415, 43.88668941979526 ], [ 6.801266345570883, 43.864217378859912 ], [ 6.770206199083056, 43.865295596853443 ], [ 6.771690962128594, 43.887768076829772 ] ] ] } },
{ "type": "Feature", "properties": { "id": 505, "left": 1005493.4, "top": 6319600.1, "right": 1007993.4, "bottom": 6317100.1, "grid_row": 18, "grid_col": 18, "id_2": 478, "name_fr": "Val-de-Chalvagne07", "name_nl": "Val-de-Chalvagne07", "population": 1.0, "centroid_lat": 43.898465756999997, "centroid_lon": 6.787973197 }, "geometry": { "type": "Polygon", "coordinates": [ [ [ 6.804261438749951, 43.909161745992009 ], [ 6.835344803351298, 43.908073804037507 ], [ 6.833834465052596, 43.885601920660704 ], [ 6.802763302875415, 43.88668941979526 ], [ 6.804261438749951, 43.909161745992009 ] ] ] } },
{ "type": "Feature", "properties": { "id": 506, "left": 1005493.4, "top": 6317100.1, "right": 1007993.4, "bottom": 6314600.1, "grid_row": 19, "grid_col": 18, "id_2": 478, "name_fr": "Val-de-Chalvagne07", "name_nl": "Val-de-Chalvagne07", "population": 1.0, "centroid_lat": 43.898465756999997, "centroid_lon": 6.787973197 }, "geometry": { "type": "Polygon", "coordinates": [ [ [ 6.802763302875415, 43.88668941979526 ], [ 6.833834465052596, 43.885601920660704 ], [ 6.832325314878203, 43.863130322356483 ], [ 6.801266345570883, 43.864217378859912 ], [ 6.802763302875415, 43.88668941979526 ] ] ] } },
{ "type": "Feature", "properties": { "id": 452, "left": 1000493.4, "top": 6317100.1, "right": 1002993.4, "bottom": 6314600.1, "grid_row": 19, "grid_col": 16, "id_2": 479, "name_fr": "Val-de-Chalvagne08", "name_nl": "Val-de-Chalvagne08", "population": 0.0, "centroid_lat": 43.875993352999998, "centroid_lon": 6.786481749 }, "geometry": { "type": "Polygon", "coordinates": [ [ [ 6.740617452368618, 43.888837891245487 ], [ 6.771690962128594, 43.887768076829772 ], [ 6.770206199083056, 43.865295596853443 ], [ 6.739144884960012, 43.866364975818712 ], [ 6.740617452368618, 43.888837891245487 ] ] ] } },
{ "type": "Feature", "properties": { "id": 453, "left": 1000493.4, "top": 6314600.1, "right": 1002993.4, "bottom": 6312100.1, "grid_row": 20, "grid_col": 16, "id_2": 479, "name_fr": "Val-de-Chalvagne08", "name_nl": "Val-de-Chalvagne08", "population": 0.0, "centroid_lat": 43.875993352999998, "centroid_lon": 6.786481749 }, "geometry": { "type": "Polygon", "coordinates": [ [ [ 6.739144884960012, 43.866364975818712 ], [ 6.770206199083056, 43.865295596853443 ], [ 6.768722603673094, 43.842823405639628 ], [ 6.737673475639526, 43.843892349340109 ], [ 6.739144884960012, 43.866364975818712 ] ] ] } },
{ "type": "Feature", "properties": { "id": 479, "left": 1002993.4, "top": 6317100.1, "right": 1005493.4, "bottom": 6314600.1, "grid_row": 19, "grid_col": 17, "id_2": 479, "name_fr": "Val-de-Chalvagne08", "name_nl": "Val-de-Chalvagne08", "population": 0.0, "centroid_lat": 43.875993352999998, "centroid_lon": 6.786481749 }, "geometry": { "type": "Polygon", "coordinates": [ [ [ 6.771690962128594, 43.887768076829772 ], [ 6.802763302875415, 43.88668941979526 ], [ 6.801266345570883, 43.864217378859912 ], [ 6.770206199083056, 43.865295596853443 ], [ 6.771690962128594, 43.887768076829772 ] ] ] } },
{ "type": "Feature", "properties": { "id": 480, "left": 1002993.4, "top": 6314600.1, "right": 1005493.4, "bottom": 6312100.1, "grid_row": 20, "grid_col": 17, "id_2": 479, "name_fr": "Val-de-Chalvagne08", "name_nl": "Val-de-Chalvagne08", "population": 0.0, "centroid_lat": 43.875993352999998, "centroid_lon": 6.786481749 }, "geometry": { "type": "Polygon", "coordinates": [ [ [ 6.770206199083056, 43.865295596853443 ], [ 6.801266345570883, 43.864217378859912 ], [ 6.799770565447221, 43.841745626499929 ], [ 6.768722603673094, 43.842823405639628 ], [ 6.770206199083056, 43.865295596853443 ] ] ] } },
{ "type": "Feature", "properties": { "id": 506, "left": 1005493.4, "top": 6317100.1, "right": 1007993.4, "bottom": 6314600.1, "grid_row": 19, "grid_col": 18, "id_2": 479, "name_fr": "Val-de-Chalvagne08", "name_nl": "Val-de-Chalvagne08", "population": 0.0, "centroid_lat": 43.875993352999998, "centroid_lon": 6.786481749 }, "geometry": { "type": "Polygon", "coordinates": [ [ [ 6.802763302875415, 43.88668941979526 ], [ 6.833834465052596, 43.885601920660704 ], [ 6.832325314878203, 43.863130322356483 ], [ 6.801266345570883, 43.864217378859912 ], [ 6.802763302875415, 43.88668941979526 ] ] ] } },
{ "type": "Feature", "properties": { "id": 500, "left": 1005493.4, "top": 6332100.1, "right": 1007993.4, "bottom": 6329600.1, "grid_row": 13, "grid_col": 18, "id_2": 500, "name_fr": "Sausses05", "name_nl": "Sausses05", "population": 0.0, "centroid_lat": 44.009746457, "centroid_lon": 6.826587066 }, "geometry": { "type": "Polygon", "coordinates": [ [ [ 6.811769845445578, 44.021527539807423 ], [ 6.842914365875197, 44.020437380915432 ], [ 6.841398065872855, 43.997964121937713 ], [ 6.810265795807386, 43.999053837063336 ], [ 6.811769845445578, 44.021527539807423 ] ] ] } },
{ "type": "Feature", "properties": { "id": 501, "left": 1005493.4, "top": 6329600.1, "right": 1007993.4, "bottom": 6327100.1, "grid_row": 14, "grid_col": 18, "id_2": 500, "name_fr": "Sausses05", "name_nl": "Sausses05", "population": 0.0, "centroid_lat": 44.009746457, "centroid_lon": 6.826587066 }, "geometry": { "type": "Polygon", "coordinates": [ [ [ 6.810265795807386, 43.999053837063336 ], [ 6.841398065872855, 43.997964121937713 ], [ 6.839882961029562, 43.975491131440528 ], [ 6.808762931717729, 43.976580402989363 ], [ 6.810265795807386, 43.999053837063336 ] ] ] } },
{ "type": "Feature", "properties": { "id": 501, "left": 1005493.4, "top": 6329600.1, "right": 1007993.4, "bottom": 6327100.1, "grid_row": 14, "grid_col": 18, "id_2": 501, "name_fr": "Entrevaux05", "name_nl": "Entrevaux05", "population": 0.0, "centroid_lat": 43.98727311, "centroid_lon": 6.825077486 }, "geometry": { "type": "Polygon", "coordinates": [ [ [ 6.810265795807386, 43.999053837063336 ], [ 6.841398065872855, 43.997964121937713 ], [ 6.839882961029562, 43.975491131440528 ], [ 6.808762931717729, 43.976580402989363 ], [ 6.810265795807386, 43.999053837063336 ] ] ] } },
{ "type": "Feature", "properties": { "id": 502, "left": 1005493.4, "top": 6327100.1, "right": 1007993.4, "bottom": 6324600.1, "grid_row": 15, "grid_col": 18, "id_2": 501, "name_fr": "Entrevaux05", "name_nl": "Entrevaux05", "population": 0.0, "centroid_lat": 43.98727311, "centroid_lon": 6.825077486 }, "geometry": { "type": "Polygon", "coordinates": [ [ [ 6.808762931717729, 43.976580402989363 ], [ 6.839882961029562, 43.975491131440528 ], [ 6.838369049933942, 43.953018412745102 ], [ 6.807261251776505, 43.954107240906602 ], [ 6.808762931717729, 43.976580402989363 ] ] ] } },
{ "type": "Feature", "properties": { "id": 502, "left": 1005493.4, "top": 6327100.1, "right": 1007993.4, "bottom": 6324600.1, "grid_row": 15, "grid_col": 18, "id_2": 502, "name_fr": "Entrevaux06", "name_nl": "Entrevaux06", "population": 2.0, "centroid_lat": 43.964800033000003, "centroid_lon": 6.823569096 }, "geometry": { "type": "Polygon", "coordinates": [ [ [ 6.808762931717729, 43.976580402989363 ], [ 6.839882961029562, 43.975491131440528 ], [ 6.838369049933942, 43.953018412745102 ], [ 6.807261251776505, 43.954107240906602 ], [ 6.808762931717729, 43.976580402989363 ] ] ] } },
{ "type": "Feature", "properties": { "id": 503, "left": 1005493.4, "top": 6324600.1, "right": 1007993.4, "bottom": 6322100.1, "grid_row": 16, "grid_col": 18, "id_2": 502, "name_fr": "Entrevaux06", "name_nl": "Entrevaux06", "population": 2.0, "centroid_lat": 43.964800033000003, "centroid_lon": 6.823569096 }, "geometry": { "type": "Polygon", "coordinates": [ [ [ 6.807261251776505, 43.954107240906602 ], [ 6.838369049933942, 43.953018412745102 ], [ 6.836856331176836, 43.930545969171298 ], [ 6.805760754585813, 43.931634354134729 ], [ 6.807261251776505, 43.954107240906602 ] ] ] } },
{ "type": "Feature", "properties": { "id": 476, "left": 1002993.4, "top": 6324600.1, "right": 1005493.4, "bottom": 6322100.1, "grid_row": 16, "grid_col": 17, "id_2": 503, "name_fr": "Entrevaux07", "name_nl": "Entrevaux07", "population": 470.0, "centroid_lat": 43.94232723, "centroid_lon": 6.822061894 }, "geometry": { "type": "Polygon", "coordinates": [ [ [ 6.776152270868899, 43.955187216188534 ], [ 6.807261251776505, 43.954107240906602 ], [ 6.805760754585813, 43.931634354134729 ], [ 6.774663996640323, 43.932713889813307 ], [ 6.776152270868899, 43.955187216188534 ] ] ] } },
{ "type": "Feature", "properties": { "id": 477, "left": 1002993.4, "top": 6322100.1, "right": 1005493.4, "bottom": 6319600.1, "grid_row": 17, "grid_col": 17, "id_2": 503, "name_fr": "Entrevaux07", "name_nl": "Entrevaux07", "population": 470.0, "centroid_lat": 43.94232723, "centroid_lon": 6.822061894 }, "geometry": { "type": "Polygon", "coordinates": [ [ [ 6.774663996640323, 43.932713889813307 ], [ 6.805760754585813, 43.931634354134729 ], [ 6.804261438749951, 43.909161745992009 ], [ 6.773176894187647, 43.910240842254829 ], [ 6.774663996640323, 43.932713889813307 ] ] ] } },
{ "type": "Feature", "properties": { "id": 503, "left": 1005493.4, "top": 6324600.1, "right": 1007993.4, "bottom": 6322100.1, "grid_row": 16, "grid_col": 18, "id_2": 503, "name_fr": "Entrevaux07", "name_nl": "Entrevaux07", "population": 470.0, "centroid_lat": 43.94232723, "centroid_lon": 6.822061894 }, "geometry": { "type": "Polygon", "coordinates": [ [ [ 6.807261251776505, 43.954107240906602 ], [ 6.838369049933942, 43.953018412745102 ], [ 6.836856331176836, 43.930545969171298 ], [ 6.805760754585813, 43.931634354134729 ], [ 6.807261251776505, 43.954107240906602 ] ] ] } },
{ "type": "Feature", "properties": { "id": 504, "left": 1005493.4, "top": 6322100.1, "right": 1007993.4, "bottom": 6319600.1, "grid_row": 17, "grid_col": 18, "id_2": 503, "name_fr": "Entrevaux07", "name_nl": "Entrevaux07", "population": 470.0, "centroid_lat": 43.94232723, "centroid_lon": 6.822061894 }, "geometry": { "type": "Polygon", "coordinates": [ [ [ 6.805760754585813, 43.931634354134729 ], [ 6.836856331176836, 43.930545969171298 ], [ 6.835344803351298, 43.908073804037507 ], [ 6.804261438749951, 43.909161745992009 ], [ 6.805760754585813, 43.931634354134729 ] ] ] } },
{ "type": "Feature", "properties": { "id": 477, "left": 1002993.4, "top": 6322100.1, "right": 1005493.4, "bottom": 6319600.1, "grid_row": 17, "grid_col": 17, "id_2": 504, "name_fr": "Val-de-Chalvagne09", "name_nl": "Val-de-Chalvagne09", "population": 5.0, "centroid_lat": 43.919854704000002, "centroid_lon": 6.820555879 }, "geometry": { "type": "Polygon", "coordinates": [ [ [ 6.774663996640323, 43.932713889813307 ], [ 6.805760754585813, 43.931634354134729 ], [ 6.804261438749951, 43.909161745992009 ], [ 6.773176894187647, 43.910240842254829 ], [ 6.774663996640323, 43.932713889813307 ] ] ] } },
{ "type": "Feature", "properties": { "id": 478, "left": 1002993.4, "top": 6319600.1, "right": 1005493.4, "bottom": 6317100.1, "grid_row": 18, "grid_col": 17, "id_2": 504, "name_fr": "Val-de-Chalvagne09", "name_nl": "Val-de-Chalvagne09", "population": 5.0, "centroid_lat": 43.919854704000002, "centroid_lon": 6.820555879 }, "geometry": { "type": "Polygon", "coordinates": [ [ [ 6.773176894187647, 43.910240842254829 ], [ 6.804261438749951, 43.909161745992009 ], [ 6.802763302875415, 43.88668941979526 ], [ 6.771690962128594, 43.887768076829772 ], [ 6.773176894187647, 43.910240842254829 ] ] ] } },
{ "type": "Feature", "properties": { "id": 504, "left": 1005493.4, "top": 6322100.1, "right": 1007993.4, "bottom": 6319600.1, "grid_row": 17, "grid_col": 18, "id_2": 504, "name_fr": "Val-de-Chalvagne09", "name_nl": "Val-de-Chalvagne09", "population": 5.0, "centroid_lat": 43.919854704000002, "centroid_lon": 6.820555879 }, "geometry": { "type": "Polygon", "coordinates": [ [ [ 6.805760754585813, 43.931634354134729 ], [ 6.836856331176836, 43.930545969171298 ], [ 6.835344803351298, 43.908073804037507 ], [ 6.804261438749951, 43.909161745992009 ], [ 6.805760754585813, 43.931634354134729 ] ] ] } },
{ "type": "Feature", "properties": { "id": 505, "left": 1005493.4, "top": 6319600.1, "right": 1007993.4, "bottom": 6317100.1, "grid_row": 18, "grid_col": 18, "id_2": 504, "name_fr": "Val-de-Chalvagne09", "name_nl": "Val-de-Chalvagne09", "population": 5.0, "centroid_lat": 43.919854704000002, "centroid_lon": 6.820555879 }, "geometry": { "type": "Polygon", "coordinates": [ [ [ 6.804261438749951, 43.909161745992009 ], [ 6.835344803351298, 43.908073804037507 ], [ 6.833834465052596, 43.885601920660704 ], [ 6.802763302875415, 43.88668941979526 ], [ 6.804261438749951, 43.909161745992009 ] ] ] } },
{ "type": "Feature", "properties": { "id": 531, "left": 1007993.4, "top": 6322100.1, "right": 1010493.4, "bottom": 6319600.1, "grid_row": 17, "grid_col": 19, "id_2": 504, "name_fr": "Val-de-Chalvagne09", "name_nl": "Val-de-Chalvagne09", "population": 5.0, "centroid_lat": 43.919854704000002, "centroid_lon": 6.820555879 }, "geometry": { "type": "Polygon", "coordinates": [ [ [ 6.836856331176836, 43.930545969171298 ], [ 6.867950716836659, 43.92944873544684 ], [ 6.866426978426176, 43.906977016914716 ], [ 6.835344803351298, 43.908073804037507 ], [ 6.836856331176836, 43.930545969171298 ] ] ] } },
{ "type": "Feature", "properties": { "id": 532, "left": 1007993.4, "top": 6319600.1, "right": 1010493.4, "bottom": 6317100.1, "grid_row": 18, "grid_col": 19, "id_2": 504, "name_fr": "Val-de-Chalvagne09", "name_nl": "Val-de-Chalvagne09", "population": 5.0, "centroid_lat": 43.919854704000002, "centroid_lon": 6.820555879 }, "geometry": { "type": "Polygon", "coordinates": [ [ [ 6.835344803351298, 43.908073804037507 ], [ 6.866426978426176, 43.906977016914716 ], [ 6.864904439105834, 43.884505579949099 ], [ 6.833834465052596, 43.885601920660704 ], [ 6.835344803351298, 43.908073804037507 ] ] ] } },
{ "type": "Feature", "properties": { "id": 501, "left": 1005493.4, "top": 6329600.1, "right": 1007993.4, "bottom": 6327100.1, "grid_row": 14, "grid_col": 18, "id_2": 528, "name_fr": "Entrevaux08", "name_nl": "Entrevaux08", "population": 0.0, "centroid_lat": 43.986179188000001, "centroid_lon": 6.856203039 }, "geometry": { "type": "Polygon", "coordinates": [ [ [ 6.810265795807386, 43.999053837063336 ], [ 6.841398065872855, 43.997964121937713 ], [ 6.839882961029562, 43.975491131440528 ], [ 6.808762931717729, 43.976580402989363 ], [ 6.810265795807386, 43.999053837063336 ] ] ] } },
{ "type": "Feature", "properties": { "id": 502, "left": 1005493.4, "top": 6327100.1, "right": 1007993.4, "bottom": 6324600.1, "grid_row": 15, "grid_col": 18, "id_2": 528, "name_fr": "Entrevaux08", "name_nl": "Entrevaux08", "population": 0.0, "centroid_lat": 43.986179188000001, "centroid_lon": 6.856203039 }, "geometry": { "type": "Polygon", "coordinates": [ [ [ 6.808762931717729, 43.976580402989363 ], [ 6.839882961029562, 43.975491131440528 ], [ 6.838369049933942, 43.953018412745102 ], [ 6.807261251776505, 43.954107240906602 ], [ 6.808762931717729, 43.976580402989363 ] ] ] } },
{ "type": "Feature", "properties": { "id": 528, "left": 1007993.4, "top": 6329600.1, "right": 1010493.4, "bottom": 6327100.1, "grid_row": 14, "grid_col": 19, "id_2": 528, "name_fr": "Entrevaux08", "name_nl": "Entrevaux08", "population": 0.0, "centroid_lat": 43.986179188000001, "centroid_lon": 6.856203039 }, "geometry": { "type": "Polygon", "coordinates": [ [ [ 6.841398065872855, 43.997964121937713 ], [ 6.87252914077964, 43.996865547263695 ], [ 6.871001796594092, 43.974393003940605 ], [ 6.839882961029562, 43.975491131440528 ], [ 6.841398065872855, 43.997964121937713 ] ] ] } },
{ "type": "Feature", "properties": { "id": 529, "left": 1007993.4, "top": 6327100.1, "right": 1010493.4, "bottom": 6324600.1, "grid_row": 15, "grid_col": 19, "id_2": 528, "name_fr": "Entrevaux08", "name_nl": "Entrevaux08", "population": 0.0, "centroid_lat": 43.986179188000001, "centroid_lon": 6.856203039 }, "geometry": { "type": "Polygon", "coordinates": [ [ [ 6.839882961029562, 43.975491131440528 ], [ 6.871001796594092, 43.974393003940605 ], [ 6.869475655753236, 43.951920732228331 ], [ 6.838369049933942, 43.953018412745102 ], [ 6.839882961029562, 43.975491131440528 ] ] ] } },
{ "type": "Feature", "properties": { "id": 555, "left": 1010493.4, "top": 6329600.1, "right": 1012993.4, "bottom": 6327100.1, "grid_row": 14, "grid_col": 20, "id_2": 528, "name_fr": "Entrevaux08", "name_nl": "Entrevaux08", "population": 0.0, "centroid_lat": 43.986179188000001, "centroid_lon": 6.856203039 }, "geometry": { "type": "Polygon", "coordinates": [ [ [ 6.87252914077964, 43.996865547263695 ], [ 6.903659010919454, 43.995758113570709 ], [ 6.902119428814301, 43.973286021018581 ], [ 6.871001796594092, 43.974393003940605 ], [ 6.87252914077964, 43.996865547263695 ] ] ] } },
{ "type": "Feature", "properties": { "id": 502, "left": 1005493.4, "top": 6327100.1, "right": 1007993.4, "bottom": 6324600.1, "grid_row": 15, "grid_col": 18, "id_2": 529, "name_fr": "Entrevaux09", "name_nl": "Entrevaux09", "population": 31.0, "centroid_lat": 43.963706555999998, "centroid_lon": 6.854682414 }, "geometry": { "type": "Polygon", "coordinates": [ [ [ 6.808762931717729, 43.976580402989363 ], [ 6.839882961029562, 43.975491131440528 ], [ 6.838369049933942, 43.953018412745102 ], [ 6.807261251776505, 43.954107240906602 ], [ 6.808762931717729, 43.976580402989363 ] ] ] } },
{ "type": "Feature", "properties": { "id": 503, "left": 1005493.4, "top": 6324600.1, "right": 1007993.4, "bottom": 6322100.1, "grid_row": 16, "grid_col": 18, "id_2": 529, "name_fr": "Entrevaux09", "name_nl": "Entrevaux09", "population": 31.0, "centroid_lat": 43.963706555999998, "centroid_lon": 6.854682414 }, "geometry": { "type": "Polygon", "coordinates": [ [ [ 6.807261251776505, 43.954107240906602 ], [ 6.838369049933942, 43.953018412745102 ], [ 6.836856331176836, 43.930545969171298 ], [ 6.805760754585813, 43.931634354134729 ], [ 6.807261251776505, 43.954107240906602 ] ] ] } },
{ "type": "Feature", "properties": { "id": 529, "left": 1007993.4, "top": 6327100.1, "right": 1010493.4, "bottom": 6324600.1, "grid_row": 15, "grid_col": 19, "id_2": 529, "name_fr": "Entrevaux09", "name_nl": "Entrevaux09", "population": 31.0, "centroid_lat": 43.963706555999998, "centroid_lon": 6.854682414 }, "geometry": { "type": "Polygon", "coordinates": [ [ [ 6.839882961029562, 43.975491131440528 ], [ 6.871001796594092, 43.974393003940605 ], [ 6.869475655753236, 43.951920732228331 ], [ 6.838369049933942, 43.953018412745102 ], [ 6.839882961029562, 43.975491131440528 ] ] ] } },
{ "type": "Feature", "properties": { "id": 530, "left": 1007993.4, "top": 6324600.1, "right": 1010493.4, "bottom": 6322100.1, "grid_row": 16, "grid_col": 19, "id_2": 529, "name_fr": "Entrevaux09", "name_nl": "Entrevaux09", "population": 31.0, "centroid_lat": 43.963706555999998, "centroid_lon": 6.854682414 }, "geometry": { "type": "Polygon", "coordinates": [ [ [ 6.838369049933942, 43.953018412745102 ], [ 6.869475655753236, 43.951920732228331 ], [ 6.867950716836659, 43.92944873544684 ], [ 6.836856331176836, 43.930545969171298 ], [ 6.838369049933942, 43.953018412745102 ] ] ] } },
{ "type": "Feature", "properties": { "id": 530, "left": 1007993.4, "top": 6324600.1, "right": 1010493.4, "bottom": 6322100.1, "grid_row": 16, "grid_col": 19, "id_2": 530, "name_fr": "Entrevaux10", "name_nl": "Entrevaux10", "population": 34.0, "centroid_lat": 43.941234197999997, "centroid_lon": 6.853162986 }, "geometry": { "type": "Polygon", "coordinates": [ [ [ 6.838369049933942, 43.953018412745102 ], [ 6.869475655753236, 43.951920732228331 ], [ 6.867950716836659, 43.92944873544684 ], [ 6.836856331176836, 43.930545969171298 ], [ 6.838369049933942, 43.953018412745102 ] ] ] } },
{ "type": "Feature", "properties": { "id": 531, "left": 1007993.4, "top": 6322100.1, "right": 1010493.4, "bottom": 6319600.1, "grid_row": 17, "grid_col": 19, "id_2": 530, "name_fr": "Entrevaux10", "name_nl": "Entrevaux10", "population": 34.0, "centroid_lat": 43.941234197999997, "centroid_lon": 6.853162986 }, "geometry": { "type": "Polygon", "coordinates": [ [ [ 6.836856331176836, 43.930545969171298 ], [ 6.867950716836659, 43.92944873544684 ], [ 6.866426978426176, 43.906977016914716 ], [ 6.835344803351298, 43.908073804037507 ], [ 6.836856331176836, 43.930545969171298 ] ] ] } },
{ "type": "Feature", "properties": { "id": 557, "left": 1010493.4, "top": 6324600.1, "right": 1012993.4, "bottom": 6322100.1, "grid_row": 16, "grid_col": 20, "id_2": 530, "name_fr": "Entrevaux10", "name_nl": "Entrevaux10", "population": 34.0, "centroid_lat": 43.941234197999997, "centroid_lon": 6.853162986 }, "geometry": { "type": "Polygon", "coordinates": [ [ [ 6.869475655753236, 43.951920732228331 ], [ 6.900581059648625, 43.950814199884775 ], [ 6.899043901990758, 43.928342653489445 ], [ 6.867950716836659, 43.92944873544684 ], [ 6.869475655753236, 43.951920732228331 ] ] ] } },
{ "type": "Feature", "properties": { "id": 558, "left": 1010493.4, "top": 6322100.1, "right": 1012993.4, "bottom": 6319600.1, "grid_row": 17, "grid_col": 20, "id_2": 530, "name_fr": "Entrevaux10", "name_nl": "Entrevaux10", "population": 34.0, "centroid_lat": 43.941234197999997, "centroid_lon": 6.853162986 }, "geometry": { "type": "Polygon", "coordinates": [ [ [ 6.867950716836659, 43.92944873544684 ], [ 6.899043901990758, 43.928342653489445 ], [ 6.897507954411284, 43.905871385151301 ], [ 6.866426978426176, 43.906977016914716 ], [ 6.867950716836659, 43.92944873544684 ] ] ] } },
{ "type": "Feature", "properties": { "id": 531, "left": 1007993.4, "top": 6322100.1, "right": 1010493.4, "bottom": 6319600.1, "grid_row": 17, "grid_col": 19, "id_2": 531, "name_fr": "La Rochette01", "name_nl": "La Rochette01", "population": 9.0, "centroid_lat": 43.918762117, "centroid_lon": 6.851644755 }, "geometry": { "type": "Polygon", "coordinates": [ [ [ 6.836856331176836, 43.930545969171298 ], [ 6.867950716836659, 43.92944873544684 ], [ 6.866426978426176, 43.906977016914716 ], [ 6.835344803351298, 43.908073804037507 ], [ 6.836856331176836, 43.930545969171298 ] ] ] } },
{ "type": "Feature", "properties": { "id": 532, "left": 1007993.4, "top": 6319600.1, "right": 1010493.4, "bottom": 6317100.1, "grid_row": 18, "grid_col": 19, "id_2": 531, "name_fr": "La Rochette01", "name_nl": "La Rochette01", "population": 9.0, "centroid_lat": 43.918762117, "centroid_lon": 6.851644755 }, "geometry": { "type": "Polygon", "coordinates": [ [ [ 6.835344803351298, 43.908073804037507 ], [ 6.866426978426176, 43.906977016914716 ], [ 6.864904439105834, 43.884505579949099 ], [ 6.833834465052596, 43.885601920660704 ], [ 6.835344803351298, 43.908073804037507 ] ] ] } },
{ "type": "Feature", "properties": { "id": 558, "left": 1010493.4, "top": 6322100.1, "right": 1012993.4, "bottom": 6319600.1, "grid_row": 17, "grid_col": 20, "id_2": 531, "name_fr": "La Rochette01", "name_nl": "La Rochette01", "population": 9.0, "centroid_lat": 43.918762117, "centroid_lon": 6.851644755 }, "geometry": { "type": "Polygon", "coordinates": [ [ [ 6.867950716836659, 43.92944873544684 ], [ 6.899043901990758, 43.928342653489445 ], [ 6.897507954411284, 43.905871385151301 ], [ 6.866426978426176, 43.906977016914716 ], [ 6.867950716836659, 43.92944873544684 ] ] ] } },
{ "type": "Feature", "properties": { "id": 505, "left": 1005493.4, "top": 6319600.1, "right": 1007993.4, "bottom": 6317100.1, "grid_row": 18, "grid_col": 18, "id_2": 532, "name_fr": "La Rochette02", "name_nl": "La Rochette02", "population": 0.0, "centroid_lat": 43.896290315999998, "centroid_lon": 6.850127719 }, "geometry": { "type": "Polygon", "coordinates": [ [ [ 6.804261438749951, 43.909161745992009 ], [ 6.835344803351298, 43.908073804037507 ], [ 6.833834465052596, 43.885601920660704 ], [ 6.802763302875415, 43.88668941979526 ], [ 6.804261438749951, 43.909161745992009 ] ] ] } },
{ "type": "Feature", "properties": { "id": 532, "left": 1007993.4, "top": 6319600.1, "right": 1010493.4, "bottom": 6317100.1, "grid_row": 18, "grid_col": 19, "id_2": 532, "name_fr": "La Rochette02", "name_nl": "La Rochette02", "population": 0.0, "centroid_lat": 43.896290315999998, "centroid_lon": 6.850127719 }, "geometry": { "type": "Polygon", "coordinates": [ [ [ 6.835344803351298, 43.908073804037507 ], [ 6.866426978426176, 43.906977016914716 ], [ 6.864904439105834, 43.884505579949099 ], [ 6.833834465052596, 43.885601920660704 ], [ 6.835344803351298, 43.908073804037507 ] ] ] } },
{ "type": "Feature", "properties": { "id": 533, "left": 1007993.4, "top": 6317100.1, "right": 1010493.4, "bottom": 6314600.1, "grid_row": 19, "grid_col": 19, "id_2": 532, "name_fr": "La Rochette02", "name_nl": "La Rochette02", "population": 0.0, "centroid_lat": 43.896290315999998, "centroid_lon": 6.850127719 }, "geometry": { "type": "Polygon", "coordinates": [ [ [ 6.833834465052596, 43.885601920660704 ], [ 6.864904439105834, 43.884505579949099 ], [ 6.863383097461904, 43.862034427865709 ], [ 6.832325314878203, 43.863130322356483 ], [ 6.833834465052596, 43.885601920660704 ] ] ] } },
{ "type": "Feature", "properties": { "id": 529, "left": 1007993.4, "top": 6327100.1, "right": 1010493.4, "bottom": 6324600.1, "grid_row": 15, "grid_col": 19, "id_2": 556, "name_fr": "Entrevaux11", "name_nl": "Entrevaux11", "population": 9.0, "centroid_lat": 43.962604225, "centroid_lon": 6.885794534 }, "geometry": { "type": "Polygon", "coordinates": [ [ [ 6.839882961029562, 43.975491131440528 ], [ 6.871001796594092, 43.974393003940605 ], [ 6.869475655753236, 43.951920732228331 ], [ 6.838369049933942, 43.953018412745102 ], [ 6.839882961029562, 43.975491131440528 ] ] ] } },
{ "type": "Feature", "properties": { "id": 530, "left": 1007993.4, "top": 6324600.1, "right": 1010493.4, "bottom": 6322100.1, "grid_row": 16, "grid_col": 19, "id_2": 556, "name_fr": "Entrevaux11", "name_nl": "Entrevaux11", "population": 9.0, "centroid_lat": 43.962604225, "centroid_lon": 6.885794534 }, "geometry": { "type": "Polygon", "coordinates": [ [ [ 6.838369049933942, 43.953018412745102 ], [ 6.869475655753236, 43.951920732228331 ], [ 6.867950716836659, 43.92944873544684 ], [ 6.836856331176836, 43.930545969171298 ], [ 6.838369049933942, 43.953018412745102 ] ] ] } },
{ "type": "Feature", "properties": { "id": 556, "left": 1010493.4, "top": 6327100.1, "right": 1012993.4, "bottom": 6324600.1, "grid_row": 15, "grid_col": 20, "id_2": 556, "name_fr": "Entrevaux11", "name_nl": "Entrevaux11", "population": 9.0, "centroid_lat": 43.962604225, "centroid_lon": 6.885794534 }, "geometry": { "type": "Polygon", "coordinates": [ [ [ 6.871001796594092, 43.974393003940605 ], [ 6.902119428814301, 43.973286021018581 ], [ 6.900581059648625, 43.950814199884775 ], [ 6.869475655753236, 43.951920732228331 ], [ 6.871001796594092, 43.974393003940605 ] ] ] } },
{ "type": "Feature", "properties": { "id": 557, "left": 1010493.4, "top": 6324600.1, "right": 1012993.4, "bottom": 6322100.1, "grid_row": 16, "grid_col": 20, "id_2": 556, "name_fr": "Entrevaux11", "name_nl": "Entrevaux11", "population": 9.0, "centroid_lat": 43.962604225, "centroid_lon": 6.885794534 }, "geometry": { "type": "Polygon", "coordinates": [ [ [ 6.869475655753236, 43.951920732228331 ], [ 6.900581059648625, 43.950814199884775 ], [ 6.899043901990758, 43.928342653489445 ], [ 6.867950716836659, 43.92944873544684 ], [ 6.869475655753236, 43.951920732228331 ] ] ] } },
{ "type": "Feature", "properties": { "id": 530, "left": 1007993.4, "top": 6324600.1, "right": 1010493.4, "bottom": 6322100.1, "grid_row": 16, "grid_col": 19, "id_2": 557, "name_fr": "Entrevaux12", "name_nl": "Entrevaux12", "population": 0.0, "centroid_lat": 43.940132316000003, "centroid_lon": 6.884262882 }, "geometry": { "type": "Polygon", "coordinates": [ [ [ 6.838369049933942, 43.953018412745102 ], [ 6.869475655753236, 43.951920732228331 ], [ 6.867950716836659, 43.92944873544684 ], [ 6.836856331176836, 43.930545969171298 ], [ 6.838369049933942, 43.953018412745102 ] ] ] } },
{ "type": "Feature", "properties": { "id": 557, "left": 1010493.4, "top": 6324600.1, "right": 1012993.4, "bottom": 6322100.1, "grid_row": 16, "grid_col": 20, "id_2": 557, "name_fr": "Entrevaux12", "name_nl": "Entrevaux12", "population": 0.0, "centroid_lat": 43.940132316000003, "centroid_lon": 6.884262882 }, "geometry": { "type": "Polygon", "coordinates": [ [ [ 6.869475655753236, 43.951920732228331 ], [ 6.900581059648625, 43.950814199884775 ], [ 6.899043901990758, 43.928342653489445 ], [ 6.867950716836659, 43.92944873544684 ], [ 6.869475655753236, 43.951920732228331 ] ] ] } },
{ "type": "Feature", "properties": { "id": 558, "left": 1010493.4, "top": 6322100.1, "right": 1012993.4, "bottom": 6319600.1, "grid_row": 17, "grid_col": 20, "id_2": 557, "name_fr": "Entrevaux12", "name_nl": "Entrevaux12", "population": 0.0, "centroid_lat": 43.940132316000003, "centroid_lon": 6.884262882 }, "geometry": { "type": "Polygon", "coordinates": [ [ [ 6.867950716836659, 43.92944873544684 ], [ 6.899043901990758, 43.928342653489445 ], [ 6.897507954411284, 43.905871385151301 ], [ 6.866426978426176, 43.906977016914716 ], [ 6.867950716836659, 43.92944873544684 ] ] ] } },
{ "type": "Feature", "properties": { "id": 559, "left": 1010493.4, "top": 6319600.1, "right": 1012993.4, "bottom": 6317100.1, "grid_row": 18, "grid_col": 20, "id_2": 559, "name_fr": "La Rochette04", "name_nl": "La Rochette04", "population": 0.0, "centroid_lat": 43.89518933, "centroid_lon": 6.881203195 }, "geometry": { "type": "Polygon", "coordinates": [ [ [ 6.866426978426176, 43.906977016914716 ], [ 6.897507954411284, 43.905871385151301 ], [ 6.895973215483032, 43.883400398187661 ], [ 6.864904439105834, 43.884505579949099 ], [ 6.866426978426176, 43.906977016914716 ] ] ] } },
{ "type": "Feature", "properties": { "id": 560, "left": 1010493.4, "top": 6317100.1, "right": 1012993.4, "bottom": 6314600.1, "grid_row": 19, "grid_col": 20, "id_2": 559, "name_fr": "La Rochette04", "name_nl": "La Rochette04", "population": 0.0, "centroid_lat": 43.89518933, "centroid_lon": 6.881203195 }, "geometry": { "type": "Polygon", "coordinates": [ [ [ 6.864904439105834, 43.884505579949099 ], [ 6.895973215483032, 43.883400398187661 ], [ 6.894439683781073, 43.860929695914386 ], [ 6.863383097461904, 43.862034427865709 ], [ 6.864904439105834, 43.884505579949099 ] ] ] } },
{ "type": "Feature", "properties": { "id": 557, "left": 1010493.4, "top": 6324600.1, "right": 1012993.4, "bottom": 6322100.1, "grid_row": 16, "grid_col": 20, "id_2": 584, "name_fr": "Saint-Pierre01", "name_nl": "Saint-Pierre01", "population": 2.0, "centroid_lat": 43.939021584000002, "centroid_lon": 6.915361571 }, "geometry": { "type": "Polygon", "coordinates": [ [ [ 6.869475655753236, 43.951920732228331 ], [ 6.900581059648625, 43.950814199884775 ], [ 6.899043901990758, 43.928342653489445 ], [ 6.867950716836659, 43.92944873544684 ], [ 6.869475655753236, 43.951920732228331 ] ] ] } },
{ "type": "Feature", "properties": { "id": 558, "left": 1010493.4, "top": 6322100.1, "right": 1012993.4, "bottom": 6319600.1, "grid_row": 17, "grid_col": 20, "id_2": 584, "name_fr": "Saint-Pierre01", "name_nl": "Saint-Pierre01", "population": 2.0, "centroid_lat": 43.939021584000002, "centroid_lon": 6.915361571 }, "geometry": { "type": "Polygon", "coordinates": [ [ [ 6.867950716836659, 43.92944873544684 ], [ 6.899043901990758, 43.928342653489445 ], [ 6.897507954411284, 43.905871385151301 ], [ 6.866426978426176, 43.906977016914716 ], [ 6.867950716836659, 43.92944873544684 ] ] ] } },
{ "type": "Feature", "properties": { "id": 584, "left": 1012993.4, "top": 6324600.1, "right": 1015493.4, "bottom": 6322100.1, "grid_row": 16, "grid_col": 21, "id_2": 584, "name_fr": "Saint-Pierre01", "name_nl": "Saint-Pierre01", "population": 2.0, "centroid_lat": 43.939021584000002, "centroid_lon": 6.915361571 }, "geometry": { "type": "Polygon", "coordinates": [ [ [ 6.900581059648625, 43.950814199884775 ], [ 6.931685252036582, 43.949698816247228 ], [ 6.93013587706684, 43.92722772383145 ], [ 6.899043901990758, 43.928342653489445 ], [ 6.900581059648625, 43.950814199884775 ] ] ] } },
{ "type": "Feature", "properties": { "id": 585, "left": 1012993.4, "top": 6322100.1, "right": 1015493.4, "bottom": 6319600.1, "grid_row": 17, "grid_col": 21, "id_2": 584, "name_fr": "Saint-Pierre01", "name_nl": "Saint-Pierre01", "population": 2.0, "centroid_lat": 43.939021584000002, "centroid_lon": 6.915361571 }, "geometry": { "type": "Polygon", "coordinates": [ [ [ 6.899043901990758, 43.928342653489445 ], [ 6.93013587706684, 43.92722772383145 ], [ 6.928587721745544, 43.904756909279172 ], [ 6.897507954411284, 43.905871385151301 ], [ 6.899043901990758, 43.928342653489445 ] ] ] } },
{ "type": "Feature", "properties": { "id": 611, "left": 1015493.4, "top": 6324600.1, "right": 1017993.4, "bottom": 6322100.1, "grid_row": 16, "grid_col": 22, "id_2": 584, "name_fr": "Saint-Pierre01", "name_nl": "Saint-Pierre01", "population": 2.0, "centroid_lat": 43.939021584000002, "centroid_lon": 6.915361571 }, "geometry": { "type": "Polygon", "coordinates": [ [ [ 6.931685252036582, 43.949698816247228 ], [ 6.962788223335823, 43.948574581852682 ], [ 6.961226632494854, 43.926103947009409 ], [ 6.93013587706684, 43.92722772383145 ], [ 6.931685252036582, 43.949698816247228 ] ] ] } },
{ "type": "Feature", "properties": { "id": 612, "left": 1015493.4, "top": 6322100.1, "right": 1017993.4, "bottom": 6319600.1, "grid_row": 17, "grid_col": 22, "id_2": 584, "name_fr": "Saint-Pierre01", "name_nl": "Saint-Pierre01", "population": 2.0, "centroid_lat": 43.939021584000002, "centroid_lon": 6.915361571 }, "geometry": { "type": "Polygon", "coordinates": [ [ [ 6.93013587706684, 43.92722772383145 ], [ 6.961226632494854, 43.926103947009409 ], [ 6.959666270870117, 43.903633589834442 ], [ 6.928587721745544, 43.904756909279172 ], [ 6.93013587706684, 43.92722772383145 ] ] ] } },
{ "type": "Feature", "properties": { "id": 558, "left": 1010493.4, "top": 6322100.1, "right": 1012993.4, "bottom": 6319600.1, "grid_row": 17, "grid_col": 20, "id_2": 585, "name_fr": "Saint-Pierre02", "name_nl": "Saint-Pierre02", "population": 72.0, "centroid_lat": 43.916550403000002, "centroid_lon": 6.913818912 }, "geometry": { "type": "Polygon", "coordinates": [ [ [ 6.867950716836659, 43.92944873544684 ], [ 6.899043901990758, 43.928342653489445 ], [ 6.897507954411284, 43.905871385151301 ], [ 6.866426978426176, 43.906977016914716 ], [ 6.867950716836659, 43.92944873544684 ] ] ] } },
{ "type": "Feature", "properties": { "id": 585, "left": 1012993.4, "top": 6322100.1, "right": 1015493.4, "bottom": 6319600.1, "grid_row": 17, "grid_col": 21, "id_2": 585, "name_fr": "Saint-Pierre02", "name_nl": "Saint-Pierre02", "population": 72.0, "centroid_lat": 43.916550403000002, "centroid_lon": 6.913818912 }, "geometry": { "type": "Polygon", "coordinates": [ [ [ 6.899043901990758, 43.928342653489445 ], [ 6.93013587706684, 43.92722772383145 ], [ 6.928587721745544, 43.904756909279172 ], [ 6.897507954411284, 43.905871385151301 ], [ 6.899043901990758, 43.928342653489445 ] ] ] } },
{ "type": "Feature", "properties": { "id": 612, "left": 1015493.4, "top": 6322100.1, "right": 1017993.4, "bottom": 6319600.1, "grid_row": 17, "grid_col": 22, "id_2": 585, "name_fr": "Saint-Pierre02", "name_nl": "Saint-Pierre02", "population": 72.0, "centroid_lat": 43.916550403000002, "centroid_lon": 6.913818912 }, "geometry": { "type": "Polygon", "coordinates": [ [ [ 6.93013587706684, 43.92722772383145 ], [ 6.961226632494854, 43.926103947009409 ], [ 6.959666270870117, 43.903633589834442 ], [ 6.928587721745544, 43.904756909279172 ], [ 6.93013587706684, 43.92722772383145 ] ] ] } },
{ "type": "Feature", "properties": { "id": 559, "left": 1010493.4, "top": 6319600.1, "right": 1012993.4, "bottom": 6317100.1, "grid_row": 18, "grid_col": 20, "id_2": 586, "name_fr": "La Rochette05", "name_nl": "La Rochette05", "population": 0.0, "centroid_lat": 43.894079501999997, "centroid_lon": 6.912277468 }, "geometry": { "type": "Polygon", "coordinates": [ [ [ 6.866426978426176, 43.906977016914716 ], [ 6.897507954411284, 43.905871385151301 ], [ 6.895973215483032, 43.883400398187661 ], [ 6.864904439105834, 43.884505579949099 ], [ 6.866426978426176, 43.906977016914716 ] ] ] } },
{ "type": "Feature", "properties": { "id": 560, "left": 1010493.4, "top": 6317100.1, "right": 1012993.4, "bottom": 6314600.1, "grid_row": 19, "grid_col": 20, "id_2": 586, "name_fr": "La Rochette05", "name_nl": "La Rochette05", "population": 0.0, "centroid_lat": 43.894079501999997, "centroid_lon": 6.912277468 }, "geometry": { "type": "Polygon", "coordinates": [ [ [ 6.864904439105834, 43.884505579949099 ], [ 6.895973215483032, 43.883400398187661 ], [ 6.894439683781073, 43.860929695914386 ], [ 6.863383097461904, 43.862034427865709 ], [ 6.864904439105834, 43.884505579949099 ] ] ] } },
{ "type": "Feature", "properties": { "id": 587, "left": 1012993.4, "top": 6317100.1, "right": 1015493.4, "bottom": 6314600.1, "grid_row": 19, "grid_col": 21, "id_2": 586, "name_fr": "La Rochette05", "name_nl": "La Rochette05", "population": 0.0, "centroid_lat": 43.894079501999997, "centroid_lon": 6.912277468 }, "geometry": { "type": "Polygon", "coordinates": [ [ [ 6.895973215483032, 43.883400398187661 ], [ 6.927040784634309, 43.88228637590786 ], [ 6.925495064297013, 43.859816127033561 ], [ 6.894439683781073, 43.860929695914386 ], [ 6.895973215483032, 43.883400398187661 ] ] ] } },
{ "type": "Feature", "properties": { "id": 613, "left": 1015493.4, "top": 6319600.1, "right": 1017993.4, "bottom": 6317100.1, "grid_row": 18, "grid_col": 22, "id_2": 586, "name_fr": "La Rochette05", "name_nl": "La Rochette05", "population": 0.0, "centroid_lat": 43.894079501999997, "centroid_lon": 6.912277468 }, "geometry": { "type": "Polygon", "coordinates": [ [ [ 6.928587721745544, 43.904756909279172 ], [ 6.959666270870117, 43.903633589834442 ], [ 6.958107137012023, 43.88116351364539 ], [ 6.927040784634309, 43.88228637590786 ], [ 6.928587721745544, 43.904756909279172 ] ] ] } },
{ "type": "Feature", "properties": { "id": 614, "left": 1015493.4, "top": 6317100.1, "right": 1017993.4, "bottom": 6314600.1, "grid_row": 19, "grid_col": 22, "id_2": 586, "name_fr": "La Rochette05", "name_nl": "La Rochette05", "population": 0.0, "centroid_lat": 43.894079501999997, "centroid_lon": 6.912277468 }, "geometry": { "type": "Polygon", "coordinates": [ [ [ 6.927040784634309, 43.88228637590786 ], [ 6.958107137012023, 43.88116351364539 ], [ 6.956549229473257, 43.858693721758442 ], [ 6.925495064297013, 43.859816127033561 ], [ 6.927040784634309, 43.88228637590786 ] ] ] } },
{ "type": "Feature", "properties": { "id": 612, "left": 1015493.4, "top": 6322100.1, "right": 1017993.4, "bottom": 6319600.1, "grid_row": 17, "grid_col": 22, "id_2": 612, "name_fr": "Saint-Pierre03", "name_nl": "Saint-Pierre03", "population": 10.0, "centroid_lat": 43.915431278, "centroid_lon": 6.944904175 }, "geometry": { "type": "Polygon", "coordinates": [ [ [ 6.93013587706684, 43.92722772383145 ], [ 6.961226632494854, 43.926103947009409 ], [ 6.959666270870117, 43.903633589834442 ], [ 6.928587721745544, 43.904756909279172 ], [ 6.93013587706684, 43.92722772383145 ] ] ] } },
{ "type": "Feature", "properties": { "id": 613, "left": 1015493.4, "top": 6319600.1, "right": 1017993.4, "bottom": 6317100.1, "grid_row": 18, "grid_col": 22, "id_2": 613, "name_fr": "Saint-Pierre04", "name_nl": "Saint-Pierre04", "population": 14.0, "centroid_lat": 43.892960832, "centroid_lon": 6.943350527 }, "geometry": { "type": "Polygon", "coordinates": [ [ [ 6.928587721745544, 43.904756909279172 ], [ 6.959666270870117, 43.903633589834442 ], [ 6.958107137012023, 43.88116351364539 ], [ 6.927040784634309, 43.88228637590786 ], [ 6.928587721745544, 43.904756909279172 ] ] ] } },
{ "type": "Feature", "properties": { "id": 614, "left": 1015493.4, "top": 6317100.1, "right": 1017993.4, "bottom": 6314600.1, "grid_row": 19, "grid_col": 22, "id_2": 613, "name_fr": "Saint-Pierre04", "name_nl": "Saint-Pierre04", "population": 14.0, "centroid_lat": 43.892960832, "centroid_lon": 6.943350527 }, "geometry": { "type": "Polygon", "coordinates": [ [ [ 6.927040784634309, 43.88228637590786 ], [ 6.958107137012023, 43.88116351364539 ], [ 6.956549229473257, 43.858693721758442 ], [ 6.925495064297013, 43.859816127033561 ], [ 6.927040784634309, 43.88228637590786 ] ] ] } },
{ "type": "Feature", "properties": { "id": 86, "left": 967993.4, "top": 6354600.1, "right": 970493.4, "bottom": 6352100.1, "grid_row": 4, "grid_col": 3, "id_2": null, "name_fr": null, "name_nl": null, "population": null, "centroid_lat": null, "centroid_lon": null }, "geometry": { "type": "Polygon", "coordinates": [ [ [ 6.356393243522817, 44.239147003664499 ], [ 6.387665424365765, 44.23818633753978 ], [ 6.386323508717691, 44.215704509291811 ], [ 6.355063685374129, 44.216664784176125 ], [ 6.356393243522817, 44.239147003664499 ] ] ] } },
{ "type": "Feature", "properties": { "id": 87, "left": 967993.4, "top": 6352100.1, "right": 970493.4, "bottom": 6349600.1, "grid_row": 5, "grid_col": 3, "id_2": null, "name_fr": null, "name_nl": null, "population": null, "centroid_lat": null, "centroid_lon": null }, "geometry": { "type": "Polygon", "coordinates": [ [ [ 6.355063685374129, 44.216664784176125 ], [ 6.386323508717691, 44.215704509291811 ], [ 6.384982655111819, 44.193222922272987 ], [ 6.353735179523029, 44.194182806084811 ], [ 6.355063685374129, 44.216664784176125 ] ] ] } },
{ "type": "Feature", "properties": { "id": 84, "left": 967993.4, "top": 6359600.1, "right": 970493.4, "bottom": 6357100.1, "grid_row": 2, "grid_col": 3, "id_2": null, "name_fr": null, "name_nl": null, "population": null, "centroid_lat": null, "centroid_lon": null }, "geometry": { "type": "Polygon", "coordinates": [ [ [ 6.359055521714986, 44.284112153499002 ], [ 6.390352446836641, 44.283150704389101 ], [ 6.389008403317572, 44.260668403683738 ], [ 6.357723855219104, 44.261629461216941 ], [ 6.359055521714986, 44.284112153499002 ] ] ] } },
{ "type": "Feature", "properties": { "id": 85, "left": 967993.4, "top": 6357100.1, "right": 970493.4, "bottom": 6354600.1, "grid_row": 3, "grid_col": 3, "id_2": null, "name_fr": null, "name_nl": null, "population": null, "centroid_lat": null, "centroid_lon": null }, "geometry": { "type": "Polygon", "coordinates": [ [ [ 6.357723855219104, 44.261629461216941 ], [ 6.389008403317572, 44.260668403683738 ], [ 6.387665424365765, 44.23818633753978 ], [ 6.356393243522817, 44.239147003664499 ], [ 6.357723855219104, 44.261629461216941 ] ] ] } },
{ "type": "Feature", "properties": { "id": 82, "left": 967993.4, "top": 6364600.1, "right": 970493.4, "bottom": 6362100.1, "grid_row": 0, "grid_col": 3, "id_2": null, "name_fr": null, "name_nl": null, "population": null, "centroid_lat": null, "centroid_lon": null }, "geometry": { "type": "Polygon", "coordinates": [ [ [ 6.361722024123424, 44.329078228907171 ], [ 6.3930437326407, 44.328115996138685 ], [ 6.391697556188506, 44.305633236319871 ], [ 6.360388244264438, 44.306595077174819 ], [ 6.361722024123424, 44.329078228907171 ] ] ] } },
{ "type": "Feature", "properties": { "id": 83, "left": 967993.4, "top": 6362100.1, "right": 970493.4, "bottom": 6359600.1, "grid_row": 1, "grid_col": 3, "id_2": null, "name_fr": null, "name_nl": null, "population": null, "centroid_lat": null, "centroid_lon": null }, "geometry": { "type": "Polygon", "coordinates": [ [ [ 6.360388244264438, 44.306595077174819 ], [ 6.391697556188506, 44.305633236319871 ], [ 6.390352446836641, 44.283150704389101 ], [ 6.359055521714986, 44.284112153499002 ], [ 6.360388244264438, 44.306595077174819 ] ] ] } },
{ "type": "Feature", "properties": { "id": 90, "left": 967993.4, "top": 6344600.1, "right": 970493.4, "bottom": 6342100.1, "grid_row": 8, "grid_col": 3, "id_2": null, "name_fr": null, "name_nl": null, "population": null, "centroid_lat": null, "centroid_lon": null }, "geometry": { "type": "Polygon", "coordinates": [ [ [ 6.351081319723405, 44.149219587418585 ], [ 6.382304128990509, 44.148260485248507 ], [ 6.380966453961961, 44.125779641902106 ], [ 6.349755963284717, 44.12673835350266 ], [ 6.351081319723405, 44.149219587418585 ] ] ] } },
{ "type": "Feature", "properties": { "id": 88, "left": 967993.4, "top": 6349600.1, "right": 970493.4, "bottom": 6347100.1, "grid_row": 6, "grid_col": 3, "id_2": null, "name_fr": null, "name_nl": null, "population": null, "centroid_lat": null, "centroid_lon": null }, "geometry": { "type": "Polygon", "coordinates": [ [ [ 6.353735179523029, 44.194182806084811 ], [ 6.384982655111819, 44.193222922272987 ], [ 6.383642862288608, 44.1707415798151 ], [ 6.352407724721476, 44.171701072722243 ], [ 6.353735179523029, 44.194182806084811 ] ] ] } },
{ "type": "Feature", "properties": { "id": 89, "left": 967993.4, "top": 6347100.1, "right": 970493.4, "bottom": 6344600.1, "grid_row": 7, "grid_col": 3, "id_2": null, "name_fr": null, "name_nl": null, "population": null, "centroid_lat": null, "centroid_lon": null }, "geometry": { "type": "Polygon", "coordinates": [ [ [ 6.352407724721476, 44.171701072722243 ], [ 6.383642862288608, 44.1707415798151 ], [ 6.382304128990509, 44.148260485248507 ], [ 6.351081319723405, 44.149219587418585 ], [ 6.352407724721476, 44.171701072722243 ] ] ] } },
{ "type": "Feature", "properties": { "id": 116, "left": 970493.4, "top": 6347100.1, "right": 972993.4, "bottom": 6344600.1, "grid_row": 7, "grid_col": 4, "id_2": null, "name_fr": null, "name_nl": null, "population": null, "centroid_lat": null, "centroid_lon": null }, "geometry": { "type": "Polygon", "coordinates": [ [ [ 6.383642862288608, 44.1707415798151 ], [ 6.414876940330958, 44.16977319466168 ], [ 6.413525879988396, 44.147292494446255 ], [ 6.382304128990509, 44.148260485248507 ], [ 6.383642862288608, 44.1707415798151 ] ] ] } },
{ "type": "Feature", "properties": { "id": 117, "left": 970493.4, "top": 6344600.1, "right": 972993.4, "bottom": 6342100.1, "grid_row": 8, "grid_col": 4, "id_2": null, "name_fr": null, "name_nl": null, "population": null, "centroid_lat": null, "centroid_lon": null }, "geometry": { "type": "Polygon", "coordinates": [ [ [ 6.382304128990509, 44.148260485248507 ], [ 6.413525879988396, 44.147292494446255 ], [ 6.412175887623569, 44.124812045282013 ], [ 6.380966453961961, 44.125779641902106 ], [ 6.382304128990509, 44.148260485248507 ] ] ] } },
{ "type": "Feature", "properties": { "id": 114, "left": 970493.4, "top": 6352100.1, "right": 972993.4, "bottom": 6349600.1, "grid_row": 5, "grid_col": 4, "id_2": null, "name_fr": null, "name_nl": null, "population": null, "centroid_lat": null, "centroid_lon": null }, "geometry": { "type": "Polygon", "coordinates": [ [ [ 6.386323508717691, 44.215704509291811 ], [ 6.417582270019385, 44.214735334928278 ], [ 6.416229069918278, 44.192254142599182 ], [ 6.384982655111819, 44.193222922272987 ], [ 6.386323508717691, 44.215704509291811 ] ] ] } },
{ "type": "Feature", "properties": { "id": 115, "left": 970493.4, "top": 6349600.1, "right": 972993.4, "bottom": 6347100.1, "grid_row": 6, "grid_col": 4, "id_2": null, "name_fr": null, "name_nl": null, "population": null, "centroid_lat": null, "centroid_lon": null }, "geometry": { "type": "Polygon", "coordinates": [ [ [ 6.384982655111819, 44.193222922272987 ], [ 6.416229069918278, 44.192254142599182 ], [ 6.414876940330958, 44.16977319466168 ], [ 6.383642862288608, 44.1707415798151 ], [ 6.384982655111819, 44.193222922272987 ] ] ] } },
{ "type": "Feature", "properties": { "id": 112, "left": 970493.4, "top": 6357100.1, "right": 972993.4, "bottom": 6354600.1, "grid_row": 3, "grid_col": 4, "id_2": null, "name_fr": null, "name_nl": null, "population": null, "centroid_lat": null, "centroid_lon": null }, "geometry": { "type": "Polygon", "coordinates": [ [ [ 6.389008403317572, 44.260668403683738 ], [ 6.420291886849108, 44.259698439432213 ], [ 6.418936541905313, 44.237216768317055 ], [ 6.387665424365765, 44.23818633753978 ], [ 6.389008403317572, 44.260668403683738 ] ] ] } },
{ "type": "Feature", "properties": { "id": 113, "left": 970493.4, "top": 6354600.1, "right": 972993.4, "bottom": 6352100.1, "grid_row": 4, "grid_col": 4, "id_2": null, "name_fr": null, "name_nl": null, "population": null, "centroid_lat": null, "centroid_lon": null }, "geometry": { "type": "Polygon", "coordinates": [ [ [ 6.387665424365765, 44.23818633753978 ], [ 6.418936541905313, 44.237216768317055 ], [ 6.417582270019385, 44.214735334928278 ], [ 6.386323508717691, 44.215704509291811 ], [ 6.387665424365765, 44.23818633753978 ] ] ] } },
{ "type": "Feature", "properties": { "id": 125, "left": 970493.4, "top": 6324600.1, "right": 972993.4, "bottom": 6322100.1, "grid_row": 16, "grid_col": 4, "id_2": null, "name_fr": null, "name_nl": null, "population": null, "centroid_lat": null, "centroid_lon": null }, "geometry": { "type": "Polygon", "coordinates": [ [ [ 6.371632255257396, 43.968421051978311 ], [ 6.402755738435316, 43.967456209911489 ], [ 6.40141424451866, 43.944977888834089 ], [ 6.370303001421965, 43.94594233806616 ], [ 6.371632255257396, 43.968421051978311 ] ] ] } },
{ "type": "Feature", "properties": { "id": 110, "left": 970493.4, "top": 6362100.1, "right": 972993.4, "bottom": 6359600.1, "grid_row": 1, "grid_col": 4, "id_2": null, "name_fr": null, "name_nl": null, "population": null, "centroid_lat": null, "centroid_lon": null }, "geometry": { "type": "Polygon", "coordinates": [ [ [ 6.391697556188506, 44.305633236319871 ], [ 6.423005801012576, 44.304662481501325 ], [ 6.421648306125835, 44.282180344939015 ], [ 6.390352446836641, 44.283150704389101 ], [ 6.391697556188506, 44.305633236319871 ] ] ] } },
{ "type": "Feature", "properties": { "id": 111, "left": 970493.4, "top": 6359600.1, "right": 972993.4, "bottom": 6357100.1, "grid_row": 2, "grid_col": 4, "id_2": null, "name_fr": null, "name_nl": null, "population": null, "centroid_lat": null, "centroid_lon": null }, "geometry": { "type": "Polygon", "coordinates": [ [ [ 6.390352446836641, 44.283150704389101 ], [ 6.421648306125835, 44.282180344939015 ], [ 6.420291886849108, 44.259698439432213 ], [ 6.389008403317572, 44.260668403683738 ], [ 6.390352446836641, 44.283150704389101 ] ] ] } },
{ "type": "Feature", "properties": { "id": 109, "left": 970493.4, "top": 6364600.1, "right": 972993.4, "bottom": 6362100.1, "grid_row": 0, "grid_col": 4, "id_2": null, "name_fr": null, "name_nl": null, "population": null, "centroid_lat": null, "centroid_lon": null }, "geometry": { "type": "Polygon", "coordinates": [ [ [ 6.3930437326407, 44.328115996138685 ], [ 6.424364372788435, 44.327144845781632 ], [ 6.423005801012576, 44.304662481501325 ], [ 6.391697556188506, 44.305633236319871 ], [ 6.3930437326407, 44.328115996138685 ] ] ] } },
{ "type": "Feature", "properties": { "id": 22, "left": 960493.4, "top": 6312100.1, "right": 962993.4, "bottom": 6309600.1, "grid_row": 21, "grid_col": 0, "id_2": null, "name_fr": null, "name_nl": null, "population": null, "centroid_lat": null, "centroid_lon": null }, "geometry": { "type": "Polygon", "coordinates": [ [ [ 6.240736603821344, 43.85979342256536 ], [ 6.271803093658066, 43.858865912881853 ], [ 6.27051564659191, 43.836387483255542 ], [ 6.239461353765202, 43.837314615315066 ], [ 6.240736603821344, 43.85979342256536 ] ] ] } },
{ "type": "Feature", "properties": { "id": 23, "left": 960493.4, "top": 6309600.1, "right": 962993.4, "bottom": 6307100.1, "grid_row": 22, "grid_col": 0, "id_2": null, "name_fr": null, "name_nl": null, "population": null, "centroid_lat": null, "centroid_lon": null }, "geometry": { "type": "Polygon", "coordinates": [ [ [ 6.239461353765202, 43.837314615315066 ], [ 6.27051564659191, 43.836387483255542 ], [ 6.269229211763419, 43.813909351798301 ], [ 6.238187106389505, 43.814836106394921 ], [ 6.239461353765202, 43.837314615315066 ] ] ] } },
{ "type": "Feature", "properties": { "id": 21, "left": 960493.4, "top": 6314600.1, "right": 962993.4, "bottom": 6312100.1, "grid_row": 20, "grid_col": 0, "id_2": null, "name_fr": null, "name_nl": null, "population": null, "centroid_lat": null, "centroid_lon": null }, "geometry": { "type": "Polygon", "coordinates": [ [ [ 6.242012857741217, 43.882272524837177 ], [ 6.273091554156394, 43.881344637368571 ], [ 6.271803093658066, 43.858865912881853 ], [ 6.240736603821344, 43.85979342256536 ], [ 6.242012857741217, 43.882272524837177 ] ] ] } },
{ "type": "Feature", "properties": { "id": 28, "left": 962993.4, "top": 6364600.1, "right": 965493.4, "bottom": 6362100.1, "grid_row": 0, "grid_col": 1, "id_2": null, "name_fr": null, "name_nl": null, "population": null, "centroid_lat": null, "centroid_lon": null }, "geometry": { "type": "Polygon", "coordinates": [ [ [ 6.299075441191782, 44.330975939815858 ], [ 6.330399257038991, 44.330031543620372 ], [ 6.329077875031169, 44.307548003599841 ], [ 6.297766458281484, 44.308492015132849 ], [ 6.299075441191782, 44.330975939815858 ] ] ] } },
{ "type": "Feature", "properties": { "id": 29, "left": 962993.4, "top": 6362100.1, "right": 965493.4, "bottom": 6359600.1, "grid_row": 1, "grid_col": 1, "id_2": null, "name_fr": null, "name_nl": null, "population": null, "centroid_lat": null, "centroid_lon": null }, "geometry": { "type": "Polygon", "coordinates": [ [ [ 6.297766458281484, 44.308492015132849 ], [ 6.329077875031169, 44.307548003599841 ], [ 6.327757540540092, 44.285064691802752 ], [ 6.296458513093168, 44.286008318838689 ], [ 6.297766458281484, 44.308492015132849 ] ] ] } },
{ "type": "Feature", "properties": { "id": 6, "left": 960493.4, "top": 6352100.1, "right": 962993.4, "bottom": 6349600.1, "grid_row": 5, "grid_col": 0, "id_2": null, "name_fr": null, "name_nl": null, "population": null, "centroid_lat": null, "centroid_lon": null }, "geometry": { "type": "Polygon", "coordinates": [ [ [ 6.261277940548204, 44.219492207326994 ], [ 6.29254089154182, 44.21855863365208 ], [ 6.291237084932871, 44.19607588426905 ], [ 6.259986485403622, 44.197009077725468 ], [ 6.261277940548204, 44.219492207326994 ] ] ] } },
{ "type": "Feature", "properties": { "id": 4, "left": 960493.4, "top": 6357100.1, "right": 962993.4, "bottom": 6354600.1, "grid_row": 3, "grid_col": 0, "id_2": null, "name_fr": null, "name_nl": null, "population": null, "centroid_lat": null, "centroid_lon": null }, "geometry": { "type": "Polygon", "coordinates": [ [ [ 6.26386392120869, 44.264459188872308 ], [ 6.295151604394032, 44.263524854270358 ], [ 6.293845730953218, 44.241041624763447 ], [ 6.262570418744748, 44.241975578820146 ], [ 6.26386392120869, 44.264459188872308 ] ] ] } },
{ "type": "Feature", "properties": { "id": 12, "left": 960493.4, "top": 6337100.1, "right": 962993.4, "bottom": 6334600.1, "grid_row": 11, "grid_col": 0, "id_2": null, "name_fr": null, "name_nl": null, "population": null, "centroid_lat": null, "centroid_lon": null }, "geometry": { "type": "Polygon", "coordinates": [ [ [ 6.253544513054222, 44.084597174635363 ], [ 6.284733501116638, 44.083665879826647 ], [ 6.283435865664456, 44.061184650722559 ], [ 6.252259170804612, 44.062115566289741 ], [ 6.253544513054222, 44.084597174635363 ] ] ] } },
{ "type": "Feature", "properties": { "id": 10, "left": 960493.4, "top": 6342100.1, "right": 962993.4, "bottom": 6339600.1, "grid_row": 9, "grid_col": 0, "id_2": null, "name_fr": null, "name_nl": null, "population": null, "centroid_lat": null, "centroid_lon": null }, "geometry": { "type": "Polygon", "coordinates": [ [ [ 6.256118246156107, 44.129561173575709 ], [ 6.28733184968014, 44.128629119796337 ], [ 6.286032162050071, 44.106147370626005 ], [ 6.254830871103398, 44.10707904483872 ], [ 6.256118246156107, 44.129561173575709 ] ] ] } },
{ "type": "Feature", "properties": { "id": 55, "left": 965493.4, "top": 6364600.1, "right": 967993.4, "bottom": 6362100.1, "grid_row": 0, "grid_col": 2, "id_2": null, "name_fr": null, "name_nl": null, "population": null, "centroid_lat": null, "centroid_lon": null }, "geometry": { "type": "Polygon", "coordinates": [ [ [ 6.330399257038991, 44.330031543620372 ], [ 6.361722024123424, 44.329078228907171 ], [ 6.360388244264438, 44.306595077174819 ], [ 6.329077875031169, 44.307548003599841 ], [ 6.330399257038991, 44.330031543620372 ] ] ] } },
{ "type": "Feature", "properties": { "id": 62, "left": 965493.4, "top": 6347100.1, "right": 967993.4, "bottom": 6344600.1, "grid_row": 7, "grid_col": 2, "id_2": null, "name_fr": null, "name_nl": null, "population": null, "centroid_lat": null, "centroid_lon": null }, "geometry": { "type": "Polygon", "coordinates": [ [ [ 6.32117153735119, 44.17265167291901 ], [ 6.352407724721476, 44.171701072722243 ], [ 6.351081319723405, 44.149219587418585 ], [ 6.319857461897244, 44.150169800492854 ], [ 6.32117153735119, 44.17265167291901 ] ] ] } },
{ "type": "Feature", "properties": { "id": 63, "left": 965493.4, "top": 6344600.1, "right": 967993.4, "bottom": 6342100.1, "grid_row": 8, "grid_col": 2, "id_2": null, "name_fr": null, "name_nl": null, "population": null, "centroid_lat": null, "centroid_lon": null }, "geometry": { "type": "Polygon", "coordinates": [ [ [ 6.319857461897244, 44.150169800492854 ], [ 6.351081319723405, 44.149219587418585 ], [ 6.349755963284717, 44.12673835350266 ], [ 6.31854442529055, 44.127688179620421 ], [ 6.319857461897244, 44.150169800492854 ] ] ] } },
{ "type": "Feature", "properties": { "id": 60, "left": 965493.4, "top": 6352100.1, "right": 967993.4, "bottom": 6349600.1, "grid_row": 5, "grid_col": 2, "id_2": null, "name_fr": null, "name_nl": null, "population": null, "centroid_lat": null, "centroid_lon": null }, "geometry": { "type": "Polygon", "coordinates": [ [ [ 6.32380280973331, 44.217616159116389 ], [ 6.355063685374129, 44.216664784176125 ], [ 6.353735179523029, 44.194182806084811 ], [ 6.322486652885018, 44.195133793570214 ], [ 6.32380280973331, 44.217616159116389 ] ] ] } },
{ "type": "Feature", "properties": { "id": 61, "left": 965493.4, "top": 6349600.1, "right": 967993.4, "bottom": 6347100.1, "grid_row": 6, "grid_col": 2, "id_2": null, "name_fr": null, "name_nl": null, "population": null, "centroid_lat": null, "centroid_lon": null }, "geometry": { "type": "Polygon", "coordinates": [ [ [ 6.322486652885018, 44.195133793570214 ], [ 6.353735179523029, 44.194182806084811 ], [ 6.352407724721476, 44.171701072722243 ], [ 6.32117153735119, 44.17265167291901 ], [ 6.322486652885018, 44.195133793570214 ] ] ] } },
{ "type": "Feature", "properties": { "id": 58, "left": 965493.4, "top": 6357100.1, "right": 967993.4, "bottom": 6354600.1, "grid_row": 3, "grid_col": 2, "id_2": null, "name_fr": null, "name_nl": null, "population": null, "centroid_lat": null, "centroid_lon": null }, "geometry": { "type": "Polygon", "coordinates": [ [ [ 6.326438252321375, 44.262581611566247 ], [ 6.357723855219104, 44.261629461216941 ], [ 6.356393243522817, 44.239147003664499 ], [ 6.325120009132599, 44.240098766226019 ], [ 6.326438252321375, 44.262581611566247 ] ] ] } },
{ "type": "Feature", "properties": { "id": 59, "left": 965493.4, "top": 6354600.1, "right": 967993.4, "bottom": 6352100.1, "grid_row": 4, "grid_col": 2, "id_2": null, "name_fr": null, "name_nl": null, "population": null, "centroid_lat": null, "centroid_lon": null }, "geometry": { "type": "Polygon", "coordinates": [ [ [ 6.325120009132599, 44.240098766226019 ], [ 6.356393243522817, 44.239147003664499 ], [ 6.355063685374129, 44.216664784176125 ], [ 6.32380280973331, 44.217616159116389 ], [ 6.325120009132599, 44.240098766226019 ] ] ] } },
{ "type": "Feature", "properties": { "id": 56, "left": 965493.4, "top": 6362100.1, "right": 967993.4, "bottom": 6359600.1, "grid_row": 1, "grid_col": 2, "id_2": null, "name_fr": null, "name_nl": null, "population": null, "centroid_lat": null, "centroid_lon": null }, "geometry": { "type": "Polygon", "coordinates": [ [ [ 6.329077875031169, 44.307548003599841 ], [ 6.360388244264438, 44.306595077174819 ], [ 6.359055521714986, 44.284112153499002 ], [ 6.327757540540092, 44.285064691802752 ], [ 6.329077875031169, 44.307548003599841 ] ] ] } },
{ "type": "Feature", "properties": { "id": 57, "left": 965493.4, "top": 6359600.1, "right": 967993.4, "bottom": 6357100.1, "grid_row": 2, "grid_col": 2, "id_2": null, "name_fr": null, "name_nl": null, "population": null, "centroid_lat": null, "centroid_lon": null }, "geometry": { "type": "Polygon", "coordinates": [ [ [ 6.327757540540092, 44.285064691802752 ], [ 6.359055521714986, 44.284112153499002 ], [ 6.357723855219104, 44.261629461216941 ], [ 6.326438252321375, 44.262581611566247 ], [ 6.327757540540092, 44.285064691802752 ] ] ] } },
{ "type": "Feature", "properties": { "id": 38, "left": 962993.4, "top": 6339600.1, "right": 965493.4, "bottom": 6337100.1, "grid_row": 10, "grid_col": 1, "id_2": null, "name_fr": null, "name_nl": null, "population": null, "centroid_lat": null, "centroid_lon": null }, "geometry": { "type": "Polygon", "coordinates": [ [ [ 6.286032162050071, 44.106147370626005 ], [ 6.317232426300423, 44.105206813628925 ], [ 6.315921463698121, 44.082725705844268 ], [ 6.284733501116638, 44.083665879826647 ], [ 6.286032162050071, 44.106147370626005 ] ] ] } },
{ "type": "Feature", "properties": { "id": 36, "left": 962993.4, "top": 6344600.1, "right": 965493.4, "bottom": 6342100.1, "grid_row": 8, "grid_col": 1, "id_2": null, "name_fr": null, "name_nl": null, "population": null, "centroid_lat": null, "centroid_lon": null }, "geometry": { "type": "Polygon", "coordinates": [ [ [ 6.288632565224156, 44.151111124011948 ], [ 6.319857461897244, 44.150169800492854 ], [ 6.31854442529055, 44.127688179620421 ], [ 6.28733184968014, 44.128629119796337 ], [ 6.288632565224156, 44.151111124011948 ] ] ] } },
{ "type": "Feature", "properties": { "id": 37, "left": 962993.4, "top": 6342100.1, "right": 965493.4, "bottom": 6339600.1, "grid_row": 9, "grid_col": 1, "id_2": null, "name_fr": null, "name_nl": null, "population": null, "centroid_lat": null, "centroid_lon": null }, "geometry": { "type": "Polygon", "coordinates": [ [ [ 6.28733184968014, 44.128629119796337 ], [ 6.31854442529055, 44.127688179620421 ], [ 6.317232426300423, 44.105206813628925 ], [ 6.286032162050071, 44.106147370626005 ], [ 6.28733184968014, 44.128629119796337 ] ] ] } },
{ "type": "Feature", "properties": { "id": 34, "left": 962993.4, "top": 6349600.1, "right": 965493.4, "bottom": 6347100.1, "grid_row": 6, "grid_col": 1, "id_2": null, "name_fr": null, "name_nl": null, "population": null, "centroid_lat": null, "centroid_lon": null }, "geometry": { "type": "Polygon", "coordinates": [ [ [ 6.291237084932871, 44.19607588426905 ], [ 6.322486652885018, 44.195133793570214 ], [ 6.32117153735119, 44.17265167291901 ], [ 6.289934309901346, 44.173593379945686 ], [ 6.291237084932871, 44.19607588426905 ] ] ] } },
{ "type": "Feature", "properties": { "id": 35, "left": 962993.4, "top": 6347100.1, "right": 965493.4, "bottom": 6344600.1, "grid_row": 7, "grid_col": 1, "id_2": null, "name_fr": null, "name_nl": null, "population": null, "centroid_lat": null, "centroid_lon": null }, "geometry": { "type": "Polygon", "coordinates": [ [ [ 6.289934309901346, 44.173593379945686 ], [ 6.32117153735119, 44.17265167291901 ], [ 6.319857461897244, 44.150169800492854 ], [ 6.288632565224156, 44.151111124011948 ], [ 6.289934309901346, 44.173593379945686 ] ] ] } },
{ "type": "Feature", "properties": { "id": 32, "left": 962993.4, "top": 6354600.1, "right": 965493.4, "bottom": 6352100.1, "grid_row": 4, "grid_col": 1, "id_2": null, "name_fr": null, "name_nl": null, "population": null, "centroid_lat": null, "centroid_lon": null }, "geometry": { "type": "Polygon", "coordinates": [ [ [ 6.293845730953218, 44.241041624763447 ], [ 6.325120009132599, 44.240098766226019 ], [ 6.32380280973331, 44.217616159116389 ], [ 6.29254089154182, 44.21855863365208 ], [ 6.293845730953218, 44.241041624763447 ] ] ] } },
{ "type": "Feature", "properties": { "id": 33, "left": 962993.4, "top": 6352100.1, "right": 965493.4, "bottom": 6349600.1, "grid_row": 5, "grid_col": 1, "id_2": null, "name_fr": null, "name_nl": null, "population": null, "centroid_lat": null, "centroid_lon": null }, "geometry": { "type": "Polygon", "coordinates": [ [ [ 6.29254089154182, 44.21855863365208 ], [ 6.32380280973331, 44.217616159116389 ], [ 6.322486652885018, 44.195133793570214 ], [ 6.291237084932871, 44.19607588426905 ], [ 6.29254089154182, 44.21855863365208 ] ] ] } },
{ "type": "Feature", "properties": { "id": 214, "left": 977993.4, "top": 6304600.1, "right": 980493.4, "bottom": 6302100.1, "grid_row": 24, "grid_col": 7, "id_2": null, "name_fr": null, "name_nl": null, "population": null, "centroid_lat": null, "centroid_lon": null }, "geometry": { "type": "Polygon", "coordinates": [ [ [ 6.454101812263036, 43.785687794059911 ], [ 6.485124470627272, 43.784699599726054 ], [ 6.483754912008639, 43.762224814995392 ], [ 6.452744413459652, 43.76321260707082 ], [ 6.454101812263036, 43.785687794059911 ] ] ] } },
{ "type": "Feature", "properties": { "id": 215, "left": 977993.4, "top": 6302100.1, "right": 980493.4, "bottom": 6299600.1, "grid_row": 25, "grid_col": 7, "id_2": null, "name_fr": null, "name_nl": null, "population": null, "centroid_lat": null, "centroid_lon": null }, "geometry": { "type": "Polygon", "coordinates": [ [ [ 6.452744413459652, 43.76321260707082 ], [ 6.483754912008639, 43.762224814995392 ], [ 6.482386428667681, 43.739750337184432 ], [ 6.451388080423718, 43.740737727172714 ], [ 6.452744413459652, 43.76321260707082 ] ] ] } },
{ "type": "Feature", "properties": { "id": 216, "left": 977993.4, "top": 6299600.1, "right": 980493.4, "bottom": 6297100.1, "grid_row": 26, "grid_col": 7, "id_2": null, "name_fr": null, "name_nl": null, "population": null, "centroid_lat": null, "centroid_lon": null }, "geometry": { "type": "Polygon", "coordinates": [ [ [ 6.451388080423718, 43.740737727172714 ], [ 6.482386428667681, 43.739750337184432 ], [ 6.481019019339374, 43.71727616959717 ], [ 6.45003281190134, 43.718263157669426 ], [ 6.451388080423718, 43.740737727172714 ] ] ] } },
{ "type": "Feature", "properties": { "id": 243, "left": 980493.4, "top": 6299600.1, "right": 982993.4, "bottom": 6297100.1, "grid_row": 26, "grid_col": 8, "id_2": null, "name_fr": null, "name_nl": null, "population": null, "centroid_lat": null, "centroid_lon": null }, "geometry": { "type": "Polygon", "coordinates": [ [ [ 6.482386428667681, 43.739750337184432 ], [ 6.513383702899326, 43.738754125226521 ], [ 6.512004154028132, 43.7162803631389 ], [ 6.481019019339374, 43.71727616959717 ], [ 6.482386428667681, 43.739750337184432 ] ] ] } },
{ "type": "Feature", "properties": { "id": 142, "left": 972993.4, "top": 6349600.1, "right": 975493.4, "bottom": 6347100.1, "grid_row": 6, "grid_col": 5, "id_2": null, "name_fr": null, "name_nl": null, "population": null, "centroid_lat": null, "centroid_lon": null }, "geometry": { "type": "Polygon", "coordinates": [ [ [ 6.416229069918278, 44.192254142599182 ], [ 6.447474414211287, 44.191276467532091 ], [ 6.446109949128884, 44.168795917730279 ], [ 6.414876940330958, 44.16977319466168 ], [ 6.416229069918278, 44.192254142599182 ] ] ] } },
{ "type": "Feature", "properties": { "id": 143, "left": 972993.4, "top": 6347100.1, "right": 975493.4, "bottom": 6344600.1, "grid_row": 7, "grid_col": 5, "id_2": null, "name_fr": null, "name_nl": null, "population": null, "centroid_lat": null, "centroid_lon": null }, "geometry": { "type": "Polygon", "coordinates": [ [ [ 6.414876940330958, 44.16977319466168 ], [ 6.446109949128884, 44.168795917730279 ], [ 6.444746563008881, 44.146315615479821 ], [ 6.413525879988396, 44.147292494446255 ], [ 6.414876940330958, 44.16977319466168 ] ] ] } },
{ "type": "Feature", "properties": { "id": 140, "left": 972993.4, "top": 6354600.1, "right": 975493.4, "bottom": 6352100.1, "grid_row": 4, "grid_col": 5, "id_2": null, "name_fr": null, "name_nl": null, "population": null, "centroid_lat": null, "centroid_lon": null }, "geometry": { "type": "Polygon", "coordinates": [ [ [ 6.418936541905313, 44.237216768317055 ], [ 6.450206586387329, 44.236238296465821 ], [ 6.448839959536592, 44.213757261554633 ], [ 6.417582270019385, 44.214735334928278 ], [ 6.418936541905313, 44.237216768317055 ] ] ] } },
{ "type": "Feature", "properties": { "id": 141, "left": 972993.4, "top": 6352100.1, "right": 975493.4, "bottom": 6349600.1, "grid_row": 5, "grid_col": 5, "id_2": null, "name_fr": null, "name_nl": null, "population": null, "centroid_lat": null, "centroid_lon": null }, "geometry": { "type": "Polygon", "coordinates": [ [ [ 6.417582270019385, 44.214735334928278 ], [ 6.448839959536592, 44.213757261554633 ], [ 6.447474414211287, 44.191276467532091 ], [ 6.416229069918278, 44.192254142599182 ], [ 6.417582270019385, 44.214735334928278 ] ] ] } },
{ "type": "Feature", "properties": { "id": 138, "left": 972993.4, "top": 6359600.1, "right": 975493.4, "bottom": 6357100.1, "grid_row": 2, "grid_col": 5, "id_2": null, "name_fr": null, "name_nl": null, "population": null, "centroid_lat": null, "centroid_lon": null }, "geometry": { "type": "Polygon", "coordinates": [ [ [ 6.421648306125835, 44.282180344939015 ], [ 6.452943089805354, 44.281201075619002 ], [ 6.451574296048052, 44.258719568932236 ], [ 6.420291886849108, 44.259698439432213 ], [ 6.421648306125835, 44.282180344939015 ] ] ] } },
{ "type": "Feature", "properties": { "id": 139, "left": 972993.4, "top": 6357100.1, "right": 975493.4, "bottom": 6354600.1, "grid_row": 3, "grid_col": 5, "id_2": null, "name_fr": null, "name_nl": null, "population": null, "centroid_lat": null, "centroid_lon": null }, "geometry": { "type": "Polygon", "coordinates": [ [ [ 6.420291886849108, 44.259698439432213 ], [ 6.451574296048052, 44.258719568932236 ], [ 6.450206586387329, 44.236238296465821 ], [ 6.418936541905313, 44.237216768317055 ], [ 6.420291886849108, 44.259698439432213 ] ] ] } },
{ "type": "Feature", "properties": { "id": 136, "left": 972993.4, "top": 6364600.1, "right": 975493.4, "bottom": 6362100.1, "grid_row": 0, "grid_col": 5, "id_2": null, "name_fr": null, "name_nl": null, "population": null, "centroid_lat": null, "centroid_lon": null }, "geometry": { "type": "Polygon", "coordinates": [ [ [ 6.424364372788435, 44.327144845781632 ], [ 6.455683934766254, 44.326164778307081 ], [ 6.454312968947864, 44.303682813189837 ], [ 6.423005801012576, 44.304662481501325 ], [ 6.424364372788435, 44.327144845781632 ] ] ] } },
{ "type": "Feature", "properties": { "id": 137, "left": 972993.4, "top": 6362100.1, "right": 975493.4, "bottom": 6359600.1, "grid_row": 1, "grid_col": 5, "id_2": null, "name_fr": null, "name_nl": null, "population": null, "centroid_lat": null, "centroid_lon": null }, "geometry": { "type": "Polygon", "coordinates": [ [ [ 6.423005801012576, 44.304662481501325 ], [ 6.454312968947864, 44.303682813189837 ], [ 6.452943089805354, 44.281201075619002 ], [ 6.421648306125835, 44.282180344939015 ], [ 6.423005801012576, 44.304662481501325 ] ] ] } },
{ "type": "Feature", "properties": { "id": 189, "left": 975493.4, "top": 6299600.1, "right": 977993.4, "bottom": 6297100.1, "grid_row": 26, "grid_col": 6, "id_2": null, "name_fr": null, "name_nl": null, "population": null, "centroid_lat": null, "centroid_lon": null }, "geometry": { "type": "Polygon", "coordinates": [ [ [ 6.420388667666527, 43.741716294717655 ], [ 6.451388080423718, 43.740737727172714 ], [ 6.45003281190134, 43.718263157669426 ], [ 6.41904554120201, 43.719241326882312 ], [ 6.420388667666527, 43.741716294717655 ] ] ] } },
{ "type": "Feature", "properties": { "id": 166, "left": 975493.4, "top": 6357100.1, "right": 977993.4, "bottom": 6354600.1, "grid_row": 3, "grid_col": 6, "id_2": null, "name_fr": null, "name_nl": null, "population": null, "centroid_lat": null, "centroid_lon": null }, "geometry": { "type": "Polygon", "coordinates": [ [ [ 6.451574296048052, 44.258719568932236 ], [ 6.482855621150756, 44.257731792657978 ], [ 6.481475548059695, 44.235250922459855 ], [ 6.450206586387329, 44.236238296465821 ], [ 6.451574296048052, 44.258719568932236 ] ] ] } },
{ "type": "Feature", "properties": { "id": 167, "left": 975493.4, "top": 6354600.1, "right": 977993.4, "bottom": 6352100.1, "grid_row": 4, "grid_col": 6, "id_2": null, "name_fr": null, "name_nl": null, "population": null, "centroid_lat": null, "centroid_lon": null }, "geometry": { "type": "Polygon", "coordinates": [ [ [ 6.450206586387329, 44.236238296465821 ], [ 6.481475548059695, 44.235250922459855 ], [ 6.480096567528708, 44.212770289644226 ], [ 6.448839959536592, 44.213757261554633 ], [ 6.450206586387329, 44.236238296465821 ] ] ] } },
{ "type": "Feature", "properties": { "id": 164, "left": 975493.4, "top": 6362100.1, "right": 977993.4, "bottom": 6359600.1, "grid_row": 1, "grid_col": 6, "id_2": null, "name_fr": null, "name_nl": null, "population": null, "centroid_lat": null, "centroid_lon": null }, "geometry": { "type": "Polygon", "coordinates": [ [ [ 6.454312968947864, 44.303682813189837 ], [ 6.485619050207615, 44.302694231860343 ], [ 6.484236788100004, 44.280212896903613 ], [ 6.452943089805354, 44.281201075619002 ], [ 6.454312968947864, 44.303682813189837 ] ] ] } },
{ "type": "Feature", "properties": { "id": 165, "left": 975493.4, "top": 6359600.1, "right": 977993.4, "bottom": 6357100.1, "grid_row": 2, "grid_col": 6, "id_2": null, "name_fr": null, "name_nl": null, "population": null, "centroid_lat": null, "centroid_lon": null }, "geometry": { "type": "Polygon", "coordinates": [ [ [ 6.452943089805354, 44.281201075619002 ], [ 6.484236788100004, 44.280212896903613 ], [ 6.482855621150756, 44.257731792657978 ], [ 6.451574296048052, 44.258719568932236 ], [ 6.452943089805354, 44.281201075619002 ] ] ] } },
{ "type": "Feature", "properties": { "id": 163, "left": 975493.4, "top": 6364600.1, "right": 977993.4, "bottom": 6362100.1, "grid_row": 0, "grid_col": 6, "id_2": null, "name_fr": null, "name_nl": null, "population": null, "centroid_lat": null, "centroid_lon": null }, "geometry": { "type": "Polygon", "coordinates": [ [ [ 6.455683934766254, 44.326164778307081 ], [ 6.487002408775819, 44.325175794190343 ], [ 6.485619050207615, 44.302694231860343 ], [ 6.454312968947864, 44.303682813189837 ], [ 6.455683934766254, 44.326164778307081 ] ] ] } },
{ "type": "Feature", "properties": { "id": 168, "left": 975493.4, "top": 6352100.1, "right": 977993.4, "bottom": 6349600.1, "grid_row": 5, "grid_col": 6, "id_2": null, "name_fr": null, "name_nl": null, "population": null, "centroid_lat": null, "centroid_lon": null }, "geometry": { "type": "Polygon", "coordinates": [ [ [ 6.448839959536592, 44.213757261554633 ], [ 6.480096567528708, 44.212770289644226 ], [ 6.47871867826173, 44.19028989754473 ], [ 6.447474414211287, 44.191276467532091 ], [ 6.448839959536592, 44.213757261554633 ] ] ] } },
{ "type": "Feature", "properties": { "id": 350, "left": 990493.4, "top": 6302100.1, "right": 992993.4, "bottom": 6299600.1, "grid_row": 25, "grid_col": 12, "id_2": null, "name_fr": null, "name_nl": null, "population": null, "centroid_lat": null, "centroid_lon": null }, "geometry": { "type": "Polygon", "coordinates": [ [ [ 6.607786058358816, 43.758185395950385 ], [ 6.638791085458844, 43.757153480926569 ], [ 6.637361869790634, 43.734681067320359 ], [ 6.606368986559271, 43.735712562335372 ], [ 6.607786058358816, 43.758185395950385 ] ] ] } },
{ "type": "Feature", "properties": { "id": 351, "left": 990493.4, "top": 6299600.1, "right": 992993.4, "bottom": 6297100.1, "grid_row": 26, "grid_col": 12, "id_2": null, "name_fr": null, "name_nl": null, "population": null, "centroid_lat": null, "centroid_lon": null }, "geometry": { "type": "Polygon", "coordinates": [ [ [ 6.606368986559271, 43.735712562335372 ], [ 6.637361869790634, 43.734681067320359 ], [ 6.635933775600463, 43.712208963059588 ], [ 6.604953026748757, 43.713240038244436 ], [ 6.606368986559271, 43.735712562335372 ] ] ] } },
{ "type": "Feature", "properties": { "id": 324, "left": 987993.4, "top": 6299600.1, "right": 990493.4, "bottom": 6297100.1, "grid_row": 26, "grid_col": 11, "id_2": null, "name_fr": null, "name_nl": null, "population": null, "centroid_lat": null, "centroid_lon": null }, "geometry": { "type": "Polygon", "coordinates": [ [ [ 6.575374991339221, 43.736735237317745 ], [ 6.606368986559271, 43.735712562335372 ], [ 6.604953026748757, 43.713240038244436 ], [ 6.57397116721582, 43.714262296978688 ], [ 6.575374991339221, 43.736735237317745 ] ] ] } },
{ "type": "Feature", "properties": { "id": 325, "left": 990493.4, "top": 6364600.1, "right": 992993.4, "bottom": 6362100.1, "grid_row": 0, "grid_col": 12, "id_2": null, "name_fr": null, "name_nl": null, "population": null, "centroid_lat": null, "centroid_lon": null }, "geometry": { "type": "Polygon", "coordinates": [ [ [ 6.643578116502431, 44.320097140912686 ], [ 6.674889857053393, 44.31905466716627 ], [ 6.673432169781489, 44.296575597644988 ], [ 6.642132813981026, 44.29761764686755 ], [ 6.643578116502431, 44.320097140912686 ] ] ] } },
{ "type": "Feature", "properties": { "id": 323, "left": 987993.4, "top": 6302100.1, "right": 990493.4, "bottom": 6299600.1, "grid_row": 25, "grid_col": 11, "id_2": null, "name_fr": null, "name_nl": null, "population": null, "centroid_lat": null, "centroid_lon": null }, "geometry": { "type": "Polygon", "coordinates": [ [ [ 6.576779917960591, 43.759208487358045 ], [ 6.607786058358816, 43.758185395950385 ], [ 6.606368986559271, 43.735712562335372 ], [ 6.575374991339221, 43.736735237317745 ], [ 6.576779917960591, 43.759208487358045 ] ] ] } },
{ "type": "Feature", "properties": { "id": 378, "left": 992993.4, "top": 6299600.1, "right": 995493.4, "bottom": 6297100.1, "grid_row": 26, "grid_col": 13, "id_2": null, "name_fr": null, "name_nl": null, "population": null, "centroid_lat": null, "centroid_lon": null }, "geometry": { "type": "Polygon", "coordinates": [ [ [ 6.637361869790634, 43.734681067320359 ], [ 6.668353631544304, 43.733640752767521 ], [ 6.666913404293028, 43.711169071918491 ], [ 6.635933775600463, 43.712208963059588 ], [ 6.637361869790634, 43.734681067320359 ] ] ] } },
{ "type": "Feature", "properties": { "id": 379, "left": 995493.4, "top": 6364600.1, "right": 997993.4, "bottom": 6362100.1, "grid_row": 0, "grid_col": 14, "id_2": null, "name_fr": null, "name_nl": null, "population": null, "centroid_lat": null, "centroid_lon": null }, "geometry": { "type": "Polygon", "coordinates": [ [ [ 6.706200441106136, 44.318003280225582 ], [ 6.737509858879231, 44.316942980600416 ], [ 6.736027406238931, 44.294464770990402 ], [ 6.704730370457418, 44.295524638849486 ], [ 6.706200441106136, 44.318003280225582 ] ] ] } },
{ "type": "Feature", "properties": { "id": 377, "left": 992993.4, "top": 6302100.1, "right": 995493.4, "bottom": 6299600.1, "grid_row": 25, "grid_col": 13, "id_2": null, "name_fr": null, "name_nl": null, "population": null, "centroid_lat": null, "centroid_lon": null }, "geometry": { "type": "Polygon", "coordinates": [ [ [ 6.638791085458844, 43.757153480926569 ], [ 6.669794989760558, 43.756112742781738 ], [ 6.668353631544304, 43.733640752767521 ], [ 6.637361869790634, 43.734681067320359 ], [ 6.638791085458844, 43.757153480926569 ] ] ] } },
{ "type": "Feature", "properties": { "id": 352, "left": 992993.4, "top": 6364600.1, "right": 995493.4, "bottom": 6362100.1, "grid_row": 0, "grid_col": 13, "id_2": null, "name_fr": null, "name_nl": null, "population": null, "centroid_lat": null, "centroid_lon": null }, "geometry": { "type": "Polygon", "coordinates": [ [ [ 6.674889857053393, 44.31905466716627 ], [ 6.706200441106136, 44.318003280225582 ], [ 6.704730370457418, 44.295524638849486 ], [ 6.673432169781489, 44.296575597644988 ], [ 6.674889857053393, 44.31905466716627 ] ] ] } },
{ "type": "Feature", "properties": { "id": 270, "left": 982993.4, "top": 6299600.1, "right": 985493.4, "bottom": 6297100.1, "grid_row": 26, "grid_col": 9, "id_2": null, "name_fr": null, "name_nl": null, "population": null, "centroid_lat": null, "centroid_lon": null }, "geometry": { "type": "Polygon", "coordinates": [ [ [ 6.513383702899326, 43.738754125226521 ], [ 6.544379893621542, 43.737749091776898 ], [ 6.542988206481615, 43.715275738772164 ], [ 6.512004154028132, 43.7162803631389 ], [ 6.513383702899326, 43.738754125226521 ] ] ] } },
{ "type": "Feature", "properties": { "id": 297, "left": 985493.4, "top": 6299600.1, "right": 987993.4, "bottom": 6297100.1, "grid_row": 26, "grid_col": 10, "id_2": null, "name_fr": null, "name_nl": null, "population": null, "centroid_lat": null, "centroid_lon": null }, "geometry": { "type": "Polygon", "coordinates": [ [ [ 6.544379893621542, 43.737749091776898 ], [ 6.575374991339221, 43.736735237317745 ], [ 6.57397116721582, 43.714262296978688 ], [ 6.542988206481615, 43.715275738772164 ], [ 6.544379893621542, 43.737749091776898 ] ] ] } },
{ "type": "Feature", "properties": { "id": 470, "left": 1002993.4, "top": 6339600.1, "right": 1005493.4, "bottom": 6337100.1, "grid_row": 10, "grid_col": 17, "id_2": null, "name_fr": null, "name_nl": null, "population": null, "centroid_lat": null, "centroid_lon": null }, "geometry": { "type": "Polygon", "coordinates": [ [ [ 6.785106601216585, 44.0900328436786 ], [ 6.816289121685484, 44.088950226828082 ], [ 6.814781506979002, 44.066475738014447 ], [ 6.783611267182602, 44.06755791413272 ], [ 6.785106601216585, 44.0900328436786 ] ] ] } },
{ "type": "Feature", "properties": { "id": 471, "left": 1002993.4, "top": 6337100.1, "right": 1005493.4, "bottom": 6334600.1, "grid_row": 11, "grid_col": 17, "id_2": null, "name_fr": null, "name_nl": null, "population": null, "centroid_lat": null, "centroid_lon": null }, "geometry": { "type": "Polygon", "coordinates": [ [ [ 6.783611267182602, 44.06755791413272 ], [ 6.814781506979002, 44.066475738014447 ], [ 6.81327508203461, 44.044001507899118 ], [ 6.782117113264035, 44.045083243473655 ], [ 6.783611267182602, 44.06755791413272 ] ] ] } },
{ "type": "Feature", "properties": { "id": 468, "left": 1002993.4, "top": 6344600.1, "right": 1005493.4, "bottom": 6342100.1, "grid_row": 8, "grid_col": 17, "id_2": null, "name_fr": null, "name_nl": null, "population": null, "centroid_lat": null, "centroid_lon": null }, "geometry": { "type": "Polygon", "coordinates": [ [ [ 6.788100815223403, 44.134983466123039 ], [ 6.819307926022767, 44.133899967241746 ], [ 6.817797927563015, 44.111424971013264 ], [ 6.786603116763583, 44.112508028784731 ], [ 6.788100815223403, 44.134983466123039 ] ] ] } },
{ "type": "Feature", "properties": { "id": 469, "left": 1002993.4, "top": 6342100.1, "right": 1005493.4, "bottom": 6339600.1, "grid_row": 9, "grid_col": 17, "id_2": null, "name_fr": null, "name_nl": null, "population": null, "centroid_lat": null, "centroid_lon": null }, "geometry": { "type": "Polygon", "coordinates": [ [ [ 6.786603116763583, 44.112508028784731 ], [ 6.817797927563015, 44.111424971013264 ], [ 6.816289121685484, 44.088950226828082 ], [ 6.785106601216585, 44.0900328436786 ], [ 6.786603116763583, 44.112508028784731 ] ] ] } },
{ "type": "Feature", "properties": { "id": 466, "left": 1002993.4, "top": 6349600.1, "right": 1005493.4, "bottom": 6347100.1, "grid_row": 6, "grid_col": 17, "id_2": null, "name_fr": null, "name_nl": null, "population": null, "centroid_lat": null, "centroid_lon": null }, "geometry": { "type": "Polygon", "coordinates": [ [ [ 6.791099766491793, 44.179935084176968 ], [ 6.822331506344792, 44.17885070250891 ], [ 6.820819118478147, 44.156375212183967 ], [ 6.789599697998064, 44.157459152364083 ], [ 6.791099766491793, 44.179935084176968 ] ] ] } },
{ "type": "Feature", "properties": { "id": 467, "left": 1002993.4, "top": 6347100.1, "right": 1005493.4, "bottom": 6344600.1, "grid_row": 7, "grid_col": 17, "id_2": null, "name_fr": null, "name_nl": null, "population": null, "centroid_lat": null, "centroid_lon": null }, "geometry": { "type": "Polygon", "coordinates": [ [ [ 6.789599697998064, 44.157459152364083 ], [ 6.820819118478147, 44.156375212183967 ], [ 6.819307926022767, 44.133899967241746 ], [ 6.788100815223403, 44.134983466123039 ], [ 6.789599697998064, 44.157459152364083 ] ] ] } },
{ "type": "Feature", "properties": { "id": 464, "left": 1002993.4, "top": 6354600.1, "right": 1005493.4, "bottom": 6352100.1, "grid_row": 4, "grid_col": 17, "id_2": null, "name_fr": null, "name_nl": null, "population": null, "centroid_lat": null, "centroid_lon": null }, "geometry": { "type": "Polygon", "coordinates": [ [ [ 6.794103466264485, 44.224887671187872 ], [ 6.825359873985617, 44.223802405975718 ], [ 6.823845091040576, 44.201326434884109 ], [ 6.792601022111042, 44.202411258229482 ], [ 6.794103466264485, 44.224887671187872 ] ] ] } },
{ "type": "Feature", "properties": { "id": 465, "left": 1002993.4, "top": 6352100.1, "right": 1005493.4, "bottom": 6349600.1, "grid_row": 5, "grid_col": 17, "id_2": null, "name_fr": null, "name_nl": null, "population": null, "centroid_lat": null, "centroid_lon": null }, "geometry": { "type": "Polygon", "coordinates": [ [ [ 6.792601022111042, 44.202411258229482 ], [ 6.823845091040576, 44.201326434884109 ], [ 6.822331506344792, 44.17885070250891 ], [ 6.791099766491793, 44.179935084176968 ], [ 6.792601022111042, 44.202411258229482 ] ] ] } },
{ "type": "Feature", "properties": { "id": 454, "left": 1000493.4, "top": 6312100.1, "right": 1002993.4, "bottom": 6309600.1, "grid_row": 21, "grid_col": 16, "id_2": null, "name_fr": null, "name_nl": null, "population": null, "centroid_lat": null, "centroid_lon": null }, "geometry": { "type": "Polygon", "coordinates": [ [ [ 6.737673475639526, 43.843892349340109 ], [ 6.768722603673094, 43.842823405639628 ], [ 6.767240174522932, 43.820351506500735 ], [ 6.736203223042562, 43.821420015121888 ], [ 6.737673475639526, 43.843892349340109 ] ] ] } },
{ "type": "Feature", "properties": { "id": 455, "left": 1000493.4, "top": 6309600.1, "right": 1002993.4, "bottom": 6307100.1, "grid_row": 22, "grid_col": 16, "id_2": null, "name_fr": null, "name_nl": null, "population": null, "centroid_lat": null, "centroid_lon": null }, "geometry": { "type": "Polygon", "coordinates": [ [ [ 6.736203223042562, 43.821420015121888 ], [ 6.767240174522932, 43.820351506500735 ], [ 6.765758910258952, 43.797879902747745 ], [ 6.734734125806669, 43.798947976474942 ], [ 6.736203223042562, 43.821420015121888 ] ] ] } },
{ "type": "Feature", "properties": { "id": 462, "left": 1002993.4, "top": 6359600.1, "right": 1005493.4, "bottom": 6357100.1, "grid_row": 2, "grid_col": 17, "id_2": null, "name_fr": null, "name_nl": null, "population": null, "centroid_lat": null, "centroid_lon": null }, "geometry": { "type": "Polygon", "coordinates": [ [ [ 6.797111925819793, 44.269841200480485 ], [ 6.828393040315162, 44.268755050965758 ], [ 6.826875856602275, 44.246278612448499 ], [ 6.795607100363025, 44.247364319717036 ], [ 6.797111925819793, 44.269841200480485 ] ] ] } },
{ "type": "Feature", "properties": { "id": 463, "left": 1002993.4, "top": 6357100.1, "right": 1005493.4, "bottom": 6354600.1, "grid_row": 3, "grid_col": 17, "id_2": null, "name_fr": null, "name_nl": null, "population": null, "centroid_lat": null, "centroid_lon": null }, "geometry": { "type": "Polygon", "coordinates": [ [ [ 6.795607100363025, 44.247364319717036 ], [ 6.826875856602275, 44.246278612448499 ], [ 6.825359873985617, 44.223802405975718 ], [ 6.794103466264485, 44.224887671187872 ], [ 6.795607100363025, 44.247364319717036 ] ] ] } },
{ "type": "Feature", "properties": { "id": 460, "left": 1002993.4, "top": 6364600.1, "right": 1005493.4, "bottom": 6362100.1, "grid_row": 0, "grid_col": 17, "id_2": null, "name_fr": null, "name_nl": null, "population": null, "centroid_lat": null, "centroid_lon": null }, "geometry": { "type": "Polygon", "coordinates": [ [ [ 6.800125156471746, 44.314795645357101 ], [ 6.831431016739354, 44.313708610779969 ], [ 6.829911426551146, 44.291231718189408 ], [ 6.798617944050163, 44.292318310140296 ], [ 6.800125156471746, 44.314795645357101 ] ] ] } },
{ "type": "Feature", "properties": { "id": 461, "left": 1002993.4, "top": 6362100.1, "right": 1005493.4, "bottom": 6359600.1, "grid_row": 1, "grid_col": 17, "id_2": null, "name_fr": null, "name_nl": null, "population": null, "centroid_lat": null, "centroid_lon": null }, "geometry": { "type": "Polygon", "coordinates": [ [ [ 6.798617944050163, 44.292318310140296 ], [ 6.829911426551146, 44.291231718189408 ], [ 6.828393040315162, 44.268755050965758 ], [ 6.797111925819793, 44.269841200480485 ], [ 6.798617944050163, 44.292318310140296 ] ] ] } },
{ "type": "Feature", "properties": { "id": 458, "left": 1000493.4, "top": 6302100.1, "right": 1002993.4, "bottom": 6299600.1, "grid_row": 25, "grid_col": 16, "id_2": null, "name_fr": null, "name_nl": null, "population": null, "centroid_lat": null, "centroid_lon": null }, "geometry": { "type": "Polygon", "coordinates": [ [ [ 6.731799391978954, 43.754004799130911 ], [ 6.762799870905835, 43.752937594636315 ], [ 6.76132209308022, 43.730466896892658 ], [ 6.730333752672896, 43.731533667048367 ], [ 6.731799391978954, 43.754004799130911 ] ] ] } },
{ "type": "Feature", "properties": { "id": 459, "left": 1000493.4, "top": 6299600.1, "right": 1002993.4, "bottom": 6297100.1, "grid_row": 26, "grid_col": 16, "id_2": null, "name_fr": null, "name_nl": null, "population": null, "centroid_lat": null, "centroid_lon": null }, "geometry": { "type": "Polygon", "coordinates": [ [ [ 6.730333752672896, 43.731533667048367 ], [ 6.76132209308022, 43.730466896892658 ], [ 6.75984547466782, 43.707996507764555 ], [ 6.728869263299424, 43.709062843766091 ], [ 6.730333752672896, 43.731533667048367 ] ] ] } },
{ "type": "Feature", "properties": { "id": 456, "left": 1000493.4, "top": 6307100.1, "right": 1002993.4, "bottom": 6304600.1, "grid_row": 23, "grid_col": 16, "id_2": null, "name_fr": null, "name_nl": null, "population": null, "centroid_lat": null, "centroid_lon": null }, "geometry": { "type": "Polygon", "coordinates": [ [ [ 6.734734125806669, 43.798947976474942 ], [ 6.765758910258952, 43.797879902747745 ], [ 6.76427880950969, 43.775408597690237 ], [ 6.733266182571526, 43.776476236708618 ], [ 6.734734125806669, 43.798947976474942 ] ] ] } },
{ "type": "Feature", "properties": { "id": 457, "left": 1000493.4, "top": 6304600.1, "right": 1002993.4, "bottom": 6302100.1, "grid_row": 24, "grid_col": 16, "id_2": null, "name_fr": null, "name_nl": null, "population": null, "centroid_lat": null, "centroid_lon": null }, "geometry": { "type": "Polygon", "coordinates": [ [ [ 6.733266182571526, 43.776476236708618 ], [ 6.76427880950969, 43.775408597690237 ], [ 6.762799870905835, 43.752937594636315 ], [ 6.731799391978954, 43.754004799130911 ], [ 6.733266182571526, 43.776476236708618 ] ] ] } },
{ "type": "Feature", "properties": { "id": 498, "left": 1005493.4, "top": 6337100.1, "right": 1007993.4, "bottom": 6334600.1, "grid_row": 11, "grid_col": 18, "id_2": null, "name_fr": null, "name_nl": null, "population": null, "centroid_lat": null, "centroid_lon": null }, "geometry": { "type": "Polygon", "coordinates": [ [ [ 6.814781506979002, 44.066475738014447 ], [ 6.845950557013678, 44.065384691020284 ], [ 6.844431862450195, 44.042910905050981 ], [ 6.81327508203461, 44.044001507899118 ], [ 6.814781506979002, 44.066475738014447 ] ] ] } },
{ "type": "Feature", "properties": { "id": 496, "left": 1005493.4, "top": 6342100.1, "right": 1007993.4, "bottom": 6339600.1, "grid_row": 9, "grid_col": 18, "id_2": null, "name_fr": null, "name_nl": null, "population": null, "centroid_lat": null, "centroid_lon": null }, "geometry": { "type": "Polygon", "coordinates": [ [ [ 6.817797927563015, 44.111424971013264 ], [ 6.848991545780596, 44.11033303515665 ], [ 6.847470450983711, 44.087858735497818 ], [ 6.816289121685484, 44.088950226828082 ], [ 6.817797927563015, 44.111424971013264 ] ] ] } },
{ "type": "Feature", "properties": { "id": 497, "left": 1005493.4, "top": 6339600.1, "right": 1007993.4, "bottom": 6337100.1, "grid_row": 10, "grid_col": 18, "id_2": null, "name_fr": null, "name_nl": null, "population": null, "centroid_lat": null, "centroid_lon": null }, "geometry": { "type": "Polygon", "coordinates": [ [ [ 6.816289121685484, 44.088950226828082 ], [ 6.847470450983711, 44.087858735497818 ], [ 6.845950557013678, 44.065384691020284 ], [ 6.814781506979002, 44.066475738014447 ], [ 6.816289121685484, 44.088950226828082 ] ] ] } },
{ "type": "Feature", "properties": { "id": 510, "left": 1005493.4, "top": 6307100.1, "right": 1007993.4, "bottom": 6304600.1, "grid_row": 23, "grid_col": 18, "id_2": null, "name_fr": null, "name_nl": null, "population": null, "centroid_lat": null, "centroid_lon": null }, "geometry": { "type": "Polygon", "coordinates": [ [ [ 6.796782531196873, 43.796803000754899 ], [ 6.827804979108622, 43.795717271013473 ], [ 6.826300567450182, 43.773246846126654 ], [ 6.795290274302803, 43.77433213399069 ], [ 6.796782531196873, 43.796803000754899 ] ] ] } },
{ "type": "Feature", "properties": { "id": 511, "left": 1005493.4, "top": 6304600.1, "right": 1007993.4, "bottom": 6302100.1, "grid_row": 24, "grid_col": 18, "id_2": null, "name_fr": null, "name_nl": null, "population": null, "centroid_lat": null, "centroid_lon": null }, "geometry": { "type": "Polygon", "coordinates": [ [ [ 6.795290274302803, 43.77433213399069 ], [ 6.826300567450182, 43.773246846126654 ], [ 6.824797336936365, 43.750776722868821 ], [ 6.793799189054832, 43.751861569043527 ], [ 6.795290274302803, 43.77433213399069 ] ] ] } },
{ "type": "Feature", "properties": { "id": 508, "left": 1005493.4, "top": 6312100.1, "right": 1007993.4, "bottom": 6309600.1, "grid_row": 21, "grid_col": 18, "id_2": null, "name_fr": null, "name_nl": null, "population": null, "centroid_lat": null, "centroid_lon": null }, "geometry": { "type": "Polygon", "coordinates": [ [ [ 6.799770565447221, 43.841745626499929 ], [ 6.830817351427795, 43.840659012438948 ], [ 6.829310573303245, 43.818187994220871 ], [ 6.798275961117477, 43.819274166027881 ], [ 6.799770565447221, 43.841745626499929 ] ] ] } },
{ "type": "Feature", "properties": { "id": 509, "left": 1005493.4, "top": 6309600.1, "right": 1007993.4, "bottom": 6307100.1, "grid_row": 22, "grid_col": 18, "id_2": null, "name_fr": null, "name_nl": null, "population": null, "centroid_lat": null, "centroid_lon": null }, "geometry": { "type": "Polygon", "coordinates": [ [ [ 6.798275961117477, 43.819274166027881 ], [ 6.829310573303245, 43.818187994220871 ], [ 6.827804979108622, 43.795717271013473 ], [ 6.796782531196873, 43.796803000754899 ], [ 6.798275961117477, 43.819274166027881 ] ] ] } },
{ "type": "Feature", "properties": { "id": 507, "left": 1005493.4, "top": 6314600.1, "right": 1007993.4, "bottom": 6312100.1, "grid_row": 20, "grid_col": 18, "id_2": null, "name_fr": null, "name_nl": null, "population": null, "centroid_lat": null, "centroid_lon": null }, "geometry": { "type": "Polygon", "coordinates": [ [ [ 6.801266345570883, 43.864217378859912 ], [ 6.832325314878203, 43.863130322356483 ], [ 6.830817351427795, 43.840659012438948 ], [ 6.799770565447221, 43.841745626499929 ], [ 6.801266345570883, 43.864217378859912 ] ] ] } },
{ "type": "Feature", "properties": { "id": 486, "left": 1002993.4, "top": 6299600.1, "right": 1005493.4, "bottom": 6297100.1, "grid_row": 26, "grid_col": 17, "id_2": null, "name_fr": null, "name_nl": null, "population": null, "centroid_lat": null, "centroid_lon": null }, "geometry": { "type": "Polygon", "coordinates": [ [ [ 6.76132209308022, 43.730466896892658 ], [ 6.792309274074683, 43.729391309220262 ], [ 6.790820527986243, 43.70692135782631 ], [ 6.75984547466782, 43.707996507764555 ], [ 6.76132209308022, 43.730466896892658 ] ] ] } },
{ "type": "Feature", "properties": { "id": 487, "left": 1005493.4, "top": 6364600.1, "right": 1007993.4, "bottom": 6362100.1, "grid_row": 0, "grid_col": 18, "id_2": null, "name_fr": null, "name_nl": null, "population": null, "centroid_lat": null, "centroid_lon": null }, "geometry": { "type": "Polygon", "coordinates": [ [ [ 6.831431016739354, 44.313708610779969 ], [ 6.862735671623729, 44.312612665600341 ], [ 6.861203705100285, 44.290136219255224 ], [ 6.829911426551146, 44.291231718189408 ], [ 6.831431016739354, 44.313708610779969 ] ] ] } },
{ "type": "Feature", "properties": { "id": 484, "left": 1002993.4, "top": 6304600.1, "right": 1005493.4, "bottom": 6302100.1, "grid_row": 24, "grid_col": 17, "id_2": null, "name_fr": null, "name_nl": null, "population": null, "centroid_lat": null, "centroid_lon": null }, "geometry": { "type": "Polygon", "coordinates": [ [ [ 6.76427880950969, 43.775408597690237 ], [ 6.795290274302803, 43.77433213399069 ], [ 6.793799189054832, 43.751861569043527 ], [ 6.762799870905835, 43.752937594636315 ], [ 6.76427880950969, 43.775408597690237 ] ] ] } },
{ "type": "Feature", "properties": { "id": 485, "left": 1002993.4, "top": 6302100.1, "right": 1005493.4, "bottom": 6299600.1, "grid_row": 25, "grid_col": 17, "id_2": null, "name_fr": null, "name_nl": null, "population": null, "centroid_lat": null, "centroid_lon": null }, "geometry": { "type": "Polygon", "coordinates": [ [ [ 6.762799870905835, 43.752937594636315 ], [ 6.793799189054832, 43.751861569043527 ], [ 6.792309274074683, 43.729391309220262 ], [ 6.76132209308022, 43.730466896892658 ], [ 6.762799870905835, 43.752937594636315 ] ] ] } },
{ "type": "Feature", "properties": { "id": 482, "left": 1002993.4, "top": 6309600.1, "right": 1005493.4, "bottom": 6307100.1, "grid_row": 22, "grid_col": 17, "id_2": null, "name_fr": null, "name_nl": null, "population": null, "centroid_lat": null, "centroid_lon": null }, "geometry": { "type": "Polygon", "coordinates": [ [ [ 6.767240174522932, 43.820351506500735 ], [ 6.798275961117477, 43.819274166027881 ], [ 6.796782531196873, 43.796803000754899 ], [ 6.765758910258952, 43.797879902747745 ], [ 6.767240174522932, 43.820351506500735 ] ] ] } },
{ "type": "Feature", "properties": { "id": 483, "left": 1002993.4, "top": 6307100.1, "right": 1005493.4, "bottom": 6304600.1, "grid_row": 23, "grid_col": 17, "id_2": null, "name_fr": null, "name_nl": null, "population": null, "centroid_lat": null, "centroid_lon": null }, "geometry": { "type": "Polygon", "coordinates": [ [ [ 6.765758910258952, 43.797879902747745 ], [ 6.796782531196873, 43.796803000754899 ], [ 6.795290274302803, 43.77433213399069 ], [ 6.76427880950969, 43.775408597690237 ], [ 6.765758910258952, 43.797879902747745 ] ] ] } },
{ "type": "Feature", "properties": { "id": 481, "left": 1002993.4, "top": 6312100.1, "right": 1005493.4, "bottom": 6309600.1, "grid_row": 21, "grid_col": 17, "id_2": null, "name_fr": null, "name_nl": null, "population": null, "centroid_lat": null, "centroid_lon": null }, "geometry": { "type": "Polygon", "coordinates": [ [ [ 6.768722603673094, 43.842823405639628 ], [ 6.799770565447221, 43.841745626499929 ], [ 6.798275961117477, 43.819274166027881 ], [ 6.767240174522932, 43.820351506500735 ], [ 6.768722603673094, 43.842823405639628 ] ] ] } },
{ "type": "Feature", "properties": { "id": 494, "left": 1005493.4, "top": 6347100.1, "right": 1007993.4, "bottom": 6344600.1, "grid_row": 7, "grid_col": 18, "id_2": null, "name_fr": null, "name_nl": null, "population": null, "centroid_lat": null, "centroid_lon": null }, "geometry": { "type": "Polygon", "coordinates": [ [ [ 6.820819118478147, 44.156375212183967 ], [ 6.852037343547339, 44.155282386703419 ], [ 6.850513842826876, 44.132807586668449 ], [ 6.819307926022767, 44.133899967241746 ], [ 6.820819118478147, 44.156375212183967 ] ] ] } },
{ "type": "Feature", "properties": { "id": 495, "left": 1005493.4, "top": 6344600.1, "right": 1007993.4, "bottom": 6342100.1, "grid_row": 8, "grid_col": 18, "id_2": null, "name_fr": null, "name_nl": null, "population": null, "centroid_lat": null, "centroid_lon": null }, "geometry": { "type": "Polygon", "coordinates": [ [ [ 6.819307926022767, 44.133899967241746 ], [ 6.850513842826876, 44.132807586668449 ], [ 6.848991545780596, 44.11033303515665 ], [ 6.817797927563015, 44.111424971013264 ], [ 6.819307926022767, 44.133899967241746 ] ] ] } },
{ "type": "Feature", "properties": { "id": 492, "left": 1005493.4, "top": 6352100.1, "right": 1007993.4, "bottom": 6349600.1, "grid_row": 5, "grid_col": 18, "id_2": null, "name_fr": null, "name_nl": null, "population": null, "centroid_lat": null, "centroid_lon": null }, "geometry": { "type": "Polygon", "coordinates": [ [ [ 6.823845091040576, 44.201326434884109 ], [ 6.85508796172123, 44.20023271901681 ], [ 6.853562049369025, 44.177757431930409 ], [ 6.822331506344792, 44.17885070250891 ], [ 6.823845091040576, 44.201326434884109 ] ] ] } },
{ "type": "Feature", "properties": { "id": 493, "left": 1005493.4, "top": 6349600.1, "right": 1007993.4, "bottom": 6347100.1, "grid_row": 6, "grid_col": 18, "id_2": null, "name_fr": null, "name_nl": null, "population": null, "centroid_lat": null, "centroid_lon": null }, "geometry": { "type": "Polygon", "coordinates": [ [ [ 6.822331506344792, 44.17885070250891 ], [ 6.853562049369025, 44.177757431930409 ], [ 6.852037343547339, 44.155282386703419 ], [ 6.820819118478147, 44.156375212183967 ], [ 6.822331506344792, 44.17885070250891 ] ] ] } },
{ "type": "Feature", "properties": { "id": 490, "left": 1005493.4, "top": 6357100.1, "right": 1007993.4, "bottom": 6354600.1, "grid_row": 3, "grid_col": 18, "id_2": null, "name_fr": null, "name_nl": null, "population": null, "centroid_lat": null, "centroid_lon": null }, "geometry": { "type": "Polygon", "coordinates": [ [ [ 6.826875856602275, 44.246278612448499 ], [ 6.858143411745671, 44.245184005430417 ], [ 6.856615082035507, 44.222708244628627 ], [ 6.825359873985617, 44.223802405975718 ], [ 6.826875856602275, 44.246278612448499 ] ] ] } },
{ "type": "Feature", "properties": { "id": 491, "left": 1005493.4, "top": 6354600.1, "right": 1007993.4, "bottom": 6352100.1, "grid_row": 4, "grid_col": 18, "id_2": null, "name_fr": null, "name_nl": null, "population": null, "centroid_lat": null, "centroid_lon": null }, "geometry": { "type": "Polygon", "coordinates": [ [ [ 6.825359873985617, 44.223802405975718 ], [ 6.856615082035507, 44.222708244628627 ], [ 6.85508796172123, 44.20023271901681 ], [ 6.823845091040576, 44.201326434884109 ], [ 6.825359873985617, 44.223802405975718 ] ] ] } },
{ "type": "Feature", "properties": { "id": 488, "left": 1005493.4, "top": 6362100.1, "right": 1007993.4, "bottom": 6359600.1, "grid_row": 1, "grid_col": 18, "id_2": null, "name_fr": null, "name_nl": null, "population": null, "centroid_lat": null, "centroid_lon": null }, "geometry": { "type": "Polygon", "coordinates": [ [ [ 6.829911426551146, 44.291231718189408 ], [ 6.861203705100285, 44.290136219255224 ], [ 6.859672952287812, 44.267659998085364 ], [ 6.828393040315162, 44.268755050965758 ], [ 6.829911426551146, 44.291231718189408 ] ] ] } },
{ "type": "Feature", "properties": { "id": 489, "left": 1005493.4, "top": 6359600.1, "right": 1007993.4, "bottom": 6357100.1, "grid_row": 2, "grid_col": 18, "id_2": null, "name_fr": null, "name_nl": null, "population": null, "centroid_lat": null, "centroid_lon": null }, "geometry": { "type": "Polygon", "coordinates": [ [ [ 6.828393040315162, 44.268755050965758 ], [ 6.859672952287812, 44.267659998085364 ], [ 6.858143411745671, 44.245184005430417 ], [ 6.826875856602275, 44.246278612448499 ], [ 6.828393040315162, 44.268755050965758 ] ] ] } },
{ "type": "Feature", "properties": { "id": 406, "left": 997993.4, "top": 6364600.1, "right": 1000493.4, "bottom": 6362100.1, "grid_row": 0, "grid_col": 15, "id_2": null, "name_fr": null, "name_nl": null, "population": null, "centroid_lat": null, "centroid_lon": null }, "geometry": { "type": "Polygon", "coordinates": [ [ [ 6.737509858879231, 44.316942980600416 ], [ 6.768818100593442, 44.315873768804813 ], [ 6.76732326735834, 44.293395994581353 ], [ 6.736027406238931, 44.294464770990402 ], [ 6.737509858879231, 44.316942980600416 ] ] ] } },
{ "type": "Feature", "properties": { "id": 404, "left": 995493.4, "top": 6302100.1, "right": 997993.4, "bottom": 6299600.1, "grid_row": 25, "grid_col": 14, "id_2": null, "name_fr": null, "name_nl": null, "population": null, "centroid_lat": null, "centroid_lon": null }, "geometry": { "type": "Polygon", "coordinates": [ [ [ 6.669794989760558, 43.756112742781738 ], [ 6.700797761765913, 43.75506318201532 ], [ 6.699344262333342, 43.732591619175778 ], [ 6.668353631544304, 43.733640752767521 ], [ 6.669794989760558, 43.756112742781738 ] ] ] } },
{ "type": "Feature", "properties": { "id": 405, "left": 995493.4, "top": 6299600.1, "right": 997993.4, "bottom": 6297100.1, "grid_row": 26, "grid_col": 14, "id_2": null, "name_fr": null, "name_nl": null, "population": null, "centroid_lat": null, "centroid_lon": null }, "geometry": { "type": "Polygon", "coordinates": [ [ [ 6.668353631544304, 43.733640752767521 ], [ 6.699344262333342, 43.732591619175778 ], [ 6.697891903350605, 43.710120365319732 ], [ 6.666913404293028, 43.711169071918491 ], [ 6.668353631544304, 43.733640752767521 ] ] ] } },
{ "type": "Feature", "properties": { "id": 403, "left": 995493.4, "top": 6304600.1, "right": 997993.4, "bottom": 6302100.1, "grid_row": 24, "grid_col": 14, "id_2": null, "name_fr": null, "name_nl": null, "population": null, "centroid_lat": null, "centroid_lon": null }, "geometry": { "type": "Polygon", "coordinates": [ [ [ 6.671237480273519, 43.778585038656352 ], [ 6.702252402991149, 43.777535050533409 ], [ 6.700797761765913, 43.75506318201532 ], [ 6.669794989760558, 43.756112742781738 ], [ 6.671237480273519, 43.778585038656352 ] ] ] } },
{ "type": "Feature", "properties": { "id": 412, "left": 997993.4, "top": 6349600.1, "right": 1000493.4, "bottom": 6347100.1, "grid_row": 6, "grid_col": 15, "id_2": null, "name_fr": null, "name_nl": null, "population": null, "centroid_lat": null, "centroid_lon": null }, "geometry": { "type": "Polygon", "coordinates": [ [ [ 6.728632735116184, 44.182077178688743 ], [ 6.759866839513642, 44.18101057641028 ], [ 6.758379091799278, 44.158534206719793 ], [ 6.727157309576207, 44.159600374731497 ], [ 6.728632735116184, 44.182077178688743 ] ] ] } },
{ "type": "Feature", "properties": { "id": 438, "left": 1000493.4, "top": 6352100.1, "right": 1002993.4, "bottom": 6349600.1, "grid_row": 5, "grid_col": 16, "id_2": null, "name_fr": null, "name_nl": null, "population": null, "centroid_lat": null, "centroid_lon": null }, "geometry": { "type": "Polygon", "coordinates": [ [ [ 6.761355764647684, 44.203487188528122 ], [ 6.792601022111042, 44.202411258229482 ], [ 6.791099766491793, 44.179935084176968 ], [ 6.759866839513642, 44.18101057641028 ], [ 6.761355764647684, 44.203487188528122 ] ] ] } },
{ "type": "Feature", "properties": { "id": 439, "left": 1000493.4, "top": 6349600.1, "right": 1002993.4, "bottom": 6347100.1, "grid_row": 6, "grid_col": 16, "id_2": null, "name_fr": null, "name_nl": null, "population": null, "centroid_lat": null, "centroid_lon": null }, "geometry": { "type": "Polygon", "coordinates": [ [ [ 6.759866839513642, 44.18101057641028 ], [ 6.791099766491793, 44.179935084176968 ], [ 6.789599697998064, 44.157459152364083 ], [ 6.758379091799278, 44.158534206719793 ], [ 6.759866839513642, 44.18101057641028 ] ] ] } },
{ "type": "Feature", "properties": { "id": 436, "left": 1000493.4, "top": 6357100.1, "right": 1002993.4, "bottom": 6354600.1, "grid_row": 3, "grid_col": 16, "id_2": null, "name_fr": null, "name_nl": null, "population": null, "centroid_lat": null, "centroid_lon": null }, "geometry": { "type": "Polygon", "coordinates": [ [ [ 6.764337152765916, 44.248441126710389 ], [ 6.795607100363025, 44.247364319717036 ], [ 6.794103466264485, 44.224887671187872 ], [ 6.762845868598629, 44.225964039739829 ], [ 6.764337152765916, 44.248441126710389 ] ] ] } },
{ "type": "Feature", "properties": { "id": 437, "left": 1000493.4, "top": 6354600.1, "right": 1002993.4, "bottom": 6352100.1, "grid_row": 4, "grid_col": 16, "id_2": null, "name_fr": null, "name_nl": null, "population": null, "centroid_lat": null, "centroid_lon": null }, "geometry": { "type": "Polygon", "coordinates": [ [ [ 6.762845868598629, 44.225964039739829 ], [ 6.794103466264485, 44.224887671187872 ], [ 6.792601022111042, 44.202411258229482 ], [ 6.761355764647684, 44.203487188528122 ], [ 6.762845868598629, 44.225964039739829 ] ] ] } },
{ "type": "Feature", "properties": { "id": 434, "left": 1000493.4, "top": 6362100.1, "right": 1002993.4, "bottom": 6359600.1, "grid_row": 1, "grid_col": 16, "id_2": null, "name_fr": null, "name_nl": null, "population": null, "centroid_lat": null, "centroid_lon": null }, "geometry": { "type": "Polygon", "coordinates": [ [ [ 6.76732326735834, 44.293395994581353 ], [ 6.798617944050163, 44.292318310140296 ], [ 6.797111925819793, 44.269841200480485 ], [ 6.765829618551197, 44.270918446103501 ], [ 6.76732326735834, 44.293395994581353 ] ] ] } },
{ "type": "Feature", "properties": { "id": 435, "left": 1000493.4, "top": 6359600.1, "right": 1002993.4, "bottom": 6357100.1, "grid_row": 2, "grid_col": 16, "id_2": null, "name_fr": null, "name_nl": null, "population": null, "centroid_lat": null, "centroid_lon": null }, "geometry": { "type": "Polygon", "coordinates": [ [ [ 6.765829618551197, 44.270918446103501 ], [ 6.797111925819793, 44.269841200480485 ], [ 6.795607100363025, 44.247364319717036 ], [ 6.764337152765916, 44.248441126710389 ], [ 6.765829618551197, 44.270918446103501 ] ] ] } },
{ "type": "Feature", "properties": { "id": 432, "left": 997993.4, "top": 6299600.1, "right": 1000493.4, "bottom": 6297100.1, "grid_row": 26, "grid_col": 15, "id_2": null, "name_fr": null, "name_nl": null, "population": null, "centroid_lat": null, "centroid_lon": null }, "geometry": { "type": "Polygon", "coordinates": [ [ [ 6.699344262333342, 43.732591619175778 ], [ 6.730333752672896, 43.731533667048367 ], [ 6.728869263299424, 43.709062843766091 ], [ 6.697891903350605, 43.710120365319732 ], [ 6.699344262333342, 43.732591619175778 ] ] ] } },
{ "type": "Feature", "properties": { "id": 433, "left": 1000493.4, "top": 6364600.1, "right": 1002993.4, "bottom": 6362100.1, "grid_row": 0, "grid_col": 16, "id_2": null, "name_fr": null, "name_nl": null, "population": null, "centroid_lat": null, "centroid_lon": null }, "geometry": { "type": "Polygon", "coordinates": [ [ [ 6.768818100593442, 44.315873768804813 ], [ 6.800125156471746, 44.314795645357101 ], [ 6.798617944050163, 44.292318310140296 ], [ 6.76732326735834, 44.293395994581353 ], [ 6.768818100593442, 44.315873768804813 ] ] ] } },
{ "type": "Feature", "properties": { "id": 440, "left": 1000493.4, "top": 6347100.1, "right": 1002993.4, "bottom": 6344600.1, "grid_row": 7, "grid_col": 16, "id_2": null, "name_fr": null, "name_nl": null, "population": null, "centroid_lat": null, "centroid_lon": null }, "geometry": { "type": "Polygon", "coordinates": [ [ [ 6.758379091799278, 44.158534206719793 ], [ 6.789599697998064, 44.157459152364083 ], [ 6.788100815223403, 44.134983466123039 ], [ 6.756892520109571, 44.136058082788821 ], [ 6.758379091799278, 44.158534206719793 ] ] ] } },
{ "type": "Feature", "properties": { "id": 441, "left": 1000493.4, "top": 6344600.1, "right": 1002993.4, "bottom": 6342100.1, "grid_row": 8, "grid_col": 16, "id_2": null, "name_fr": null, "name_nl": null, "population": null, "centroid_lat": null, "centroid_lon": null }, "geometry": { "type": "Polygon", "coordinates": [ [ [ 6.756892520109571, 44.136058082788821 ], [ 6.788100815223403, 44.134983466123039 ], [ 6.786603116763583, 44.112508028784731 ], [ 6.755407123051698, 44.113582207948042 ], [ 6.756892520109571, 44.136058082788821 ] ] ] } },
{ "type": "Feature", "properties": { "id": 430, "left": 997993.4, "top": 6304600.1, "right": 1000493.4, "bottom": 6302100.1, "grid_row": 24, "grid_col": 15, "id_2": null, "name_fr": null, "name_nl": null, "population": null, "centroid_lat": null, "centroid_lon": null }, "geometry": { "type": "Polygon", "coordinates": [ [ [ 6.702252402991149, 43.777535050533409 ], [ 6.733266182571526, 43.776476236708618 ], [ 6.731799391978954, 43.754004799130911 ], [ 6.700797761765913, 43.75506318201532 ], [ 6.702252402991149, 43.777535050533409 ] ] ] } },
{ "type": "Feature", "properties": { "id": 431, "left": 997993.4, "top": 6302100.1, "right": 1000493.4, "bottom": 6299600.1, "grid_row": 25, "grid_col": 15, "id_2": null, "name_fr": null, "name_nl": null, "population": null, "centroid_lat": null, "centroid_lon": null }, "geometry": { "type": "Polygon", "coordinates": [ [ [ 6.700797761765913, 43.75506318201532 ], [ 6.731799391978954, 43.754004799130911 ], [ 6.730333752672896, 43.731533667048367 ], [ 6.699344262333342, 43.732591619175778 ], [ 6.700797761765913, 43.75506318201532 ] ] ] } },
{ "type": "Feature", "properties": { "id": 427, "left": 997993.4, "top": 6312100.1, "right": 1000493.4, "bottom": 6309600.1, "grid_row": 21, "grid_col": 15, "id_2": null, "name_fr": null, "name_nl": null, "population": null, "centroid_lat": null, "centroid_lon": null }, "geometry": { "type": "Polygon", "coordinates": [ [ [ 6.706623190882793, 43.844952457087672 ], [ 6.737673475639526, 43.843892349340109 ], [ 6.736203223042562, 43.821420015121888 ], [ 6.705165116201481, 43.822479691378092 ], [ 6.706623190882793, 43.844952457087672 ] ] ] } },
{ "type": "Feature", "properties": { "id": 598, "left": 1015493.4, "top": 6357100.1, "right": 1017993.4, "bottom": 6354600.1, "grid_row": 3, "grid_col": 22, "id_2": null, "name_fr": null, "name_nl": null, "population": null, "centroid_lat": null, "centroid_lon": null }, "geometry": { "type": "Polygon", "coordinates": [ [ [ 6.951938773254696, 44.241846791199613 ], [ 6.983201426680073, 44.240716590525459 ], [ 6.981623723071399, 44.218242648544511 ], [ 6.950373410926392, 44.219372389093792 ], [ 6.951938773254696, 44.241846791199613 ] ] ] } },
{ "type": "Feature", "properties": { "id": 599, "left": 1015493.4, "top": 6354600.1, "right": 1017993.4, "bottom": 6352100.1, "grid_row": 4, "grid_col": 22, "id_2": null, "name_fr": null, "name_nl": null, "population": null, "centroid_lat": null, "centroid_lon": null }, "geometry": { "type": "Polygon", "coordinates": [ [ [ 6.950373410926392, 44.219372389093792 ], [ 6.981623723071399, 44.218242648544511 ], [ 6.980047267732838, 44.195768940973501 ], [ 6.948809287153111, 44.196898221595248 ], [ 6.950373410926392, 44.219372389093792 ] ] ] } },
{ "type": "Feature", "properties": { "id": 596, "left": 1015493.4, "top": 6362100.1, "right": 1017993.4, "bottom": 6359600.1, "grid_row": 1, "grid_col": 22, "id_2": null, "name_fr": null, "name_nl": null, "population": null, "centroid_lat": null, "centroid_lon": null }, "geometry": { "type": "Polygon", "coordinates": [ [ [ 6.955073219460616, 44.28679628588236 ], [ 6.986360584637843, 44.285665164365881 ], [ 6.984780380040793, 44.263190763578891 ], [ 6.953505375608501, 44.264321424575371 ], [ 6.955073219460616, 44.28679628588236 ] ] ] } },
{ "type": "Feature", "properties": { "id": 597, "left": 1015493.4, "top": 6359600.1, "right": 1017993.4, "bottom": 6357100.1, "grid_row": 2, "grid_col": 22, "id_2": null, "name_fr": null, "name_nl": null, "population": null, "centroid_lat": null, "centroid_lon": null }, "geometry": { "type": "Polygon", "coordinates": [ [ [ 6.953505375608501, 44.264321424575371 ], [ 6.984780380040793, 44.263190763578891 ], [ 6.983201426680073, 44.240716590525459 ], [ 6.951938773254696, 44.241846791199613 ], [ 6.953505375608501, 44.264321424575371 ] ] ] } },
{ "type": "Feature", "properties": { "id": 594, "left": 1012993.4, "top": 6299600.1, "right": 1015493.4, "bottom": 6297100.1, "grid_row": 26, "grid_col": 21, "id_2": null, "name_fr": null, "name_nl": null, "population": null, "centroid_lat": null, "centroid_lon": null }, "geometry": { "type": "Polygon", "coordinates": [ [ [ 6.885263765806808, 43.72611164628205 ], [ 6.91624621438657, 43.725000793743042 ], [ 6.914708971444224, 43.702532629076877 ], [ 6.88373864497827, 43.703643029566123 ], [ 6.885263765806808, 43.72611164628205 ] ] ] } },
{ "type": "Feature", "properties": { "id": 595, "left": 1015493.4, "top": 6364600.1, "right": 1017993.4, "bottom": 6362100.1, "grid_row": 0, "grid_col": 22, "id_2": null, "name_fr": null, "name_nl": null, "population": null, "centroid_lat": null, "centroid_lon": null }, "geometry": { "type": "Polygon", "coordinates": [ [ [ 6.956642306286176, 44.309271371780419 ], [ 6.98794204195785, 44.308139789546161 ], [ 6.986360584637843, 44.285665164365881 ], [ 6.955073219460616, 44.28679628588236 ], [ 6.956642306286176, 44.309271371780419 ] ] ] } },
{ "type": "Feature", "properties": { "id": 592, "left": 1012993.4, "top": 6304600.1, "right": 1015493.4, "bottom": 6302100.1, "grid_row": 24, "grid_col": 21, "id_2": null, "name_fr": null, "name_nl": null, "population": null, "centroid_lat": null, "centroid_lon": null }, "geometry": { "type": "Polygon", "coordinates": [ [ [ 6.888317600815808, 43.771049799992703 ], [ 6.919324322043571, 43.769938042777184 ], [ 6.917784664112875, 43.747469266078497 ], [ 6.886790083949534, 43.748580570859552 ], [ 6.888317600815808, 43.771049799992703 ] ] ] } },
{ "type": "Feature", "properties": { "id": 593, "left": 1012993.4, "top": 6302100.1, "right": 1015493.4, "bottom": 6299600.1, "grid_row": 25, "grid_col": 21, "id_2": null, "name_fr": null, "name_nl": null, "population": null, "centroid_lat": null, "centroid_lon": null }, "geometry": { "type": "Polygon", "coordinates": [ [ [ 6.886790083949534, 43.748580570859552 ], [ 6.917784664112875, 43.747469266078497 ], [ 6.91624621438657, 43.725000793743042 ], [ 6.885263765806808, 43.72611164628205 ], [ 6.886790083949534, 43.748580570859552 ] ] ] } },
{ "type": "Feature", "properties": { "id": 606, "left": 1015493.4, "top": 6337100.1, "right": 1017993.4, "bottom": 6334600.1, "grid_row": 11, "grid_col": 22, "id_2": null, "name_fr": null, "name_nl": null, "population": null, "centroid_lat": null, "centroid_lon": null }, "geometry": { "type": "Polygon", "coordinates": [ [ [ 6.93945047211403, 44.062058330068062 ], [ 6.970614666679732, 44.060931804877264 ], [ 6.969046907933758, 44.038459831506593 ], [ 6.937894977246953, 44.039585898146434 ], [ 6.93945047211403, 44.062058330068062 ] ] ] } },
{ "type": "Feature", "properties": { "id": 607, "left": 1015493.4, "top": 6334600.1, "right": 1017993.4, "bottom": 6332100.1, "grid_row": 12, "grid_col": 22, "id_2": null, "name_fr": null, "name_nl": null, "population": null, "centroid_lat": null, "centroid_lon": null }, "geometry": { "type": "Polygon", "coordinates": [ [ [ 6.937894977246953, 44.039585898146434 ], [ 6.969046907933758, 44.038459831506593 ], [ 6.967480385686271, 44.015988119194773 ], [ 6.936340709254273, 44.017113727479682 ], [ 6.937894977246953, 44.039585898146434 ] ] ] } },
{ "type": "Feature", "properties": { "id": 604, "left": 1015493.4, "top": 6342100.1, "right": 1017993.4, "bottom": 6339600.1, "grid_row": 9, "grid_col": 22, "id_2": null, "name_fr": null, "name_nl": null, "population": null, "centroid_lat": null, "centroid_lon": null }, "geometry": { "type": "Polygon", "coordinates": [ [ [ 6.942565148281789, 44.107003964370527 ], [ 6.973753899522822, 44.105876521489151 ], [ 6.972183663387536, 44.083404035980649 ], [ 6.941007195307535, 44.08453101991855 ], [ 6.942565148281789, 44.107003964370527 ] ] ] } },
{ "type": "Feature", "properties": { "id": 605, "left": 1015493.4, "top": 6339600.1, "right": 1017993.4, "bottom": 6337100.1, "grid_row": 10, "grid_col": 22, "id_2": null, "name_fr": null, "name_nl": null, "population": null, "centroid_lat": null, "centroid_lon": null }, "geometry": { "type": "Polygon", "coordinates": [ [ [ 6.941007195307535, 44.08453101991855 ], [ 6.972183663387536, 44.083404035980649 ], [ 6.970614666679732, 44.060931804877264 ], [ 6.93945047211403, 44.062058330068062 ], [ 6.941007195307535, 44.08453101991855 ] ] ] } },
{ "type": "Feature", "properties": { "id": 602, "left": 1015493.4, "top": 6347100.1, "right": 1017993.4, "bottom": 6344600.1, "grid_row": 7, "grid_col": 22, "id_2": null, "name_fr": null, "name_nl": null, "population": null, "centroid_lat": null, "centroid_lon": null }, "geometry": { "type": "Polygon", "coordinates": [ [ [ 6.945684749401301, 44.151950603762117 ], [ 6.97689809595001, 44.150822242404217 ], [ 6.975325376553553, 44.128349258073818 ], [ 6.944124332493405, 44.129477160095121 ], [ 6.945684749401301, 44.151950603762117 ] ] ] } },
{ "type": "Feature", "properties": { "id": 603, "left": 1015493.4, "top": 6344600.1, "right": 1017993.4, "bottom": 6342100.1, "grid_row": 8, "grid_col": 22, "id_2": null, "name_fr": null, "name_nl": null, "population": null, "centroid_lat": null, "centroid_lon": null }, "geometry": { "type": "Polygon", "coordinates": [ [ [ 6.944124332493405, 44.129477160095121 ], [ 6.975325376553553, 44.128349258073818 ], [ 6.973753899522822, 44.105876521489151 ], [ 6.942565148281789, 44.107003964370527 ], [ 6.944124332493405, 44.129477160095121 ] ] ] } },
{ "type": "Feature", "properties": { "id": 600, "left": 1015493.4, "top": 6352100.1, "right": 1017993.4, "bottom": 6349600.1, "grid_row": 5, "grid_col": 22, "id_2": null, "name_fr": null, "name_nl": null, "population": null, "centroid_lat": null, "centroid_lon": null }, "geometry": { "type": "Polygon", "coordinates": [ [ [ 6.948809287153111, 44.196898221595248 ], [ 6.980047267732838, 44.195768940973501 ], [ 6.978472059184795, 44.173295471148514 ], [ 6.947246400466693, 44.174424292039852 ], [ 6.948809287153111, 44.196898221595248 ] ] ] } },
{ "type": "Feature", "properties": { "id": 601, "left": 1015493.4, "top": 6349600.1, "right": 1017993.4, "bottom": 6347100.1, "grid_row": 6, "grid_col": 22, "id_2": null, "name_fr": null, "name_nl": null, "population": null, "centroid_lat": null, "centroid_lon": null }, "geometry": { "type": "Polygon", "coordinates": [ [ [ 6.947246400466693, 44.174424292039852 ], [ 6.978472059184795, 44.173295471148514 ], [ 6.97689809595001, 44.150822242404217 ], [ 6.945684749401301, 44.151950603762117 ], [ 6.947246400466693, 44.174424292039852 ] ] ] } },
{ "type": "Feature", "properties": { "id": 582, "left": 1012993.4, "top": 6329600.1, "right": 1015493.4, "bottom": 6327100.1, "grid_row": 14, "grid_col": 21, "id_2": null, "name_fr": null, "name_nl": null, "population": null, "centroid_lat": null, "centroid_lon": null }, "geometry": { "type": "Polygon", "coordinates": [ [ [ 6.903659010919454, 43.995758113570709 ], [ 6.934787666686248, 43.994641821392356 ], [ 6.933235848095412, 43.972170183207631 ], [ 6.902119428814301, 43.973286021018581 ], [ 6.903659010919454, 43.995758113570709 ] ] ] } },
{ "type": "Feature", "properties": { "id": 583, "left": 1012993.4, "top": 6327100.1, "right": 1015493.4, "bottom": 6324600.1, "grid_row": 15, "grid_col": 21, "id_2": null, "name_fr": null, "name_nl": null, "population": null, "centroid_lat": null, "centroid_lon": null }, "geometry": { "type": "Polygon", "coordinates": [ [ [ 6.902119428814301, 43.973286021018581 ], [ 6.933235848095412, 43.972170183207631 ], [ 6.931685252036582, 43.949698816247228 ], [ 6.900581059648625, 43.950814199884775 ], [ 6.902119428814301, 43.973286021018581 ] ] ] } },
{ "type": "Feature", "properties": { "id": 580, "left": 1012993.4, "top": 6334600.1, "right": 1015493.4, "bottom": 6332100.1, "grid_row": 12, "grid_col": 21, "id_2": null, "name_fr": null, "name_nl": null, "population": null, "centroid_lat": null, "centroid_lon": null }, "geometry": { "type": "Polygon", "coordinates": [ [ [ 6.906741819686132, 44.040703099642244 ], [ 6.937894977246953, 44.039585898146434 ], [ 6.936340709254273, 44.017113727479682 ], [ 6.905199807398003, 44.0182304742196 ], [ 6.906741819686132, 44.040703099642244 ] ] ] } },
{ "type": "Feature", "properties": { "id": 581, "left": 1012993.4, "top": 6332100.1, "right": 1015493.4, "bottom": 6329600.1, "grid_row": 13, "grid_col": 21, "id_2": null, "name_fr": null, "name_nl": null, "population": null, "centroid_lat": null, "centroid_lon": null }, "geometry": { "type": "Polygon", "coordinates": [ [ [ 6.905199807398003, 44.0182304742196 ], [ 6.936340709254273, 44.017113727479682 ], [ 6.934787666686248, 43.994641821392356 ], [ 6.903659010919454, 43.995758113570709 ], [ 6.905199807398003, 44.0182304742196 ] ] ] } },
{ "type": "Feature", "properties": { "id": 578, "left": 1012993.4, "top": 6339600.1, "right": 1015493.4, "bottom": 6337100.1, "grid_row": 10, "grid_col": 21, "id_2": null, "name_fr": null, "name_nl": null, "population": null, "centroid_lat": null, "centroid_lon": null }, "geometry": { "type": "Polygon", "coordinates": [ [ [ 6.909829497447167, 44.085649131509776 ], [ 6.941007195307535, 44.08453101991855 ], [ 6.93945047211403, 44.062058330068062 ], [ 6.908285049222282, 44.06317598651426 ], [ 6.909829497447167, 44.085649131509776 ] ] ] } },
{ "type": "Feature", "properties": { "id": 579, "left": 1012993.4, "top": 6337100.1, "right": 1015493.4, "bottom": 6334600.1, "grid_row": 11, "grid_col": 21, "id_2": null, "name_fr": null, "name_nl": null, "population": null, "centroid_lat": null, "centroid_lon": null }, "geometry": { "type": "Polygon", "coordinates": [ [ [ 6.908285049222282, 44.06317598651426 ], [ 6.93945047211403, 44.062058330068062 ], [ 6.937894977246953, 44.039585898146434 ], [ 6.906741819686132, 44.040703099642244 ], [ 6.908285049222282, 44.06317598651426 ] ] ] } },
{ "type": "Feature", "properties": { "id": 576, "left": 1012993.4, "top": 6344600.1, "right": 1015493.4, "bottom": 6342100.1, "grid_row": 8, "grid_col": 21, "id_2": null, "name_fr": null, "name_nl": null, "population": null, "centroid_lat": null, "centroid_lon": null }, "geometry": { "type": "Polygon", "coordinates": [ [ [ 6.912922055737363, 44.130596182560978 ], [ 6.944124332493405, 44.129477160095121 ], [ 6.942565148281789, 44.107003964370527 ], [ 6.911375165803774, 44.108122531301582 ], [ 6.912922055737363, 44.130596182560978 ] ] ] } },
{ "type": "Feature", "properties": { "id": 577, "left": 1012993.4, "top": 6342100.1, "right": 1015493.4, "bottom": 6339600.1, "grid_row": 9, "grid_col": 21, "id_2": null, "name_fr": null, "name_nl": null, "population": null, "centroid_lat": null, "centroid_lon": null }, "geometry": { "type": "Polygon", "coordinates": [ [ [ 6.911375165803774, 44.108122531301582 ], [ 6.942565148281789, 44.107003964370527 ], [ 6.941007195307535, 44.08453101991855 ], [ 6.909829497447167, 44.085649131509776 ], [ 6.911375165803774, 44.108122531301582 ] ] ] } },
{ "type": "Feature", "properties": { "id": 590, "left": 1012993.4, "top": 6309600.1, "right": 1015493.4, "bottom": 6307100.1, "grid_row": 22, "grid_col": 21, "id_2": null, "name_fr": null, "name_nl": null, "population": null, "centroid_lat": null, "centroid_lon": null }, "geometry": { "type": "Polygon", "coordinates": [ [ [ 6.891376236367504, 43.815989158695373 ], [ 6.922407268211013, 43.814876496032973 ], [ 6.920865189601319, 43.792407120531635 ], [ 6.889846317817203, 43.793519330374231 ], [ 6.891376236367504, 43.815989158695373 ] ] ] } },
{ "type": "Feature", "properties": { "id": 591, "left": 1012993.4, "top": 6307100.1, "right": 1015493.4, "bottom": 6304600.1, "grid_row": 23, "grid_col": 21, "id_2": null, "name_fr": null, "name_nl": null, "population": null, "centroid_lat": null, "centroid_lon": null }, "geometry": { "type": "Polygon", "coordinates": [ [ [ 6.889846317817203, 43.793519330374231 ], [ 6.920865189601319, 43.792407120531635 ], [ 6.919324322043571, 43.769938042777184 ], [ 6.888317600815808, 43.771049799992703 ], [ 6.889846317817203, 43.793519330374231 ] ] ] } },
{ "type": "Feature", "properties": { "id": 588, "left": 1012993.4, "top": 6314600.1, "right": 1015493.4, "bottom": 6312100.1, "grid_row": 20, "grid_col": 21, "id_2": null, "name_fr": null, "name_nl": null, "population": null, "centroid_lat": null, "centroid_lon": null }, "geometry": { "type": "Polygon", "coordinates": [ [ [ 6.894439683781073, 43.860929695914386 ], [ 6.925495064297013, 43.859816127033561 ], [ 6.923950559299787, 43.837346165970878 ], [ 6.892907357882716, 43.83845928164596 ], [ 6.894439683781073, 43.860929695914386 ] ] ] } },
{ "type": "Feature", "properties": { "id": 589, "left": 1012993.4, "top": 6312100.1, "right": 1015493.4, "bottom": 6309600.1, "grid_row": 21, "grid_col": 21, "id_2": null, "name_fr": null, "name_nl": null, "population": null, "centroid_lat": null, "centroid_lon": null }, "geometry": { "type": "Polygon", "coordinates": [ [ [ 6.892907357882716, 43.83845928164596 ], [ 6.923950559299787, 43.837346165970878 ], [ 6.922407268211013, 43.814876496032973 ], [ 6.891376236367504, 43.815989158695373 ], [ 6.892907357882716, 43.83845928164596 ] ] ] } },
{ "type": "Feature", "properties": { "id": 586, "left": 1012993.4, "top": 6319600.1, "right": 1015493.4, "bottom": 6317100.1, "grid_row": 18, "grid_col": 21, "id_2": null, "name_fr": null, "name_nl": null, "population": null, "centroid_lat": null, "centroid_lon": null }, "geometry": { "type": "Polygon", "coordinates": [ [ [ 6.897507954411284, 43.905871385151301 ], [ 6.928587721745544, 43.904756909279172 ], [ 6.927040784634309, 43.88228637590786 ], [ 6.895973215483032, 43.883400398187661 ], [ 6.897507954411284, 43.905871385151301 ] ] ] } },
{ "type": "Feature", "properties": { "id": 615, "left": 1015493.4, "top": 6314600.1, "right": 1017993.4, "bottom": 6312100.1, "grid_row": 20, "grid_col": 22, "id_2": null, "name_fr": null, "name_nl": null, "population": null, "centroid_lat": null, "centroid_lon": null }, "geometry": { "type": "Polygon", "coordinates": [ [ [ 6.925495064297013, 43.859816127033561 ], [ 6.956549229473257, 43.858693721758442 ], [ 6.954992546808781, 43.836224217488407 ], [ 6.923950559299787, 43.837346165970878 ], [ 6.925495064297013, 43.859816127033561 ] ] ] } },
{ "type": "Feature", "properties": { "id": 610, "left": 1015493.4, "top": 6327100.1, "right": 1017993.4, "bottom": 6324600.1, "grid_row": 15, "grid_col": 22, "id_2": null, "name_fr": null, "name_nl": null, "population": null, "centroid_lat": null, "centroid_lon": null }, "geometry": { "type": "Polygon", "coordinates": [ [ [ 6.933235848095412, 43.972170183207631 ], [ 6.964351044844897, 43.971045491045217 ], [ 6.962788223335823, 43.948574581852682 ], [ 6.931685252036582, 43.949698816247228 ], [ 6.933235848095412, 43.972170183207631 ] ] ] } },
{ "type": "Feature", "properties": { "id": 608, "left": 1015493.4, "top": 6332100.1, "right": 1017993.4, "bottom": 6329600.1, "grid_row": 13, "grid_col": 22, "id_2": null, "name_fr": null, "name_nl": null, "population": null, "centroid_lat": null, "centroid_lon": null }, "geometry": { "type": "Polygon", "coordinates": [ [ [ 6.936340709254273, 44.017113727479682 ], [ 6.967480385686271, 44.015988119194773 ], [ 6.96591509847623, 43.993516671266541 ], [ 6.934787666686248, 43.994641821392356 ], [ 6.936340709254273, 44.017113727479682 ] ] ] } },
{ "type": "Feature", "properties": { "id": 609, "left": 1015493.4, "top": 6329600.1, "right": 1017993.4, "bottom": 6327100.1, "grid_row": 14, "grid_col": 22, "id_2": null, "name_fr": null, "name_nl": null, "population": null, "centroid_lat": null, "centroid_lon": null }, "geometry": { "type": "Polygon", "coordinates": [ [ [ 6.934787666686248, 43.994641821392356 ], [ 6.96591509847623, 43.993516671266541 ], [ 6.964351044844897, 43.971045491045217 ], [ 6.933235848095412, 43.972170183207631 ], [ 6.934787666686248, 43.994641821392356 ] ] ] } },
{ "type": "Feature", "properties": { "id": 620, "left": 1015493.4, "top": 6302100.1, "right": 1017993.4, "bottom": 6299600.1, "grid_row": 25, "grid_col": 22, "id_2": null, "name_fr": null, "name_nl": null, "population": null, "centroid_lat": null, "centroid_lon": null }, "geometry": { "type": "Polygon", "coordinates": [ [ [ 6.917784664112875, 43.747469266078497 ], [ 6.948778036072196, 43.746349142822481 ], [ 6.947227456182746, 43.72388112630842 ], [ 6.91624621438657, 43.725000793743042 ], [ 6.917784664112875, 43.747469266078497 ] ] ] } },
{ "type": "Feature", "properties": { "id": 621, "left": 1015493.4, "top": 6299600.1, "right": 1017993.4, "bottom": 6297100.1, "grid_row": 26, "grid_col": 22, "id_2": null, "name_fr": null, "name_nl": null, "population": null, "centroid_lat": null, "centroid_lon": null }, "geometry": { "type": "Polygon", "coordinates": [ [ [ 6.91624621438657, 43.725000793743042 ], [ 6.947227456182746, 43.72388112630842 ], [ 6.945678092544799, 43.701413417269848 ], [ 6.914708971444224, 43.702532629076877 ], [ 6.91624621438657, 43.725000793743042 ] ] ] } },
{ "type": "Feature", "properties": { "id": 618, "left": 1015493.4, "top": 6307100.1, "right": 1017993.4, "bottom": 6304600.1, "grid_row": 23, "grid_col": 22, "id_2": null, "name_fr": null, "name_nl": null, "population": null, "centroid_lat": null, "centroid_lon": null }, "geometry": { "type": "Polygon", "coordinates": [ [ [ 6.920865189601319, 43.792407120531635 ], [ 6.951882850333859, 43.791286085050899 ], [ 6.950329833644651, 43.768817463505862 ], [ 6.919324322043571, 43.769938042777184 ], [ 6.920865189601319, 43.792407120531635 ] ] ] } },
{ "type": "Feature", "properties": { "id": 619, "left": 1015493.4, "top": 6304600.1, "right": 1017993.4, "bottom": 6302100.1, "grid_row": 24, "grid_col": 22, "id_2": null, "name_fr": null, "name_nl": null, "population": null, "centroid_lat": null, "centroid_lon": null }, "geometry": { "type": "Polygon", "coordinates": [ [ [ 6.919324322043571, 43.769938042777184 ], [ 6.950329833644651, 43.768817463505862 ], [ 6.948778036072196, 43.746349142822481 ], [ 6.917784664112875, 43.747469266078497 ], [ 6.919324322043571, 43.769938042777184 ] ] ] } },
{ "type": "Feature", "properties": { "id": 616, "left": 1015493.4, "top": 6312100.1, "right": 1017993.4, "bottom": 6309600.1, "grid_row": 21, "grid_col": 22, "id_2": null, "name_fr": null, "name_nl": null, "population": null, "centroid_lat": null, "centroid_lon": null }, "geometry": { "type": "Polygon", "coordinates": [ [ [ 6.923950559299787, 43.837346165970878 ], [ 6.954992546808781, 43.836224217488407 ], [ 6.953437087575818, 43.813755004148582 ], [ 6.922407268211013, 43.814876496032973 ], [ 6.923950559299787, 43.837346165970878 ] ] ] } },
{ "type": "Feature", "properties": { "id": 617, "left": 1015493.4, "top": 6309600.1, "right": 1017993.4, "bottom": 6307100.1, "grid_row": 22, "grid_col": 22, "id_2": null, "name_fr": null, "name_nl": null, "population": null, "centroid_lat": null, "centroid_lon": null }, "geometry": { "type": "Polygon", "coordinates": [ [ [ 6.922407268211013, 43.814876496032973 ], [ 6.953437087575818, 43.813755004148582 ], [ 6.951882850333859, 43.791286085050899 ], [ 6.920865189601319, 43.792407120531635 ], [ 6.922407268211013, 43.814876496032973 ] ] ] } },
{ "type": "Feature", "properties": { "id": 534, "left": 1007993.4, "top": 6314600.1, "right": 1010493.4, "bottom": 6312100.1, "grid_row": 20, "grid_col": 19, "id_2": null, "name_fr": null, "name_nl": null, "population": null, "centroid_lat": null, "centroid_lon": null }, "geometry": { "type": "Polygon", "coordinates": [ [ [ 6.832325314878203, 43.863130322356483 ], [ 6.863383097461904, 43.862034427865709 ], [ 6.861862952082874, 43.839563563978849 ], [ 6.830817351427795, 43.840659012438948 ], [ 6.832325314878203, 43.863130322356483 ] ] ] } },
{ "type": "Feature", "properties": { "id": 535, "left": 1007993.4, "top": 6312100.1, "right": 1010493.4, "bottom": 6309600.1, "grid_row": 21, "grid_col": 19, "id_2": null, "name_fr": null, "name_nl": null, "population": null, "centroid_lat": null, "centroid_lon": null }, "geometry": { "type": "Polygon", "coordinates": [ [ [ 6.830817351427795, 43.840659012438948 ], [ 6.861862952082874, 43.839563563978849 ], [ 6.860344001559453, 43.817092991601378 ], [ 6.829310573303245, 43.818187994220871 ], [ 6.830817351427795, 43.840659012438948 ] ] ] } },
{ "type": "Feature", "properties": { "id": 542, "left": 1010493.4, "top": 6362100.1, "right": 1012993.4, "bottom": 6359600.1, "grid_row": 1, "grid_col": 20, "id_2": null, "name_fr": null, "name_nl": null, "population": null, "centroid_lat": null, "centroid_lon": null }, "geometry": { "type": "Polygon", "coordinates": [ [ [ 6.892494769938834, 44.28903181386854 ], [ 6.923784611310331, 44.287918502564459 ], [ 6.922229129678289, 44.26544318435338 ], [ 6.890951651990506, 44.266556042369693 ], [ 6.892494769938834, 44.28903181386854 ] ] ] } },
{ "type": "Feature", "properties": { "id": 543, "left": 1010493.4, "top": 6359600.1, "right": 1012993.4, "bottom": 6357100.1, "grid_row": 2, "grid_col": 20, "id_2": null, "name_fr": null, "name_nl": null, "population": null, "centroid_lat": null, "centroid_lon": null }, "geometry": { "type": "Polygon", "coordinates": [ [ [ 6.890951651990506, 44.266556042369693 ], [ 6.922229129678289, 44.26544318435338 ], [ 6.920674879804205, 44.242968094269628 ], [ 6.889409756057471, 44.244080499192727 ], [ 6.890951651990506, 44.266556042369693 ] ] ] } },
{ "type": "Feature", "properties": { "id": 540, "left": 1007993.4, "top": 6299600.1, "right": 1010493.4, "bottom": 6297100.1, "grid_row": 26, "grid_col": 19, "id_2": null, "name_fr": null, "name_nl": null, "population": null, "centroid_lat": null, "centroid_lon": null }, "geometry": { "type": "Polygon", "coordinates": [ [ [ 6.823295286177797, 43.72830690454699 ], [ 6.854280119913226, 43.727213683392847 ], [ 6.85276712260565, 43.704744618205403 ], [ 6.821794413787275, 43.70583739446672 ], [ 6.823295286177797, 43.72830690454699 ] ] ] } },
{ "type": "Feature", "properties": { "id": 541, "left": 1010493.4, "top": 6364600.1, "right": 1012993.4, "bottom": 6362100.1, "grid_row": 0, "grid_col": 20, "id_2": null, "name_fr": null, "name_nl": null, "population": null, "centroid_lat": null, "centroid_lon": null }, "geometry": { "type": "Polygon", "coordinates": [ [ [ 6.894039111354596, 44.311507810349475 ], [ 6.925341326163972, 44.310394045562866 ], [ 6.923784611310331, 44.287918502564459 ], [ 6.892494769938834, 44.28903181386854 ], [ 6.894039111354596, 44.311507810349475 ] ] ] } },
{ "type": "Feature", "properties": { "id": 538, "left": 1007993.4, "top": 6304600.1, "right": 1010493.4, "bottom": 6302100.1, "grid_row": 24, "grid_col": 19, "id_2": null, "name_fr": null, "name_nl": null, "population": null, "centroid_lat": null, "centroid_lon": null }, "geometry": { "type": "Polygon", "coordinates": [ [ [ 6.826300567450182, 43.773246846126654 ], [ 6.857309679453298, 43.772152734618963 ], [ 6.855794305063015, 43.749683056632605 ], [ 6.824797336936365, 43.750776722868821 ], [ 6.826300567450182, 43.773246846126654 ] ] ] } },
{ "type": "Feature", "properties": { "id": 539, "left": 1007993.4, "top": 6302100.1, "right": 1010493.4, "bottom": 6299600.1, "grid_row": 25, "grid_col": 19, "id_2": null, "name_fr": null, "name_nl": null, "population": null, "centroid_lat": null, "centroid_lon": null }, "geometry": { "type": "Polygon", "coordinates": [ [ [ 6.824797336936365, 43.750776722868821 ], [ 6.855794305063015, 43.749683056632605 ], [ 6.854280119913226, 43.727213683392847 ], [ 6.823295286177797, 43.72830690454699 ], [ 6.824797336936365, 43.750776722868821 ] ] ] } },
{ "type": "Feature", "properties": { "id": 536, "left": 1007993.4, "top": 6309600.1, "right": 1010493.4, "bottom": 6307100.1, "grid_row": 22, "grid_col": 19, "id_2": null, "name_fr": null, "name_nl": null, "population": null, "centroid_lat": null, "centroid_lon": null }, "geometry": { "type": "Polygon", "coordinates": [ [ [ 6.829310573303245, 43.818187994220871 ], [ 6.860344001559453, 43.817092991601378 ], [ 6.858826244484552, 43.794622714044742 ], [ 6.827804979108622, 43.795717271013473 ], [ 6.829310573303245, 43.818187994220871 ] ] ] } },
{ "type": "Feature", "properties": { "id": 537, "left": 1007993.4, "top": 6307100.1, "right": 1010493.4, "bottom": 6304600.1, "grid_row": 23, "grid_col": 19, "id_2": null, "name_fr": null, "name_nl": null, "population": null, "centroid_lat": null, "centroid_lon": null }, "geometry": { "type": "Polygon", "coordinates": [ [ [ 6.827804979108622, 43.795717271013473 ], [ 6.858826244484552, 43.794622714044742 ], [ 6.857309679453298, 43.772152734618963 ], [ 6.826300567450182, 43.773246846126654 ], [ 6.827804979108622, 43.795717271013473 ] ] ] } },
{ "type": "Feature", "properties": { "id": 518, "left": 1007993.4, "top": 6354600.1, "right": 1010493.4, "bottom": 6352100.1, "grid_row": 4, "grid_col": 19, "id_2": null, "name_fr": null, "name_nl": null, "population": null, "centroid_lat": null, "centroid_lon": null }, "geometry": { "type": "Polygon", "coordinates": [ [ [ 6.856615082035507, 44.222708244628627 ], [ 6.887869080689884, 44.221605187676033 ], [ 6.886329624440189, 44.199130111156641 ], [ 6.85508796172123, 44.20023271901681 ], [ 6.856615082035507, 44.222708244628627 ] ] ] } },
{ "type": "Feature", "properties": { "id": 519, "left": 1007993.4, "top": 6352100.1, "right": 1010493.4, "bottom": 6349600.1, "grid_row": 5, "grid_col": 19, "id_2": null, "name_fr": null, "name_nl": null, "population": null, "centroid_lat": null, "centroid_lon": null }, "geometry": { "type": "Polygon", "coordinates": [ [ [ 6.85508796172123, 44.20023271901681 ], [ 6.886329624440189, 44.199130111156641 ], [ 6.884791385863117, 44.176655272970102 ], [ 6.853562049369025, 44.177757431930409 ], [ 6.85508796172123, 44.20023271901681 ] ] ] } },
{ "type": "Feature", "properties": { "id": 516, "left": 1007993.4, "top": 6359600.1, "right": 1010493.4, "bottom": 6357100.1, "grid_row": 2, "grid_col": 19, "id_2": null, "name_fr": null, "name_nl": null, "population": null, "centroid_lat": null, "centroid_lon": null }, "geometry": { "type": "Polygon", "coordinates": [ [ [ 6.859672952287812, 44.267659998085364 ], [ 6.890951651990506, 44.266556042369693 ], [ 6.889409756057471, 44.244080499192727 ], [ 6.858143411745671, 44.245184005430417 ], [ 6.859672952287812, 44.267659998085364 ] ] ] } },
{ "type": "Feature", "properties": { "id": 517, "left": 1007993.4, "top": 6357100.1, "right": 1010493.4, "bottom": 6354600.1, "grid_row": 3, "grid_col": 19, "id_2": null, "name_fr": null, "name_nl": null, "population": null, "centroid_lat": null, "centroid_lon": null }, "geometry": { "type": "Polygon", "coordinates": [ [ [ 6.858143411745671, 44.245184005430417 ], [ 6.889409756057471, 44.244080499192727 ], [ 6.887869080689884, 44.221605187676033 ], [ 6.856615082035507, 44.222708244628627 ], [ 6.858143411745671, 44.245184005430417 ] ] ] } },
{ "type": "Feature", "properties": { "id": 514, "left": 1007993.4, "top": 6364600.1, "right": 1010493.4, "bottom": 6362100.1, "grid_row": 0, "grid_col": 19, "id_2": null, "name_fr": null, "name_nl": null, "population": null, "centroid_lat": null, "centroid_lon": null }, "geometry": { "type": "Polygon", "coordinates": [ [ [ 6.862735671623729, 44.312612665600341 ], [ 6.894039111354596, 44.311507810349475 ], [ 6.892494769938834, 44.28903181386854 ], [ 6.861203705100285, 44.290136219255224 ], [ 6.862735671623729, 44.312612665600341 ] ] ] } },
{ "type": "Feature", "properties": { "id": 515, "left": 1007993.4, "top": 6362100.1, "right": 1010493.4, "bottom": 6359600.1, "grid_row": 1, "grid_col": 19, "id_2": null, "name_fr": null, "name_nl": null, "population": null, "centroid_lat": null, "centroid_lon": null }, "geometry": { "type": "Polygon", "coordinates": [ [ [ 6.861203705100285, 44.290136219255224 ], [ 6.892494769938834, 44.28903181386854 ], [ 6.890951651990506, 44.266556042369693 ], [ 6.859672952287812, 44.267659998085364 ], [ 6.861203705100285, 44.290136219255224 ] ] ] } },
{ "type": "Feature", "properties": { "id": 512, "left": 1005493.4, "top": 6302100.1, "right": 1007993.4, "bottom": 6299600.1, "grid_row": 25, "grid_col": 18, "id_2": null, "name_fr": null, "name_nl": null, "population": null, "centroid_lat": null, "centroid_lon": null }, "geometry": { "type": "Polygon", "coordinates": [ [ [ 6.793799189054832, 43.751861569043527 ], [ 6.824797336936365, 43.750776722868821 ], [ 6.823295286177797, 43.72830690454699 ], [ 6.792309274074683, 43.729391309220262 ], [ 6.793799189054832, 43.751861569043527 ] ] ] } },
{ "type": "Feature", "properties": { "id": 513, "left": 1005493.4, "top": 6299600.1, "right": 1007993.4, "bottom": 6297100.1, "grid_row": 26, "grid_col": 18, "id_2": null, "name_fr": null, "name_nl": null, "population": null, "centroid_lat": null, "centroid_lon": null }, "geometry": { "type": "Polygon", "coordinates": [ [ [ 6.792309274074683, 43.729391309220262 ], [ 6.823295286177797, 43.72830690454699 ], [ 6.821794413787275, 43.70583739446672 ], [ 6.790820527986243, 43.70692135782631 ], [ 6.792309274074683, 43.729391309220262 ] ] ] } },
{ "type": "Feature", "properties": { "id": 526, "left": 1007993.4, "top": 6334600.1, "right": 1010493.4, "bottom": 6332100.1, "grid_row": 12, "grid_col": 19, "id_2": null, "name_fr": null, "name_nl": null, "population": null, "centroid_lat": null, "centroid_lon": null }, "geometry": { "type": "Polygon", "coordinates": [ [ [ 6.844431862450195, 44.042910905050981 ], [ 6.875587444877665, 44.041811435455273 ], [ 6.874057689732533, 44.019338358876205 ], [ 6.842914365875197, 44.020437380915432 ], [ 6.844431862450195, 44.042910905050981 ] ] ] } },
{ "type": "Feature", "properties": { "id": 527, "left": 1007993.4, "top": 6332100.1, "right": 1010493.4, "bottom": 6329600.1, "grid_row": 13, "grid_col": 19, "id_2": null, "name_fr": null, "name_nl": null, "population": null, "centroid_lat": null, "centroid_lon": null }, "geometry": { "type": "Polygon", "coordinates": [ [ [ 6.842914365875197, 44.020437380915432 ], [ 6.874057689732533, 44.019338358876205 ], [ 6.87252914077964, 43.996865547263695 ], [ 6.841398065872855, 43.997964121937713 ], [ 6.842914365875197, 44.020437380915432 ] ] ] } },
{ "type": "Feature", "properties": { "id": 524, "left": 1007993.4, "top": 6339600.1, "right": 1010493.4, "bottom": 6337100.1, "grid_row": 10, "grid_col": 19, "id_2": null, "name_fr": null, "name_nl": null, "population": null, "centroid_lat": null, "centroid_lon": null }, "geometry": { "type": "Polygon", "coordinates": [ [ [ 6.847470450983711, 44.087858735497818 ], [ 6.878650579455458, 44.08675837021466 ], [ 6.877118407642177, 44.064284773676647 ], [ 6.845950557013678, 44.065384691020284 ], [ 6.847470450983711, 44.087858735497818 ] ] ] } },
{ "type": "Feature", "properties": { "id": 525, "left": 1007993.4, "top": 6337100.1, "right": 1010493.4, "bottom": 6334600.1, "grid_row": 11, "grid_col": 19, "id_2": null, "name_fr": null, "name_nl": null, "population": null, "centroid_lat": null, "centroid_lon": null }, "geometry": { "type": "Polygon", "coordinates": [ [ [ 6.845950557013678, 44.065384691020284 ], [ 6.877118407642177, 44.064284773676647 ], [ 6.875587444877665, 44.041811435455273 ], [ 6.844431862450195, 44.042910905050981 ], [ 6.845950557013678, 44.065384691020284 ] ] ] } },
{ "type": "Feature", "properties": { "id": 522, "left": 1007993.4, "top": 6344600.1, "right": 1010493.4, "bottom": 6342100.1, "grid_row": 8, "grid_col": 19, "id_2": null, "name_fr": null, "name_nl": null, "population": null, "centroid_lat": null, "centroid_lon": null }, "geometry": { "type": "Polygon", "coordinates": [ [ [ 6.850513842826876, 44.132807586668449 ], [ 6.881718555957175, 44.131706324930846 ], [ 6.880183961749156, 44.109232221742239 ], [ 6.848991545780596, 44.11033303515665 ], [ 6.850513842826876, 44.132807586668449 ] ] ] } },
{ "type": "Feature", "properties": { "id": 523, "left": 1007993.4, "top": 6342100.1, "right": 1010493.4, "bottom": 6339600.1, "grid_row": 9, "grid_col": 19, "id_2": null, "name_fr": null, "name_nl": null, "population": null, "centroid_lat": null, "centroid_lon": null }, "geometry": { "type": "Polygon", "coordinates": [ [ [ 6.848991545780596, 44.11033303515665 ], [ 6.880183961749156, 44.109232221742239 ], [ 6.878650579455458, 44.08675837021466 ], [ 6.847470450983711, 44.087858735497818 ], [ 6.848991545780596, 44.11033303515665 ] ] ] } },
{ "type": "Feature", "properties": { "id": 520, "left": 1007993.4, "top": 6349600.1, "right": 1010493.4, "bottom": 6347100.1, "grid_row": 6, "grid_col": 19, "id_2": null, "name_fr": null, "name_nl": null, "population": null, "centroid_lat": null, "centroid_lon": null }, "geometry": { "type": "Polygon", "coordinates": [ [ [ 6.853562049369025, 44.177757431930409 ], [ 6.884791385863117, 44.176655272970102 ], [ 6.883254363515683, 44.154180676450565 ], [ 6.852037343547339, 44.155282386703419 ], [ 6.853562049369025, 44.177757431930409 ] ] ] } },
{ "type": "Feature", "properties": { "id": 521, "left": 1007993.4, "top": 6347100.1, "right": 1010493.4, "bottom": 6344600.1, "grid_row": 7, "grid_col": 19, "id_2": null, "name_fr": null, "name_nl": null, "population": null, "centroid_lat": null, "centroid_lon": null }, "geometry": { "type": "Polygon", "coordinates": [ [ [ 6.852037343547339, 44.155282386703419 ], [ 6.883254363515683, 44.154180676450565 ], [ 6.881718555957175, 44.131706324930846 ], [ 6.850513842826876, 44.132807586668449 ], [ 6.852037343547339, 44.155282386703419 ] ] ] } },
{ "type": "Feature", "properties": { "id": 566, "left": 1010493.4, "top": 6302100.1, "right": 1012993.4, "bottom": 6299600.1, "grid_row": 25, "grid_col": 20, "id_2": null, "name_fr": null, "name_nl": null, "population": null, "centroid_lat": null, "centroid_lon": null }, "geometry": { "type": "Polygon", "coordinates": [ [ [ 6.855794305063015, 43.749683056632605 ], [ 6.886790083949534, 43.748580570859552 ], [ 6.885263765806808, 43.72611164628205 ], [ 6.854280119913226, 43.727213683392847 ], [ 6.855794305063015, 43.749683056632605 ] ] ] } },
{ "type": "Feature", "properties": { "id": 567, "left": 1010493.4, "top": 6299600.1, "right": 1012993.4, "bottom": 6297100.1, "grid_row": 26, "grid_col": 20, "id_2": null, "name_fr": null, "name_nl": null, "population": null, "centroid_lat": null, "centroid_lon": null }, "geometry": { "type": "Polygon", "coordinates": [ [ [ 6.854280119913226, 43.727213683392847 ], [ 6.885263765806808, 43.72611164628205 ], [ 6.88373864497827, 43.703643029566123 ], [ 6.85276712260565, 43.704744618205403 ], [ 6.854280119913226, 43.727213683392847 ] ] ] } },
{ "type": "Feature", "properties": { "id": 564, "left": 1010493.4, "top": 6307100.1, "right": 1012993.4, "bottom": 6304600.1, "grid_row": 23, "grid_col": 20, "id_2": null, "name_fr": null, "name_nl": null, "population": null, "centroid_lat": null, "centroid_lon": null }, "geometry": { "type": "Polygon", "coordinates": [ [ [ 6.858826244484552, 43.794622714044742 ], [ 6.889846317817203, 43.793519330374231 ], [ 6.888317600815808, 43.771049799992703 ], [ 6.857309679453298, 43.772152734618963 ], [ 6.858826244484552, 43.794622714044742 ] ] ] } },
{ "type": "Feature", "properties": { "id": 565, "left": 1010493.4, "top": 6304600.1, "right": 1012993.4, "bottom": 6302100.1, "grid_row": 24, "grid_col": 20, "id_2": null, "name_fr": null, "name_nl": null, "population": null, "centroid_lat": null, "centroid_lon": null }, "geometry": { "type": "Polygon", "coordinates": [ [ [ 6.857309679453298, 43.772152734618963 ], [ 6.888317600815808, 43.771049799992703 ], [ 6.886790083949534, 43.748580570859552 ], [ 6.855794305063015, 43.749683056632605 ], [ 6.857309679453298, 43.772152734618963 ] ] ] } },
{ "type": "Feature", "properties": { "id": 562, "left": 1010493.4, "top": 6312100.1, "right": 1012993.4, "bottom": 6309600.1, "grid_row": 21, "grid_col": 20, "id_2": null, "name_fr": null, "name_nl": null, "population": null, "centroid_lat": null, "centroid_lon": null }, "geometry": { "type": "Polygon", "coordinates": [ [ [ 6.861862952082874, 43.839563563978849 ], [ 6.892907357882716, 43.83845928164596 ], [ 6.891376236367504, 43.815989158695373 ], [ 6.860344001559453, 43.817092991601378 ], [ 6.861862952082874, 43.839563563978849 ] ] ] } },
{ "type": "Feature", "properties": { "id": 563, "left": 1010493.4, "top": 6309600.1, "right": 1012993.4, "bottom": 6307100.1, "grid_row": 22, "grid_col": 20, "id_2": null, "name_fr": null, "name_nl": null, "population": null, "centroid_lat": null, "centroid_lon": null }, "geometry": { "type": "Polygon", "coordinates": [ [ [ 6.860344001559453, 43.817092991601378 ], [ 6.891376236367504, 43.815989158695373 ], [ 6.889846317817203, 43.793519330374231 ], [ 6.858826244484552, 43.794622714044742 ], [ 6.860344001559453, 43.817092991601378 ] ] ] } },
{ "type": "Feature", "properties": { "id": 561, "left": 1010493.4, "top": 6314600.1, "right": 1012993.4, "bottom": 6312100.1, "grid_row": 20, "grid_col": 20, "id_2": null, "name_fr": null, "name_nl": null, "population": null, "centroid_lat": null, "centroid_lon": null }, "geometry": { "type": "Polygon", "coordinates": [ [ [ 6.863383097461904, 43.862034427865709 ], [ 6.894439683781073, 43.860929695914386 ], [ 6.892907357882716, 43.83845928164596 ], [ 6.861862952082874, 43.839563563978849 ], [ 6.863383097461904, 43.862034427865709 ] ] ] } },
{ "type": "Feature", "properties": { "id": 574, "left": 1012993.4, "top": 6349600.1, "right": 1015493.4, "bottom": 6347100.1, "grid_row": 6, "grid_col": 21, "id_2": null, "name_fr": null, "name_nl": null, "population": null, "centroid_lat": null, "centroid_lon": null }, "geometry": { "type": "Polygon", "coordinates": [ [ [ 6.916019506127953, 44.175544226160845 ], [ 6.947246400466693, 44.174424292039852 ], [ 6.945684749401301, 44.151950603762117 ], [ 6.914470168695479, 44.153070081957907 ], [ 6.916019506127953, 44.175544226160845 ] ] ] } },
{ "type": "Feature", "properties": { "id": 575, "left": 1012993.4, "top": 6347100.1, "right": 1015493.4, "bottom": 6344600.1, "grid_row": 7, "grid_col": 21, "id_2": null, "name_fr": null, "name_nl": null, "population": null, "centroid_lat": null, "centroid_lon": null }, "geometry": { "type": "Polygon", "coordinates": [ [ [ 6.914470168695479, 44.153070081957907 ], [ 6.945684749401301, 44.151950603762117 ], [ 6.944124332493405, 44.129477160095121 ], [ 6.912922055737363, 44.130596182560978 ], [ 6.914470168695479, 44.153070081957907 ] ] ] } },
{ "type": "Feature", "properties": { "id": 572, "left": 1012993.4, "top": 6354600.1, "right": 1015493.4, "bottom": 6352100.1, "grid_row": 4, "grid_col": 21, "id_2": null, "name_fr": null, "name_nl": null, "population": null, "centroid_lat": null, "centroid_lon": null }, "geometry": { "type": "Polygon", "coordinates": [ [ [ 6.919121860226751, 44.220493235651745 ], [ 6.950373410926392, 44.219372389093792 ], [ 6.948809287153111, 44.196898221595248 ], [ 6.917570069486906, 44.198018611836908 ], [ 6.919121860226751, 44.220493235651745 ] ] ] } },
{ "type": "Feature", "properties": { "id": 573, "left": 1012993.4, "top": 6352100.1, "right": 1015493.4, "bottom": 6349600.1, "grid_row": 5, "grid_col": 21, "id_2": null, "name_fr": null, "name_nl": null, "population": null, "centroid_lat": null, "centroid_lon": null }, "geometry": { "type": "Polygon", "coordinates": [ [ [ 6.917570069486906, 44.198018611836908 ], [ 6.948809287153111, 44.196898221595248 ], [ 6.947246400466693, 44.174424292039852 ], [ 6.916019506127953, 44.175544226160845 ], [ 6.917570069486906, 44.198018611836908 ] ] ] } },
{ "type": "Feature", "properties": { "id": 570, "left": 1012993.4, "top": 6359600.1, "right": 1015493.4, "bottom": 6357100.1, "grid_row": 2, "grid_col": 21, "id_2": null, "name_fr": null, "name_nl": null, "population": null, "centroid_lat": null, "centroid_lon": null }, "geometry": { "type": "Polygon", "coordinates": [ [ [ 6.922229129678289, 44.26544318435338 ], [ 6.953505375608501, 44.264321424575371 ], [ 6.951938773254696, 44.241846791199613 ], [ 6.920674879804205, 44.242968094269628 ], [ 6.922229129678289, 44.26544318435338 ] ] ] } },
{ "type": "Feature", "properties": { "id": 571, "left": 1012993.4, "top": 6357100.1, "right": 1015493.4, "bottom": 6354600.1, "grid_row": 3, "grid_col": 21, "id_2": null, "name_fr": null, "name_nl": null, "population": null, "centroid_lat": null, "centroid_lon": null }, "geometry": { "type": "Polygon", "coordinates": [ [ [ 6.920674879804205, 44.242968094269628 ], [ 6.951938773254696, 44.241846791199613 ], [ 6.950373410926392, 44.219372389093792 ], [ 6.919121860226751, 44.220493235651745 ], [ 6.920674879804205, 44.242968094269628 ] ] ] } },
{ "type": "Feature", "properties": { "id": 568, "left": 1012993.4, "top": 6364600.1, "right": 1015493.4, "bottom": 6362100.1, "grid_row": 0, "grid_col": 21, "id_2": null, "name_fr": null, "name_nl": null, "population": null, "centroid_lat": null, "centroid_lon": null }, "geometry": { "type": "Polygon", "coordinates": [ [ [ 6.925341326163972, 44.310394045562866 ], [ 6.956642306286176, 44.309271371780419 ], [ 6.955073219460616, 44.28679628588236 ], [ 6.923784611310331, 44.287918502564459 ], [ 6.925341326163972, 44.310394045562866 ] ] ] } },
{ "type": "Feature", "properties": { "id": 569, "left": 1012993.4, "top": 6362100.1, "right": 1015493.4, "bottom": 6359600.1, "grid_row": 1, "grid_col": 21, "id_2": null, "name_fr": null, "name_nl": null, "population": null, "centroid_lat": null, "centroid_lon": null }, "geometry": { "type": "Polygon", "coordinates": [ [ [ 6.923784611310331, 44.287918502564459 ], [ 6.955073219460616, 44.28679628588236 ], [ 6.953505375608501, 44.264321424575371 ], [ 6.922229129678289, 44.26544318435338 ], [ 6.923784611310331, 44.287918502564459 ] ] ] } },
{ "type": "Feature", "properties": { "id": 550, "left": 1010493.4, "top": 6342100.1, "right": 1012993.4, "bottom": 6339600.1, "grid_row": 9, "grid_col": 20, "id_2": null, "name_fr": null, "name_nl": null, "population": null, "centroid_lat": null, "centroid_lon": null }, "geometry": { "type": "Polygon", "coordinates": [ [ [ 6.880183961749156, 44.109232221742239 ], [ 6.911375165803774, 44.108122531301582 ], [ 6.909829497447167, 44.085649131509776 ], [ 6.878650579455458, 44.08675837021466 ], [ 6.880183961749156, 44.109232221742239 ] ] ] } },
{ "type": "Feature", "properties": { "id": 551, "left": 1010493.4, "top": 6339600.1, "right": 1012993.4, "bottom": 6337100.1, "grid_row": 10, "grid_col": 20, "id_2": null, "name_fr": null, "name_nl": null, "population": null, "centroid_lat": null, "centroid_lon": null }, "geometry": { "type": "Polygon", "coordinates": [ [ [ 6.878650579455458, 44.08675837021466 ], [ 6.909829497447167, 44.085649131509776 ], [ 6.908285049222282, 44.06317598651426 ], [ 6.877118407642177, 44.064284773676647 ], [ 6.878650579455458, 44.08675837021466 ] ] ] } },
{ "type": "Feature", "properties": { "id": 548, "left": 1010493.4, "top": 6347100.1, "right": 1012993.4, "bottom": 6344600.1, "grid_row": 7, "grid_col": 20, "id_2": null, "name_fr": null, "name_nl": null, "population": null, "centroid_lat": null, "centroid_lon": null }, "geometry": { "type": "Polygon", "coordinates": [ [ [ 6.883254363515683, 44.154180676450565 ], [ 6.914470168695479, 44.153070081957907 ], [ 6.912922055737363, 44.130596182560978 ], [ 6.881718555957175, 44.131706324930846 ], [ 6.883254363515683, 44.154180676450565 ] ] ] } },
{ "type": "Feature", "properties": { "id": 549, "left": 1010493.4, "top": 6344600.1, "right": 1012993.4, "bottom": 6342100.1, "grid_row": 8, "grid_col": 20, "id_2": null, "name_fr": null, "name_nl": null, "population": null, "centroid_lat": null, "centroid_lon": null }, "geometry": { "type": "Polygon", "coordinates": [ [ [ 6.881718555957175, 44.131706324930846 ], [ 6.912922055737363, 44.130596182560978 ], [ 6.911375165803774, 44.108122531301582 ], [ 6.880183961749156, 44.109232221742239 ], [ 6.881718555957175, 44.131706324930846 ] ] ] } },
{ "type": "Feature", "properties": { "id": 546, "left": 1010493.4, "top": 6352100.1, "right": 1012993.4, "bottom": 6349600.1, "grid_row": 5, "grid_col": 20, "id_2": null, "name_fr": null, "name_nl": null, "population": null, "centroid_lat": null, "centroid_lon": null }, "geometry": { "type": "Polygon", "coordinates": [ [ [ 6.886329624440189, 44.199130111156641 ], [ 6.917570069486906, 44.198018611836908 ], [ 6.916019506127953, 44.175544226160845 ], [ 6.884791385863117, 44.176655272970102 ], [ 6.886329624440189, 44.199130111156641 ] ] ] } },
{ "type": "Feature", "properties": { "id": 547, "left": 1010493.4, "top": 6349600.1, "right": 1012993.4, "bottom": 6347100.1, "grid_row": 6, "grid_col": 20, "id_2": null, "name_fr": null, "name_nl": null, "population": null, "centroid_lat": null, "centroid_lon": null }, "geometry": { "type": "Polygon", "coordinates": [ [ [ 6.884791385863117, 44.176655272970102 ], [ 6.916019506127953, 44.175544226160845 ], [ 6.914470168695479, 44.153070081957907 ], [ 6.883254363515683, 44.154180676450565 ], [ 6.884791385863117, 44.176655272970102 ] ] ] } },
{ "type": "Feature", "properties": { "id": 544, "left": 1010493.4, "top": 6357100.1, "right": 1012993.4, "bottom": 6354600.1, "grid_row": 3, "grid_col": 20, "id_2": null, "name_fr": null, "name_nl": null, "population": null, "centroid_lat": null, "centroid_lon": null }, "geometry": { "type": "Polygon", "coordinates": [ [ [ 6.889409756057471, 44.244080499192727 ], [ 6.920674879804205, 44.242968094269628 ], [ 6.919121860226751, 44.220493235651745 ], [ 6.887869080689884, 44.221605187676033 ], [ 6.889409756057471, 44.244080499192727 ] ] ] } },
{ "type": "Feature", "properties": { "id": 545, "left": 1010493.4, "top": 6354600.1, "right": 1012993.4, "bottom": 6352100.1, "grid_row": 4, "grid_col": 20, "id_2": null, "name_fr": null, "name_nl": null, "population": null, "centroid_lat": null, "centroid_lon": null }, "geometry": { "type": "Polygon", "coordinates": [ [ [ 6.887869080689884, 44.221605187676033 ], [ 6.919121860226751, 44.220493235651745 ], [ 6.917570069486906, 44.198018611836908 ], [ 6.886329624440189, 44.199130111156641 ], [ 6.887869080689884, 44.221605187676033 ] ] ] } },
{ "type": "Feature", "properties": { "id": 554, "left": 1010493.4, "top": 6332100.1, "right": 1012993.4, "bottom": 6329600.1, "grid_row": 13, "grid_col": 20, "id_2": null, "name_fr": null, "name_nl": null, "population": null, "centroid_lat": null, "centroid_lon": null }, "geometry": { "type": "Polygon", "coordinates": [ [ [ 6.874057689732533, 44.019338358876205 ], [ 6.905199807398003, 44.0182304742196 ], [ 6.903659010919454, 43.995758113570709 ], [ 6.87252914077964, 43.996865547263695 ], [ 6.874057689732533, 44.019338358876205 ] ] ] } },
{ "type": "Feature", "properties": { "id": 552, "left": 1010493.4, "top": 6337100.1, "right": 1012993.4, "bottom": 6334600.1, "grid_row": 11, "grid_col": 20, "id_2": null, "name_fr": null, "name_nl": null, "population": null, "centroid_lat": null, "centroid_lon": null }, "geometry": { "type": "Polygon", "coordinates": [ [ [ 6.877118407642177, 44.064284773676647 ], [ 6.908285049222282, 44.06317598651426 ], [ 6.906741819686132, 44.040703099642244 ], [ 6.875587444877665, 44.041811435455273 ], [ 6.877118407642177, 44.064284773676647 ] ] ] } },
{ "type": "Feature", "properties": { "id": 553, "left": 1010493.4, "top": 6334600.1, "right": 1012993.4, "bottom": 6332100.1, "grid_row": 12, "grid_col": 20, "id_2": null, "name_fr": null, "name_nl": null, "population": null, "centroid_lat": null, "centroid_lon": null }, "geometry": { "type": "Polygon", "coordinates": [ [ [ 6.875587444877665, 44.041811435455273 ], [ 6.906741819686132, 44.040703099642244 ], [ 6.905199807398003, 44.0182304742196 ], [ 6.874057689732533, 44.019338358876205 ], [ 6.875587444877665, 44.041811435455273 ] ] ] } }
]
}
